{"type":"FeatureCollection","features":[{"type":"Feature","geometry":{"type":"Polygon","coordinates":[[[-12.55314,13.18228],[-12.55408,13.18251],[-12.55491,13.18287],[-12.55656,13.18403],[-12.55728,13.1847],[-12.55819,13.18573],[-12.55847,13.186],[-12.55966,13.18685],[-12.56147,13.18773],[-12.56192,13.18798],[-12.56232,13.18823],[-12.56327,13.18894],[-12.56415,13.18963],[-12.56588,13.19128],[-12.5665,13.19205],[-12.56733,13.19335],[-12.5681,13.19508],[-12.56832,13.19606],[-12.56838,13.19711],[-12.56871,13.19832],[-12.56935,13.19919],[-12.5702,13.19987],[-12.57146,13.20053],[-12.57267,13.20081],[-12.57412,13.20082],[-12.57634,13.20054],[-12.57716,13.20018],[-12.57779,13.19965],[-12.57852,13.1988],[-12.57867,13.1986],[-12.57957,13.19703],[-12.58034,13.19655],[-12.58093,13.19641],[-12.58179,13.19645],[-12.58313,13.19709],[-12.58373,13.1979],[-12.58442,13.2006],[-12.58448,13.20111],[-12.58451,13.20203],[-12.58454,13.20239],[-12.58458,13.2027],[-12.58524,13.2044],[-12.58591,13.20538],[-12.58731,13.20651],[-12.58824,13.20693],[-12.58952,13.20719],[-12.59174,13.2073],[-12.59262,13.20701],[-12.59339,13.20655],[-12.59441,13.20626],[-12.59482,13.20538],[-12.5945,13.2041],[-12.59447,13.20359],[-12.59442,13.20335],[-12.59433,13.20304],[-12.59399,13.20237],[-12.59396,13.20153],[-12.59452,13.20067],[-12.59464,13.19996],[-12.59428,13.1985],[-12.59417,13.19763],[-12.59421,13.19676],[-12.59476,13.1949],[-12.59517,13.19447],[-12.59653,13.19374],[-12.59686,13.1933],[-12.59732,13.19317],[-12.59889,13.19344],[-12.60005,13.19336],[-12.60192,13.19296],[-12.60302,13.19304],[-12.60371,13.19334],[-12.60453,13.19394],[-12.60497,13.19394],[-12.60568,13.19342],[-12.60618,13.19327],[-12.60684,13.19333],[-12.60732,13.19302],[-12.60717,13.19233],[-12.6055,13.19248],[-12.60411,13.19223],[-12.60368,13.19181],[-12.6037,13.19127],[-12.60345,13.19048],[-12.60352,13.19022],[-12.60371,13.18977],[-12.60387,13.18951],[-12.60418,13.18929],[-12.60552,13.18898],[-12.60655,13.18904],[-12.60863,13.18939],[-12.60956,13.19],[-12.61039,13.19032],[-12.6125,13.19043],[-12.61487,13.19032],[-12.61674,13.19034],[-12.61845,13.19066],[-12.61961,13.1916],[-12.6201,13.19205],[-12.62049,13.19236],[-12.62076,13.19253],[-12.62176,13.1929],[-12.62288,13.19279],[-12.62311,13.19269],[-12.62337,13.19256],[-12.62393,13.19222],[-12.62458,13.19198],[-12.62556,13.19198],[-12.62682,13.19266],[-12.62784,13.19294],[-12.62968,13.19376],[-12.63034,13.19403],[-12.63128,13.19428],[-12.6319,13.19425],[-12.63241,13.194],[-12.63291,13.19335],[-12.63299,13.19315],[-12.63309,13.19273],[-12.63319,13.19166],[-12.63319,13.18987],[-12.63333,13.18891],[-12.63372,13.18781],[-12.63455,13.18598],[-12.63543,13.18437],[-12.63571,13.18362],[-12.63592,13.18255],[-12.6364,13.18151],[-12.63698,13.18108],[-12.63793,13.18078],[-12.63894,13.18064],[-12.6406,13.18056],[-12.64197,13.18041],[-12.64314,13.18012],[-12.64409,13.17976],[-12.64477,13.17947],[-12.64588,13.17889],[-12.64718,13.1778],[-12.64753,13.17715],[-12.6479,13.17601],[-12.64855,13.17509],[-12.64928,13.17497],[-12.64955,13.17502],[-12.64979,13.17509],[-12.65002,13.1752],[-12.65131,13.17633],[-12.65202,13.1772],[-12.65288,13.17856],[-12.65371,13.17965],[-12.65418,13.18004],[-12.65569,13.1799],[-12.65606,13.1796],[-12.6562,13.17849],[-12.65644,13.17774],[-12.65673,13.17614],[-12.65728,13.1752],[-12.65763,13.17478],[-12.65795,13.17445],[-12.65858,13.17404],[-12.65934,13.17377],[-12.66067,13.17386],[-12.6616,13.17374],[-12.6623,13.17332],[-12.66332,13.17241],[-12.66408,13.17153],[-12.66472,13.17102],[-12.66589,13.17074],[-12.66658,13.1709],[-12.66877,13.17194],[-12.67088,13.17306],[-12.67327,13.17405],[-12.67403,13.17441],[-12.67511,13.17417],[-12.67535,13.17369],[-12.67512,13.17287],[-12.67488,13.17255],[-12.67472,13.17239],[-12.67451,13.17227],[-12.67366,13.17171],[-12.67353,13.17066],[-12.67315,13.17009],[-12.67241,13.16961],[-12.67263,13.1686],[-12.67313,13.1679],[-12.67335,13.16728],[-12.67339,13.1666],[-12.6735,13.1661],[-12.67361,13.16577],[-12.6743,13.16489],[-12.67432,13.16422],[-12.6734,13.16365],[-12.67313,13.16333],[-12.67317,13.16276],[-12.67366,13.16219],[-12.67408,13.1614],[-12.6739,13.16107],[-12.67318,13.16086],[-12.67266,13.16097],[-12.67225,13.16131],[-12.67213,13.16138],[-12.67198,13.16141],[-12.6716,13.16127],[-12.67129,13.16076],[-12.67122,13.16018],[-12.67144,13.15961],[-12.6716,13.15942],[-12.67183,13.15925],[-12.67236,13.1589],[-12.67324,13.15854],[-12.67348,13.15819],[-12.6736,13.15726],[-12.67351,13.15669],[-12.67309,13.15625],[-12.67163,13.15603],[-12.67098,13.15535],[-12.67117,13.15408],[-12.67157,13.15377],[-12.67292,13.1545],[-12.67326,13.15442],[-12.67356,13.15375],[-12.67213,13.15304],[-12.67157,13.15223],[-12.67177,13.15112],[-12.67291,13.14981],[-12.67419,13.14879],[-12.67505,13.14821],[-12.6752,13.14769],[-12.67501,13.14653],[-12.67481,13.1461],[-12.67416,13.14579],[-12.67312,13.14581],[-12.67248,13.14555],[-12.67135,13.14467],[-12.67076,13.14386],[-12.67003,13.14339],[-12.66862,13.14334],[-12.6684,13.14287],[-12.66822,13.14276],[-12.66779,13.14257],[-12.66732,13.14197],[-12.66734,13.14131],[-12.66758,13.14099],[-12.66768,13.14095],[-12.66778,13.14093],[-12.66788,13.14094],[-12.66854,13.14156],[-12.66987,13.14234],[-12.67053,13.14201],[-12.67054,13.13902],[-12.67043,13.13838],[-12.67,13.13787],[-12.66948,13.13769],[-12.66874,13.13773],[-12.66779,13.13806],[-12.66738,13.13832],[-12.66726,13.13838],[-12.66717,13.13839],[-12.66709,13.13839],[-12.66673,13.13797],[-12.6667,13.13656],[-12.66699,13.13583],[-12.66727,13.13558],[-12.66745,13.1355],[-12.66763,13.13548],[-12.66822,13.13556],[-12.66925,13.13652],[-12.6702,13.13721],[-12.67141,13.13759],[-12.67234,13.138],[-12.67294,13.13799],[-12.67404,13.13744],[-12.67436,13.13698],[-12.67441,13.13579],[-12.67397,13.13425],[-12.6735,13.13379],[-12.67288,13.13353],[-12.67238,13.13284],[-12.67239,13.13247],[-12.67279,13.1319],[-12.67336,13.13173],[-12.67354,13.13113],[-12.67312,13.13024],[-12.67323,13.12994],[-12.67397,13.12918],[-12.67377,13.12847],[-12.67297,13.12819],[-12.67244,13.1281],[-12.67227,13.12803],[-12.67215,13.12791],[-12.67232,13.12728],[-12.67264,13.12726],[-12.67299,13.12721],[-12.6735,13.12719],[-12.67444,13.12705],[-12.67479,13.12675],[-12.67516,13.12524],[-12.67564,13.12444],[-12.67608,13.12421],[-12.6768,13.12429],[-12.67912,13.12503],[-12.67984,13.12542],[-12.68086,13.12517],[-12.68103,13.12402],[-12.68183,13.12296],[-12.68243,13.12197],[-12.68294,13.12143],[-12.68452,13.12066],[-12.68505,13.12026],[-12.68563,13.11946],[-12.6861,13.11907],[-12.6871,13.11853],[-12.6875,13.11772],[-12.68748,13.11682],[-12.68649,13.11447],[-12.68597,13.11296],[-12.68593,13.11156],[-12.68653,13.10983],[-12.68566,13.10839],[-12.68498,13.10799],[-12.68529,13.10718],[-12.68583,13.1063],[-12.6865,13.10554],[-12.68698,13.10527],[-12.68722,13.10518],[-12.68746,13.1051],[-12.68819,13.10499],[-12.69159,13.10493],[-12.69278,13.10445],[-12.69371,13.10431],[-12.69459,13.10439],[-12.69551,13.10421],[-12.69639,13.10376],[-12.69741,13.10282],[-12.69783,13.10212],[-12.69857,13.09951],[-12.69868,13.09841],[-12.69853,13.0966],[-12.69856,13.09552],[-12.69864,13.09521],[-12.6987,13.095],[-12.69904,13.09439],[-12.70014,13.09333],[-12.70081,13.09295],[-12.70144,13.09269],[-12.70231,13.09241],[-12.70408,13.09224],[-12.7057,13.09233],[-12.71074,13.09238],[-12.7132,13.09244],[-12.71546,13.09207],[-12.71662,13.09206],[-12.71763,13.09153],[-12.71825,13.09076],[-12.71948,13.08854],[-12.71988,13.0868],[-12.71991,13.08553],[-12.71957,13.08439],[-12.71912,13.08379],[-12.71801,13.08321],[-12.71687,13.08285],[-12.71588,13.0823],[-12.71556,13.08189],[-12.71527,13.08104],[-12.7152,13.0806],[-12.71525,13.07968],[-12.71554,13.07837],[-12.71594,13.07745],[-12.71652,13.0766],[-12.71725,13.07586],[-12.71911,13.07446],[-12.72044,13.0738],[-12.72334,13.07294],[-12.72428,13.0725],[-12.72569,13.07135],[-12.7266,13.07073],[-12.73038,13.07],[-12.73115,13.07001],[-12.73134,13.07055],[-12.7318,13.07097],[-12.73293,13.07097],[-12.73312,13.07139],[-12.73326,13.07213],[-12.73339,13.0737],[-12.73363,13.0745],[-12.7343,13.07503],[-12.73878,13.07602],[-12.73945,13.07626],[-12.73993,13.07609],[-12.74049,13.07542],[-12.741,13.07572],[-12.74156,13.07636],[-12.74195,13.07719],[-12.74218,13.07889],[-12.74299,13.07949],[-12.74395,13.07984],[-12.74475,13.07997],[-12.74594,13.07976],[-12.74713,13.07925],[-12.74793,13.07877],[-12.74897,13.07769],[-12.74956,13.07675],[-12.7498,13.07605],[-12.74986,13.07526],[-12.74975,13.0739],[-12.74975,13.07341],[-12.74981,13.07291],[-12.75004,13.07222],[-12.75071,13.07099],[-12.75153,13.07042],[-12.75199,13.07038],[-12.75258,13.07064],[-12.75422,13.07218],[-12.7561,13.07404],[-12.75637,13.07425],[-12.75687,13.07458],[-12.75775,13.07501],[-12.7585,13.07514],[-12.75921,13.07508],[-12.76004,13.07467],[-12.76062,13.07377],[-12.76155,13.07144],[-12.76173,13.07066],[-12.76183,13.06989],[-12.76192,13.06549],[-12.76185,13.06416],[-12.7615,13.06201],[-12.76098,13.06028],[-12.76012,13.05844],[-12.75818,13.05536],[-12.75778,13.0544],[-12.75796,13.05381],[-12.7587,13.05304],[-12.75958,13.05263],[-12.76063,13.05259],[-12.76137,13.05292],[-12.76218,13.05396],[-12.76265,13.05567],[-12.76356,13.05627],[-12.76503,13.05638],[-12.76585,13.05632],[-12.76706,13.05603],[-12.76756,13.05593],[-12.77084,13.05565],[-12.77229,13.0553],[-12.77386,13.05442],[-12.77424,13.054],[-12.77451,13.05328],[-12.77441,13.05221],[-12.77443,13.0511],[-12.7746,13.04863],[-12.77482,13.04747],[-12.77529,13.04607],[-12.7761,13.04306],[-12.77604,13.04119],[-12.77615,13.04043],[-12.77589,13.03938],[-12.77477,13.03746],[-12.77443,13.03678],[-12.77434,13.03644],[-12.77464,13.03569],[-12.77551,13.03562],[-12.7756,13.03556],[-12.77572,13.03547],[-12.77615,13.03505],[-12.77641,13.03509],[-12.77661,13.0355],[-12.77714,13.03601],[-12.77798,13.03642],[-12.77909,13.03665],[-12.78024,13.03664],[-12.78335,13.0359],[-12.78446,13.03576],[-12.78756,13.03593],[-12.78943,13.03555],[-12.79259,13.03521],[-12.79325,13.03528],[-12.79372,13.03568],[-12.7945,13.03667],[-12.79517,13.03698],[-12.79647,13.03724],[-12.79725,13.03719],[-12.79776,13.03671],[-12.79793,13.03612],[-12.79787,13.03469],[-12.79735,13.03378],[-12.79665,13.03289],[-12.79621,13.03218],[-12.79486,13.03075],[-12.79467,13.03034],[-12.7949,13.02938],[-12.7948,13.02844],[-12.79534,13.02818],[-12.79595,13.02873],[-12.79682,13.02989],[-12.79728,13.03026],[-12.79871,13.03017],[-12.79967,13.03037],[-12.80069,13.03075],[-12.80207,13.03106],[-12.80328,13.03102],[-12.80472,13.03115],[-12.80641,13.03144],[-12.80718,13.03156],[-12.80832,13.03162],[-12.80958,13.03146],[-12.81065,13.03117],[-12.81131,13.03081],[-12.81193,13.03002],[-12.81223,13.02889],[-12.81223,13.02756],[-12.81205,13.02679],[-12.81167,13.026],[-12.8114,13.02564],[-12.81115,13.02535],[-12.81022,13.0243],[-12.8095,13.02337],[-12.80842,13.02212],[-12.80678,13.02038],[-12.80556,13.01892],[-12.80464,13.01795],[-12.80433,13.01731],[-12.80421,13.01646],[-12.80431,13.01593],[-12.80474,13.01541],[-12.8054,13.01529],[-12.8061,13.01542],[-12.80878,13.01621],[-12.8102,13.01688],[-12.81146,13.01774],[-12.81179,13.01805],[-12.81233,13.01867],[-12.81289,13.01903],[-12.81464,13.01916],[-12.8157,13.01745],[-12.81618,13.0172],[-12.81726,13.01753],[-12.81779,13.01743],[-12.81804,13.01675],[-12.81872,13.01423],[-12.81874,13.01324],[-12.8189,13.01262],[-12.8195,13.01142],[-12.81969,13.01052],[-12.81968,13.00953],[-12.81954,13.00921],[-12.81832,13.00888],[-12.81596,13.00714],[-12.81536,13.0063],[-12.81452,13.00584],[-12.81401,13.00533],[-12.81314,13.00331],[-12.81298,13.00322],[-12.81241,13.00294],[-12.8122,13.00286],[-12.81167,13.00282],[-12.81053,13.00304],[-12.81005,13.00271],[-12.80967,13.00186],[-12.80948,13.00056],[-12.80943,12.99922],[-12.80981,12.99865],[-12.81152,12.99769],[-12.81208,12.99747],[-12.81255,12.99705],[-12.81263,12.99691],[-12.8127,12.99673],[-12.81273,12.99603],[-12.81433,12.99636],[-12.81545,12.99636],[-12.81632,12.9969],[-12.81716,12.99709],[-12.81769,12.99738],[-12.8187,12.99823],[-12.81974,12.99893],[-12.821,12.99893],[-12.82213,12.99847],[-12.82314,12.99831],[-12.82501,12.9982],[-12.8261,12.99805],[-12.82752,12.99829],[-12.82873,12.99914],[-12.82963,13.00045],[-12.8302,13.00394],[-12.83056,13.00549],[-12.83105,13.00702],[-12.83269,13.01129],[-12.83352,13.01255],[-12.83484,13.01382],[-12.83566,13.01491],[-12.83612,13.01586],[-12.83632,13.01617],[-12.83647,13.01636],[-12.83777,13.01752],[-12.83818,13.01773],[-12.83933,13.01784],[-12.83975,13.01768],[-12.83998,13.01751],[-12.84064,13.01686],[-12.84163,13.01638],[-12.84315,13.01642],[-12.84397,13.01633],[-12.84511,13.01565],[-12.84615,13.01463],[-12.84736,13.01291],[-12.84796,13.01227],[-12.85019,13.01059],[-12.85093,13.0101],[-12.85194,13.00987],[-12.85242,13.01008],[-12.85337,13.01109],[-12.85438,13.01199],[-12.8547,13.01254],[-12.85404,13.01379],[-12.85392,13.01447],[-12.85418,13.01511],[-12.85461,13.01546],[-12.85538,13.01568],[-12.85793,13.01586],[-12.85995,13.01609],[-12.86371,13.01626],[-12.86431,13.01646],[-12.86497,13.0172],[-12.86514,13.01806],[-12.865,13.01863],[-12.86459,13.01919],[-12.86394,13.01973],[-12.86268,13.0198],[-12.86133,13.02302],[-12.86286,13.02445],[-12.86415,13.02554],[-12.86499,13.02581],[-12.86594,13.02596],[-12.86708,13.02695],[-12.86731,13.02761],[-12.86695,13.02812],[-12.86749,13.02846],[-12.86842,13.02867],[-12.86931,13.0286],[-12.87034,13.02829],[-12.87093,13.02794],[-12.87227,13.0268],[-12.8731,13.02577],[-12.87325,13.02551],[-12.87349,13.02499],[-12.874,13.02447],[-12.87443,13.02431],[-12.87528,13.02435],[-12.8759,13.02464],[-12.87684,13.02534],[-12.8772,13.02579],[-12.87794,13.0273],[-12.87823,13.02946],[-12.87816,13.03155],[-12.87807,13.03301],[-12.87811,13.03436],[-12.87828,13.03601],[-12.87847,13.03697],[-12.87873,13.03757],[-12.87963,13.0388],[-12.88074,13.03954],[-12.88131,13.0397],[-12.88316,13.0399],[-12.88441,13.0405],[-12.8867,13.04197],[-12.89072,13.04513],[-12.89158,13.04601],[-12.89205,13.04632],[-12.89289,13.04658],[-12.89426,13.04668],[-12.89489,13.04669],[-12.896,13.0471],[-12.89658,13.04772],[-12.89721,13.04871],[-12.89751,13.0494],[-12.89774,13.05129],[-12.89784,13.05165],[-12.89797,13.05193],[-12.8982,13.05227],[-12.89942,13.0533],[-12.90006,13.0535],[-12.90122,13.05332],[-12.90171,13.0529],[-12.90264,13.05151],[-12.90413,13.04957],[-12.90438,13.04913],[-12.90471,13.0485],[-12.90559,13.04603],[-12.90621,13.04552],[-12.90776,13.04498],[-12.90939,13.04351],[-12.91044,13.04278],[-12.91107,13.04276],[-12.91149,13.04298],[-12.91177,13.04323],[-12.91192,13.04344],[-12.91204,13.04364],[-12.91233,13.04422],[-12.91281,13.04488],[-12.9138,13.04602],[-12.91402,13.04686],[-12.91361,13.04813],[-12.91353,13.04983],[-12.91399,13.05111],[-12.91506,13.0525],[-12.91546,13.05324],[-12.91578,13.05428],[-12.91573,13.05555],[-12.91548,13.05604],[-12.91477,13.05629],[-12.91428,13.05681],[-12.91395,13.05782],[-12.91408,13.059],[-12.91507,13.05959],[-12.91607,13.05971],[-12.91656,13.05954],[-12.91785,13.05859],[-12.91856,13.05833],[-12.91945,13.0585],[-12.91987,13.05888],[-12.92025,13.0596],[-12.92071,13.06118],[-12.92107,13.06198],[-12.92211,13.06305],[-12.92244,13.06373],[-12.92264,13.06482],[-12.92335,13.06545],[-12.9239,13.06547],[-12.92507,13.06511],[-12.92599,13.06507],[-12.92737,13.06551],[-12.92824,13.06566],[-12.92932,13.06548],[-12.93071,13.06486],[-12.9328,13.06417],[-12.93394,13.0641],[-12.93417,13.0642],[-12.93436,13.06432],[-12.93477,13.0647],[-12.93504,13.06514],[-12.93537,13.06651],[-12.93529,13.06728],[-12.93471,13.06827],[-12.9343,13.0687],[-12.93367,13.06929],[-12.93324,13.06983],[-12.93262,13.07147],[-12.93226,13.07348],[-12.93192,13.07483],[-12.93162,13.07558],[-12.93085,13.07676],[-12.92936,13.07836],[-12.92874,13.07956],[-12.92844,13.08096],[-12.92848,13.08158],[-12.92901,13.08235],[-12.92953,13.08253],[-12.93022,13.08247],[-12.9313,13.08206],[-12.93261,13.08137],[-12.93352,13.08084],[-12.93462,13.08001],[-12.93529,13.0793],[-12.93566,13.07867],[-12.93656,13.07621],[-12.93717,13.07573],[-12.9382,13.07574],[-12.93991,13.07614],[-12.94366,13.07538],[-12.9446,13.07555],[-12.94574,13.07596],[-12.94633,13.07636],[-12.94661,13.07661],[-12.94684,13.07684],[-12.94739,13.0775],[-12.9481,13.07859],[-12.94946,13.08086],[-12.95029,13.08179],[-12.95123,13.08226],[-12.95257,13.08202],[-12.95318,13.08173],[-12.95481,13.08064],[-12.95621,13.07953],[-12.95732,13.0785],[-12.95847,13.07726],[-12.96011,13.07524],[-12.96184,13.07337],[-12.96325,13.07202],[-12.96505,13.07046],[-12.96599,13.07014],[-12.96695,13.07057],[-12.96721,13.07092],[-12.96794,13.07213],[-12.97001,13.07455],[-12.97117,13.07569],[-12.97241,13.07668],[-12.97299,13.07738],[-12.97359,13.07899],[-12.97459,13.08003],[-12.97507,13.08024],[-12.97621,13.08021],[-12.97697,13.07979],[-12.97767,13.07902],[-12.9781,13.07813],[-12.97846,13.07751],[-12.97881,13.07679],[-12.97904,13.07642],[-12.97987,13.07567],[-12.98177,13.07496],[-12.98268,13.07485],[-12.98398,13.0752],[-12.98512,13.07617],[-12.98598,13.07813],[-12.98683,13.07919],[-12.98796,13.08026],[-12.98869,13.08108],[-12.98916,13.08176],[-12.98946,13.0821],[-12.99087,13.08281],[-12.99193,13.08284],[-12.9927,13.08236],[-12.99291,13.08206],[-12.99309,13.08169],[-12.99332,13.08106],[-12.99346,13.0798],[-12.99393,13.07859],[-12.99461,13.07788],[-12.99581,13.07737],[-12.99803,13.07706],[-12.99895,13.07682],[-12.99953,13.07622],[-13.00066,13.07547],[-13.00154,13.0745],[-13.00201,13.0742],[-13.00276,13.07401],[-13.00286,13.07395],[-13.00311,13.07379],[-13.00337,13.07359],[-13.00356,13.07335],[-13.00369,13.07315],[-13.00395,13.07208],[-13.00436,13.0714],[-13.00544,13.07106],[-13.00625,13.0712],[-13.0065,13.0712],[-13.00679,13.07118],[-13.00733,13.0711],[-13.00819,13.07081],[-13.00913,13.07072],[-13.01036,13.07088],[-13.01151,13.0713],[-13.01251,13.07137],[-13.01384,13.07108],[-13.01435,13.07087],[-13.01484,13.0704],[-13.01565,13.06898],[-13.01609,13.06849],[-13.017,13.06807],[-13.01804,13.06817],[-13.02036,13.06897],[-13.0212,13.06911],[-13.02196,13.06893],[-13.0227,13.06821],[-13.02259,13.06725],[-13.02225,13.06556],[-13.02215,13.06445],[-13.02225,13.06348],[-13.02219,13.06254],[-13.02189,13.06149],[-13.02192,13.06036],[-13.02219,13.0596],[-13.02271,13.05885],[-13.02302,13.05818],[-13.02323,13.05745],[-13.02363,13.05682],[-13.02475,13.05625],[-13.02611,13.0566],[-13.02701,13.05664],[-13.02871,13.05649],[-13.02944,13.05664],[-13.03058,13.0572],[-13.03131,13.05744],[-13.03258,13.05768],[-13.03429,13.05856],[-13.03583,13.05901],[-13.03645,13.05904],[-13.03774,13.05869],[-13.03863,13.05829],[-13.03916,13.05823],[-13.04074,13.05833],[-13.04205,13.05828],[-13.04335,13.05781],[-13.04432,13.05758],[-13.04493,13.05775],[-13.04599,13.05893],[-13.04677,13.06061],[-13.04764,13.06129],[-13.0482,13.06219],[-13.04828,13.06306],[-13.04862,13.06377],[-13.04918,13.06418],[-13.04973,13.0646],[-13.05003,13.06481],[-13.05142,13.06549],[-13.05256,13.06552],[-13.0534,13.06477],[-13.05354,13.06413],[-13.05393,13.06313],[-13.05424,13.06167],[-13.05438,13.05991],[-13.05475,13.05899],[-13.05529,13.05822],[-13.05717,13.05664],[-13.058,13.05576],[-13.05879,13.05462],[-13.05965,13.05367],[-13.06046,13.05297],[-13.06122,13.0528],[-13.063,13.05324],[-13.06352,13.05331],[-13.06407,13.05335],[-13.06628,13.0533],[-13.06675,13.05313],[-13.06716,13.05259],[-13.06793,13.04996],[-13.06831,13.04908],[-13.06915,13.04794],[-13.07004,13.04724],[-13.07115,13.04656],[-13.07155,13.04611],[-13.07212,13.04502],[-13.07219,13.04475],[-13.07225,13.04451],[-13.07231,13.04419],[-13.07262,13.04164],[-13.07323,13.04051],[-13.07438,13.0392],[-13.07869,13.03486],[-13.08022,13.03306],[-13.08127,13.03225],[-13.08206,13.03185],[-13.0842,13.03121],[-13.0853,13.0308],[-13.08582,13.03085],[-13.08761,13.03144],[-13.08926,13.03225],[-13.08969,13.03272],[-13.08986,13.03316],[-13.08996,13.03376],[-13.09012,13.03426],[-13.09082,13.03524],[-13.09167,13.03581],[-13.09281,13.03602],[-13.0936,13.03595],[-13.09477,13.03603],[-13.09571,13.03641],[-13.09656,13.03757],[-13.09724,13.03833],[-13.09864,13.03962],[-13.09934,13.04038],[-13.10002,13.04181],[-13.10072,13.04215],[-13.10138,13.04217],[-13.10245,13.04194],[-13.10626,13.04318],[-13.10825,13.04351],[-13.10934,13.04393],[-13.11171,13.0452],[-13.11269,13.04563],[-13.11333,13.04587],[-13.11402,13.0461],[-13.11545,13.04638],[-13.11631,13.04673],[-13.11724,13.04751],[-13.11737,13.04768],[-13.1177,13.04823],[-13.11784,13.04846],[-13.11885,13.04941],[-13.11994,13.04981],[-13.12074,13.05027],[-13.12137,13.05105],[-13.12224,13.05177],[-13.12356,13.05237],[-13.12428,13.05284],[-13.12494,13.05346],[-13.12559,13.05376],[-13.12746,13.05424],[-13.12837,13.0544],[-13.12911,13.05438],[-13.13012,13.05442],[-13.13048,13.05446],[-13.13156,13.05493],[-13.1325,13.05599],[-13.13322,13.05647],[-13.13411,13.05637],[-13.13518,13.0567],[-13.13584,13.05645],[-13.13618,13.05613],[-13.1366,13.05553],[-13.13679,13.05529],[-13.13753,13.05461],[-13.13818,13.05419],[-13.13938,13.05365],[-13.14045,13.05258],[-13.14102,13.05173],[-13.14199,13.05073],[-13.14282,13.05062],[-13.1431,13.05082],[-13.14322,13.05181],[-13.14371,13.05257],[-13.14435,13.0539],[-13.14474,13.05432],[-13.14504,13.05447],[-13.14566,13.05461],[-13.14615,13.05484],[-13.14719,13.05547],[-13.14914,13.05586],[-13.15011,13.05589],[-13.15178,13.05571],[-13.15353,13.05527],[-13.15403,13.05474],[-13.15421,13.05417],[-13.15388,13.05319],[-13.15382,13.05291],[-13.15381,13.05272],[-13.1541,13.05185],[-13.15486,13.05098],[-13.15564,13.0506],[-13.15784,13.05039],[-13.15913,13.05049],[-13.16035,13.05082],[-13.16163,13.05145],[-13.16192,13.05156],[-13.1625,13.05176],[-13.16276,13.05184],[-13.16416,13.0519],[-13.16437,13.05171],[-13.1645,13.05142],[-13.16461,13.05125],[-13.16557,13.05093],[-13.16625,13.0511],[-13.16684,13.05153],[-13.1667,13.05221],[-13.16653,13.05234],[-13.16605,13.05258],[-13.1652,13.05314],[-13.16402,13.05369],[-13.16247,13.05419],[-13.1616,13.0546],[-13.16102,13.05516],[-13.16092,13.0556],[-13.16236,13.05729],[-13.16333,13.05884],[-13.16435,13.06033],[-13.16515,13.06193],[-13.16568,13.06266],[-13.1677,13.06379],[-13.16803,13.06411],[-13.16809,13.0649],[-13.16841,13.06537],[-13.16912,13.06568],[-13.17061,13.06549],[-13.17247,13.06452],[-13.17265,13.06433],[-13.17281,13.0641],[-13.17321,13.06343],[-13.17408,13.06255],[-13.17461,13.06226],[-13.17588,13.06209],[-13.17664,13.06227],[-13.17719,13.06258],[-13.17742,13.06265],[-13.17767,13.0627],[-13.17798,13.06266],[-13.1782,13.06244],[-13.17826,13.06225],[-13.17837,13.0607],[-13.17851,13.06023],[-13.1792,13.05953],[-13.17951,13.059],[-13.17945,13.05791],[-13.17858,13.05655],[-13.17825,13.05558],[-13.17837,13.05505],[-13.17918,13.0546],[-13.18016,13.05457],[-13.18153,13.05388],[-13.18228,13.05391],[-13.18348,13.05441],[-13.18421,13.05451],[-13.18586,13.05446],[-13.1863,13.05499],[-13.18645,13.05618],[-13.18626,13.057],[-13.18538,13.05813],[-13.1847,13.05841],[-13.18416,13.0583],[-13.18394,13.05778],[-13.18321,13.05782],[-13.18245,13.05841],[-13.18243,13.05878],[-13.18337,13.05924],[-13.1843,13.06009],[-13.18498,13.06057],[-13.18561,13.0608],[-13.18665,13.06064],[-13.18859,13.05915],[-13.18895,13.05872],[-13.18922,13.05832],[-13.18941,13.05808],[-13.1903,13.05725],[-13.19092,13.0569],[-13.19271,13.05636],[-13.19312,13.05599],[-13.19324,13.05436],[-13.19403,13.05264],[-13.19481,13.0519],[-13.19588,13.05115],[-13.19689,13.05094],[-13.19762,13.05124],[-13.19796,13.05161],[-13.19859,13.0529],[-13.19889,13.05309],[-13.19956,13.05289],[-13.19995,13.05252],[-13.20027,13.05186],[-13.20075,13.0517],[-13.20323,13.05159],[-13.20444,13.05135],[-13.20532,13.05095],[-13.20601,13.05082],[-13.20735,13.05112],[-13.20792,13.05142],[-13.20888,13.05143],[-13.20886,13.05053],[-13.20878,13.05042],[-13.20871,13.05036],[-13.2086,13.0503],[-13.20785,13.05006],[-13.2076,13.04982],[-13.20692,13.04842],[-13.2067,13.04776],[-13.20683,13.04682],[-13.20744,13.04632],[-13.20749,13.04537],[-13.20768,13.04479],[-13.20805,13.04429],[-13.20818,13.04409],[-13.20853,13.0428],[-13.20831,13.04186],[-13.2078,13.04151],[-13.20731,13.04143],[-13.20678,13.04132],[-13.20668,13.04069],[-13.20697,13.04025],[-13.20724,13.03977],[-13.20736,13.03959],[-13.20773,13.03922],[-13.20857,13.03885],[-13.20894,13.03826],[-13.20889,13.03747],[-13.20864,13.03703],[-13.20733,13.0359],[-13.20642,13.03493],[-13.2062,13.03465],[-13.20576,13.03405],[-13.20559,13.03371],[-13.20576,13.03289],[-13.20623,13.03246],[-13.20655,13.03233],[-13.20712,13.03227],[-13.20802,13.03196],[-13.20866,13.0313],[-13.2087,13.03111],[-13.20872,13.03092],[-13.20871,13.03045],[-13.20855,13.02984],[-13.20896,13.0292],[-13.20954,13.02895],[-13.21109,13.02874],[-13.21172,13.02852],[-13.21311,13.02772],[-13.21374,13.02709],[-13.21393,13.02625],[-13.21451,13.02556],[-13.2154,13.02538],[-13.21597,13.02553],[-13.21693,13.02529],[-13.21765,13.02525],[-13.21841,13.02537],[-13.21939,13.02527],[-13.22156,13.02471],[-13.22197,13.02422],[-13.22214,13.02356],[-13.22213,13.02317],[-13.22198,13.02268],[-13.22197,13.02253],[-13.22198,13.02241],[-13.2224,13.02152],[-13.22287,13.02123],[-13.2241,13.02116],[-13.2248,13.02129],[-13.2255,13.02144],[-13.226,13.0214],[-13.22648,13.02106],[-13.22663,13.02064],[-13.22654,13.0199],[-13.22639,13.01936],[-13.22636,13.01914],[-13.22646,13.01877],[-13.22722,13.01827],[-13.22802,13.01837],[-13.22847,13.01837],[-13.22876,13.01833],[-13.2292,13.01825],[-13.22962,13.018],[-13.22974,13.01764],[-13.22978,13.01712],[-13.22988,13.01681],[-13.23025,13.01634],[-13.23092,13.01596],[-13.23147,13.01589],[-13.23197,13.01595],[-13.23236,13.01606],[-13.23278,13.01627],[-13.23326,13.01619],[-13.23433,13.0154],[-13.23497,13.01535],[-13.23581,13.0158],[-13.23617,13.01691],[-13.23647,13.0174],[-13.23703,13.0178],[-13.23817,13.0158],[-13.23869,13.01447],[-13.23894,13.01303],[-13.23871,13.01183],[-13.23762,13.01036],[-13.23673,13.00958],[-13.23455,13.00849],[-13.23303,13.00794],[-13.23172,13.00765],[-13.22906,13.00723],[-13.22425,13.00618],[-13.21956,13.00531],[-13.21784,13.00541],[-13.21623,13.00531],[-13.21543,13.00536],[-13.2147,13.00557],[-13.2143,13.00561],[-13.21345,13.00547],[-13.21273,13.00503],[-13.21235,13.00462],[-13.21202,13.00387],[-13.21179,13.00293],[-13.21101,13.00034],[-13.21118,13],[-13.21083,12.99756],[-13.21022,12.99495],[-13.20973,12.9936],[-13.20897,12.99191],[-13.20791,12.98992],[-13.20738,12.98936],[-13.20648,12.98891],[-13.20476,12.98779],[-13.20393,12.98711],[-13.2026,12.98587],[-13.20171,12.98498],[-13.19833,12.98139],[-13.19566,12.97927],[-13.19525,12.97855],[-13.19492,12.97614],[-13.1948,12.97464],[-13.19442,12.97273],[-13.19393,12.97116],[-13.19338,12.97008],[-13.19139,12.96756],[-13.19094,12.96676],[-13.19093,12.9664],[-13.19133,12.96573],[-13.1914,12.96464],[-13.19087,12.96359],[-13.18976,12.96304],[-13.18904,12.9632],[-13.18818,12.96405],[-13.18717,12.96605],[-13.18696,12.96656],[-13.18677,12.96714],[-13.18659,12.96796],[-13.1862,12.96891],[-13.18542,12.96993],[-13.18379,12.97093],[-13.18309,12.97111],[-13.18196,12.97093],[-13.18124,12.97051],[-13.17983,12.96906],[-13.17844,12.96739],[-13.17675,12.96505],[-13.1759,12.96414],[-13.17432,12.96267],[-13.17291,12.96177],[-13.17089,12.96116],[-13.1693,12.95989],[-13.16808,12.95864],[-13.16627,12.95637],[-13.16501,12.95387],[-13.16472,12.95301],[-13.16462,12.95195],[-13.16474,12.95083],[-13.16476,12.9503],[-13.16477,12.94953],[-13.16477,12.94695],[-13.16443,12.94561],[-13.16322,12.94341],[-13.16268,12.94217],[-13.16164,12.94044],[-13.16067,12.93925],[-13.15956,12.93806],[-13.15905,12.93707],[-13.15842,12.93617],[-13.15797,12.93509],[-13.15709,12.93398],[-13.15579,12.93297],[-13.15412,12.93195],[-13.15384,12.9313],[-13.15276,12.93085],[-13.15046,12.93108],[-13.14934,12.93098],[-13.14872,12.93075],[-13.14843,12.93059],[-13.14821,12.93042],[-13.14779,12.92998],[-13.14698,12.9287],[-13.14665,12.92788],[-13.14649,12.92703],[-13.14639,12.92551],[-13.14667,12.92297],[-13.14712,12.92016],[-13.14727,12.91866],[-13.14723,12.91805],[-13.14685,12.91721],[-13.14512,12.9155],[-13.14411,12.9142],[-13.14364,12.91331],[-13.14355,12.91208],[-13.14404,12.91065],[-13.14475,12.90971],[-13.14563,12.90893],[-13.1473,12.90813],[-13.14815,12.90761],[-13.15087,12.9055],[-13.15225,12.90401],[-13.15363,12.90204],[-13.15472,12.90013],[-13.15577,12.89884],[-13.15679,12.89812],[-13.15947,12.89667],[-13.16038,12.89624],[-13.1621,12.89564],[-13.16383,12.89535],[-13.16467,12.89548],[-13.16615,12.89601],[-13.16863,12.89715],[-13.17213,12.89884],[-13.1725,12.89903],[-13.17341,12.89955],[-13.17485,12.89987],[-13.17672,12.89985],[-13.17972,12.8996],[-13.18153,12.89955],[-13.18232,12.89976],[-13.18291,12.89941],[-13.18304,12.89897],[-13.18231,12.89756],[-13.18184,12.89695],[-13.18117,12.89638],[-13.1782,12.89455],[-13.1745,12.89277],[-13.17226,12.89184],[-13.17027,12.89093],[-13.16952,12.89007],[-13.16933,12.88822],[-13.16939,12.88722],[-13.16962,12.88599],[-13.17009,12.88461],[-13.17096,12.88274],[-13.17284,12.87929],[-13.17345,12.87769],[-13.17364,12.87568],[-13.17347,12.87377],[-13.17341,12.8733],[-13.1733,12.8727],[-13.17294,12.87144],[-13.17252,12.8708],[-13.17137,12.86989],[-13.16914,12.86899],[-13.16853,12.8688],[-13.16783,12.86859],[-13.16518,12.86788],[-13.16188,12.86678],[-13.16048,12.86615],[-13.1587,12.86519],[-13.15681,12.8641],[-13.15471,12.86302],[-13.151,12.86126],[-13.1491,12.86026],[-13.14736,12.85895],[-13.14653,12.85772],[-13.14634,12.85728],[-13.14614,12.85567],[-13.14632,12.85478],[-13.14676,12.85383],[-13.14792,12.85239],[-13.15051,12.84972],[-13.15176,12.8485],[-13.153,12.84749],[-13.1537,12.84676],[-13.15427,12.84598],[-13.15468,12.84503],[-13.15485,12.84363],[-13.15473,12.84261],[-13.15429,12.84107],[-13.15381,12.83971],[-13.15296,12.8365],[-13.15262,12.83618],[-13.15105,12.8355],[-13.14978,12.83528],[-13.14858,12.83527],[-13.14711,12.83518],[-13.14399,12.83486],[-13.14261,12.83466],[-13.14063,12.83423],[-13.13884,12.83366],[-13.13761,12.83314],[-13.13633,12.83241],[-13.13376,12.83062],[-13.13214,12.82973],[-13.13112,12.8293],[-13.12894,12.82851],[-13.1271,12.82808],[-13.12459,12.82777],[-13.12187,12.82759],[-13.11936,12.82757],[-13.11746,12.82765],[-13.11253,12.8282],[-13.10987,12.82816],[-13.10842,12.8283],[-13.10772,12.8282],[-13.10681,12.82777],[-13.10584,12.82704],[-13.10447,12.82552],[-13.10238,12.82264],[-13.10173,12.82161],[-13.10084,12.8196],[-13.10035,12.81768],[-13.10032,12.81695],[-13.10051,12.81595],[-13.10086,12.8153],[-13.10141,12.81471],[-13.10185,12.81434],[-13.10226,12.81403],[-13.10299,12.81363],[-13.10397,12.81327],[-13.10484,12.8131],[-13.10746,12.81234],[-13.11069,12.81165],[-13.11164,12.81161],[-13.11227,12.8112],[-13.11307,12.80988],[-13.11341,12.80875],[-13.11328,12.8076],[-13.11235,12.80582],[-13.11154,12.80481],[-13.10962,12.80311],[-13.10776,12.80171],[-13.10564,12.80001],[-13.10441,12.79869],[-13.1036,12.79764],[-13.09786,12.79441],[-13.09633,12.79346],[-13.09314,12.79137],[-13.09144,12.79036],[-13.08921,12.78921],[-13.08764,12.78854],[-13.08653,12.78844],[-13.08536,12.78862],[-13.08447,12.78889],[-13.08349,12.78953],[-13.08306,12.79014],[-13.08281,12.79189],[-13.08323,12.79404],[-13.08361,12.79508],[-13.08433,12.7961],[-13.08468,12.79708],[-13.08471,12.79775],[-13.08434,12.79942],[-13.08421,12.80217],[-13.08365,12.80459],[-13.08349,12.80503],[-13.08299,12.80555],[-13.08187,12.80595],[-13.08089,12.8059],[-13.08011,12.80558],[-13.07925,12.80498],[-13.07838,12.80416],[-13.07738,12.80267],[-13.07652,12.80063],[-13.07558,12.79759],[-13.07461,12.79504],[-13.07347,12.79317],[-13.07337,12.79245],[-13.07292,12.79153],[-13.0716,12.79018],[-13.07113,12.78987],[-13.06993,12.78962],[-13.06858,12.7899],[-13.06745,12.79054],[-13.06632,12.79153],[-13.0649,12.79292],[-13.0636,12.79394],[-13.06231,12.79454],[-13.06101,12.79486],[-13.05973,12.795],[-13.05731,12.79499],[-13.05586,12.79506],[-13.05209,12.79505],[-13.05103,12.79523],[-13.0503,12.79561],[-13.04925,12.7964],[-13.04733,12.79678],[-13.04625,12.79683],[-13.04523,12.79668],[-13.04363,12.79627],[-13.03994,12.795],[-13.03847,12.79471],[-13.03733,12.79467],[-13.03595,12.79484],[-13.03436,12.79478],[-13.03324,12.79494],[-13.03129,12.79501],[-13.03009,12.79516],[-13.02885,12.79562],[-13.02826,12.79634],[-13.02851,12.79735],[-13.02942,12.79809],[-13.03162,12.79933],[-13.03286,12.80041],[-13.03354,12.80164],[-13.03392,12.80412],[-13.034,12.80639],[-13.03368,12.80836],[-13.033,12.80993],[-13.03241,12.81077],[-13.03133,12.81182],[-13.03049,12.81241],[-13.02951,12.81288],[-13.02697,12.81385],[-13.02308,12.81497],[-13.02188,12.8154],[-13.02126,12.81587],[-13.02015,12.81738],[-13.01889,12.81957],[-13.01644,12.8243],[-13.01625,12.82479],[-13.01554,12.82776],[-13.01452,12.83234],[-13.01376,12.83477],[-13.01297,12.83639],[-13.01115,12.83887],[-13.01044,12.83967],[-13.00933,12.84059],[-13.0087,12.84099],[-13.00677,12.84188],[-13.00394,12.84284],[-13.00203,12.84337],[-13.00074,12.84347],[-12.99961,12.84373],[-12.99879,12.84379],[-12.99756,12.8437],[-12.99523,12.84366],[-12.99231,12.84332],[-12.99023,12.8428],[-12.98716,12.84165],[-12.98555,12.84087],[-12.98477,12.84067],[-12.98423,12.84022],[-12.98338,12.83906],[-12.98272,12.83789],[-12.98252,12.83725],[-12.98237,12.8354],[-12.98187,12.83265],[-12.9819,12.83167],[-12.98206,12.83101],[-12.98264,12.82992],[-12.98342,12.829],[-12.98457,12.82834],[-12.98554,12.82761],[-12.98666,12.82717],[-12.98791,12.82649],[-12.99023,12.82505],[-12.99155,12.8243],[-12.99391,12.82311],[-12.99532,12.82219],[-12.99689,12.82058],[-12.9982,12.8188],[-12.99867,12.81798],[-12.99938,12.81627],[-13.00029,12.81363],[-13.0005,12.81282],[-13.00048,12.81222],[-13.00018,12.81168],[-12.99908,12.81044],[-12.9983,12.80974],[-12.9968,12.80872],[-12.99571,12.80732],[-12.9945,12.80621],[-12.9935,12.80549],[-12.99247,12.80493],[-12.99184,12.80439],[-12.9908,12.80313],[-12.99006,12.80251],[-12.98883,12.80211],[-12.98816,12.80219],[-12.98738,12.80271],[-12.98672,12.80381],[-12.98616,12.80514],[-12.98543,12.80778],[-12.98498,12.80897],[-12.9839,12.81145],[-12.98306,12.8123],[-12.98176,12.81301],[-12.98101,12.81322],[-12.97999,12.8132],[-12.97902,12.81286],[-12.97651,12.81126],[-12.97501,12.81018],[-12.97427,12.80952],[-12.97285,12.80858],[-12.97181,12.80803],[-12.97051,12.80706],[-12.96912,12.80586],[-12.96665,12.80355],[-12.96555,12.80261],[-12.96486,12.80178],[-12.96281,12.79824],[-12.96195,12.79604],[-12.96128,12.79518],[-12.95983,12.7939],[-12.95919,12.79362],[-12.95844,12.7937],[-12.95759,12.794],[-12.95643,12.79469],[-12.95498,12.796],[-12.9537,12.79661],[-12.95222,12.7967],[-12.9507,12.79646],[-12.95006,12.79614],[-12.94876,12.79574],[-12.94564,12.79405],[-12.94393,12.79324],[-12.94264,12.79279],[-12.94126,12.79218],[-12.94023,12.79212],[-12.93861,12.79259],[-12.9375,12.7926],[-12.93656,12.79211],[-12.93617,12.79139],[-12.93613,12.7903],[-12.93626,12.78862],[-12.93657,12.78803],[-12.93671,12.78717],[-12.93687,12.78528],[-12.93684,12.78303],[-12.93673,12.78103],[-12.93654,12.78019],[-12.93586,12.77811],[-12.93546,12.77716],[-12.93527,12.77619],[-12.93452,12.77448],[-12.93408,12.77331],[-12.93362,12.77255],[-12.93293,12.7711],[-12.93254,12.76987],[-12.93158,12.76846],[-12.93061,12.76753],[-12.92987,12.76719],[-12.92881,12.76712],[-12.9277,12.76737],[-12.92626,12.768],[-12.9253,12.76871],[-12.92317,12.77106],[-12.92206,12.77243],[-12.92025,12.77454],[-12.91928,12.77554],[-12.91735,12.77721],[-12.91604,12.7782],[-12.91426,12.7793],[-12.91324,12.77984],[-12.91078,12.7809],[-12.9065,12.783],[-12.90461,12.78372],[-12.90385,12.7841],[-12.90219,12.78515],[-12.89966,12.78629],[-12.89801,12.78688],[-12.89497,12.78947],[-12.8937,12.79036],[-12.89263,12.79135],[-12.89153,12.7927],[-12.88966,12.79533],[-12.88908,12.79656],[-12.88813,12.79769],[-12.88769,12.7984],[-12.88711,12.79896],[-12.88638,12.79942],[-12.88428,12.80038],[-12.88329,12.80064],[-12.88236,12.8007],[-12.88038,12.8003],[-12.87926,12.79975],[-12.87684,12.79814],[-12.87572,12.79706],[-12.87418,12.79623],[-12.87103,12.79512],[-12.87012,12.79498],[-12.86928,12.79466],[-12.8683,12.79466],[-12.86737,12.79444],[-12.86421,12.79427],[-12.8621,12.79424],[-12.86072,12.79409],[-12.85937,12.79373],[-12.85777,12.7931],[-12.85653,12.79242],[-12.85533,12.79133],[-12.85345,12.78887],[-12.85304,12.78848],[-12.85238,12.78723],[-12.85232,12.78671],[-12.85278,12.78466],[-12.85378,12.78202],[-12.85565,12.77822],[-12.8559,12.77717],[-12.85572,12.77487],[-12.8556,12.7723],[-12.85516,12.77107],[-12.85505,12.77035],[-12.85516,12.7696],[-12.85509,12.7688],[-12.85472,12.76693],[-12.85486,12.76491],[-12.85513,12.76331],[-12.85522,12.76102],[-12.855,12.76018],[-12.85453,12.75912],[-12.8537,12.75814],[-12.85231,12.75748],[-12.85128,12.75735],[-12.85083,12.75748],[-12.84977,12.75841],[-12.84896,12.75956],[-12.84786,12.76232],[-12.84652,12.76589],[-12.84559,12.76757],[-12.84523,12.7691],[-12.84471,12.76997],[-12.84414,12.77018],[-12.84278,12.7701],[-12.84161,12.76948],[-12.84095,12.7687],[-12.84012,12.76801],[-12.8387,12.76636],[-12.83781,12.76512],[-12.83727,12.76404],[-12.83661,12.76224],[-12.83637,12.76088],[-12.83639,12.75974],[-12.83616,12.75877],[-12.83616,12.75718],[-12.83626,12.75553],[-12.83613,12.75431],[-12.83584,12.75325],[-12.83539,12.75246],[-12.83434,12.75149],[-12.83324,12.75071],[-12.83086,12.74835],[-12.82994,12.74714],[-12.82841,12.74596],[-12.82664,12.7451],[-12.82434,12.74333],[-12.82301,12.7425],[-12.82172,12.7414],[-12.81988,12.74004],[-12.81836,12.7385],[-12.81779,12.7377],[-12.81642,12.73616],[-12.81574,12.73528],[-12.81499,12.73465],[-12.81377,12.73332],[-12.8132,12.73253],[-12.81236,12.73167],[-12.81123,12.7307],[-12.81035,12.7302],[-12.80964,12.72953],[-12.80849,12.72878],[-12.80624,12.72778],[-12.805,12.72742],[-12.80098,12.72561],[-12.79929,12.72465],[-12.7963,12.72335],[-12.79214,12.72136],[-12.79021,12.72002],[-12.78952,12.71939],[-12.78804,12.71849],[-12.78667,12.71796],[-12.78563,12.71742],[-12.78357,12.71652],[-12.78052,12.71528],[-12.77968,12.71477],[-12.77825,12.71372],[-12.7752,12.71177],[-12.7741,12.71096],[-12.77095,12.70927],[-12.76937,12.7088],[-12.76782,12.70902],[-12.76586,12.70974],[-12.76412,12.71065],[-12.76304,12.71134],[-12.76241,12.71153],[-12.76003,12.71153],[-12.75779,12.711],[-12.75589,12.71067],[-12.75503,12.71044],[-12.75082,12.70871],[-12.74889,12.70777],[-12.74719,12.70681],[-12.74574,12.70617],[-12.74391,12.70547],[-12.74217,12.70498],[-12.74083,12.70495],[-12.73938,12.70517],[-12.73738,12.70567],[-12.73382,12.70619],[-12.73122,12.70678],[-12.72893,12.70739],[-12.7277,12.70756],[-12.72648,12.70798],[-12.72531,12.70864],[-12.7232,12.70872],[-12.72267,12.70856],[-12.7208,12.70747],[-12.71704,12.70559],[-12.71672,12.70525],[-12.71631,12.70431],[-12.71613,12.70333],[-12.71554,12.70236],[-12.71503,12.70207],[-12.71247,12.70178],[-12.71058,12.70168],[-12.70931,12.70181],[-12.70859,12.70204],[-12.70656,12.70305],[-12.70358,12.70552],[-12.70249,12.70657],[-12.70176,12.70705],[-12.70004,12.70871],[-12.69924,12.70964],[-12.69904,12.71028],[-12.699,12.71124],[-12.69953,12.71249],[-12.70142,12.71501],[-12.70206,12.7162],[-12.70285,12.71834],[-12.70303,12.71932],[-12.70313,12.7213],[-12.70289,12.72462],[-12.7023,12.72742],[-12.70223,12.72825],[-12.70196,12.729],[-12.70089,12.73068],[-12.70051,12.7314],[-12.69942,12.73255],[-12.69857,12.73314],[-12.6975,12.7335],[-12.69599,12.73425],[-12.69545,12.73466],[-12.69353,12.73509],[-12.69209,12.73567],[-12.6913,12.73585],[-12.68945,12.736],[-12.68818,12.73634],[-12.68748,12.73669],[-12.68582,12.73732],[-12.68484,12.73791],[-12.68365,12.73883],[-12.68141,12.74007],[-12.68006,12.74087],[-12.67898,12.7412],[-12.67802,12.74165],[-12.67622,12.7419],[-12.67464,12.74189],[-12.67349,12.74172],[-12.67147,12.74092],[-12.66989,12.74045],[-12.66842,12.74011],[-12.6653,12.73968],[-12.66411,12.73969],[-12.66308,12.73997],[-12.66026,12.74045],[-12.65963,12.74064],[-12.65844,12.74134],[-12.65747,12.7426],[-12.65669,12.74413],[-12.65603,12.74528],[-12.65471,12.74791],[-12.65418,12.74915],[-12.6535,12.7502],[-12.65216,12.7515],[-12.6508,12.75238],[-12.6488,12.75268],[-12.64668,12.75268],[-12.64462,12.75284],[-12.64397,12.7528],[-12.64252,12.75319],[-12.64179,12.75388],[-12.6409,12.75376],[-12.63836,12.75383],[-12.63734,12.75341],[-12.63524,12.75334],[-12.63422,12.75358],[-12.63311,12.75478],[-12.63213,12.75525],[-12.63094,12.75521],[-12.6301,12.75503],[-12.629,12.75463],[-12.62748,12.75435],[-12.62571,12.75373],[-12.62383,12.75323],[-12.62242,12.75272],[-12.62141,12.75225],[-12.6204,12.75163],[-12.61939,12.75084],[-12.61777,12.74927],[-12.61652,12.74785],[-12.61553,12.7465],[-12.61461,12.745],[-12.6143,12.74433],[-12.61382,12.74285],[-12.6128,12.73851],[-12.61201,12.73729],[-12.61115,12.73521],[-12.61102,12.73455],[-12.61099,12.73324],[-12.61128,12.73163],[-12.61181,12.73022],[-12.61235,12.72933],[-12.61289,12.72873],[-12.61425,12.72746],[-12.61523,12.72676],[-12.61632,12.72577],[-12.61745,12.72516],[-12.61893,12.72425],[-12.61929,12.72387],[-12.61943,12.72287],[-12.61921,12.72205],[-12.61878,12.72132],[-12.61806,12.72069],[-12.61745,12.72035],[-12.61586,12.72021],[-12.61477,12.71998],[-12.61198,12.71896],[-12.61022,12.71798],[-12.60804,12.71636],[-12.6062,12.71477],[-12.60483,12.71425],[-12.60299,12.71393],[-12.60006,12.71383],[-12.59695,12.71334],[-12.59614,12.71326],[-12.59466,12.7133],[-12.59247,12.7137],[-12.58917,12.71408],[-12.58779,12.71404],[-12.58631,12.7136],[-12.58491,12.71284],[-12.58448,12.71247],[-12.58402,12.71149],[-12.58294,12.71018],[-12.58233,12.70988],[-12.5808,12.70959],[-12.58138,12.70789],[-12.58244,12.70767],[-12.58293,12.70739],[-12.58379,12.7065],[-12.58446,12.70527],[-12.58422,12.70493],[-12.58324,12.70477],[-12.58292,12.70456],[-12.58279,12.70368],[-12.58324,12.70285],[-12.58417,12.70226],[-12.58442,12.70159],[-12.58417,12.70053],[-12.58357,12.70032],[-12.5833,12.69977],[-12.5837,12.6989],[-12.58361,12.69856],[-12.58278,12.69785],[-12.58173,12.69736],[-12.58018,12.69743],[-12.57957,12.69706],[-12.5794,12.69622],[-12.57886,12.69558],[-12.5783,12.69562],[-12.57796,12.69635],[-12.57804,12.69733],[-12.57788,12.69758],[-12.5772,12.69765],[-12.57588,12.69739],[-12.57551,12.69657],[-12.5742,12.69562],[-12.57386,12.69515],[-12.57384,12.69469],[-12.57504,12.69343],[-12.57605,12.69292],[-12.5765,12.69293],[-12.57719,12.69333],[-12.57812,12.69322],[-12.57864,12.69294],[-12.57985,12.6918],[-12.58071,12.69145],[-12.58249,12.69127],[-12.58326,12.69137],[-12.58436,12.69183],[-12.58511,12.69231],[-12.58676,12.69291],[-12.58719,12.69288],[-12.58768,12.6921],[-12.58769,12.69138],[-12.58721,12.6907],[-12.58693,12.68987],[-12.58692,12.68852],[-12.58664,12.68715],[-12.58621,12.6864],[-12.58597,12.68558],[-12.58598,12.685],[-12.58626,12.68415],[-12.5868,12.68327],[-12.58762,12.68258],[-12.589,12.68202],[-12.58973,12.68159],[-12.59036,12.68074],[-12.59067,12.67944],[-12.5905,12.67788],[-12.59082,12.67706],[-12.5912,12.67651],[-12.59236,12.67531],[-12.59228,12.67471],[-12.59165,12.67379],[-12.59167,12.67319],[-12.5921,12.67269],[-12.59267,12.67163],[-12.59363,12.67114],[-12.59575,12.67157],[-12.59619,12.67141],[-12.59697,12.67053],[-12.59733,12.66985],[-12.59735,12.66896],[-12.59699,12.66798],[-12.59677,12.66652],[-12.59701,12.66593],[-12.59833,12.66477],[-12.59939,12.66432],[-12.59985,12.66394],[-12.60007,12.6633],[-12.59973,12.66218],[-12.59935,12.66141],[-12.59864,12.66059],[-12.59838,12.65997],[-12.59844,12.65935],[-12.59951,12.65781],[-12.59973,12.65728],[-12.59982,12.65602],[-12.59961,12.65497],[-12.59885,12.65421],[-12.59663,12.65355],[-12.59552,12.6529],[-12.5948,12.65265],[-12.59319,12.65236],[-12.59261,12.65194],[-12.59261,12.65137],[-12.59327,12.65076],[-12.59371,12.65002],[-12.59395,12.64923],[-12.59406,12.64767],[-12.59372,12.64691],[-12.59314,12.64659],[-12.59196,12.64685],[-12.59111,12.64741],[-12.59033,12.6482],[-12.58961,12.64818],[-12.58929,12.64762],[-12.58933,12.64665],[-12.58973,12.646],[-12.58961,12.64493],[-12.58865,12.64353],[-12.58864,12.64133],[-12.58846,12.64058],[-12.58815,12.64011],[-12.58708,12.63938],[-12.5865,12.63914],[-12.58522,12.63833],[-12.58398,12.63833],[-12.58309,12.63806],[-12.58279,12.63765],[-12.5825,12.63611],[-12.58192,12.63554],[-12.58106,12.63556],[-12.58055,12.63605],[-12.58011,12.63777],[-12.57963,12.63897],[-12.57872,12.64029],[-12.57806,12.64057],[-12.57716,12.64027],[-12.57624,12.63918],[-12.57505,12.63859],[-12.57458,12.63783],[-12.57456,12.63718],[-12.57428,12.63651],[-12.57366,12.63574],[-12.57242,12.63488],[-12.57129,12.63365],[-12.57014,12.63194],[-12.56926,12.63098],[-12.56842,12.63035],[-12.56783,12.63013],[-12.56672,12.63002],[-12.56633,12.62985],[-12.56563,12.62893],[-12.56496,12.6287],[-12.5646,12.62882],[-12.56384,12.62971],[-12.5629,12.63035],[-12.56249,12.63077],[-12.56168,12.6312],[-12.56116,12.63128],[-12.56052,12.63104],[-12.56015,12.63055],[-12.55998,12.62966],[-12.55917,12.62763],[-12.55883,12.62704],[-12.55793,12.626],[-12.55702,12.62432],[-12.55656,12.6238],[-12.55605,12.62359],[-12.55494,12.62404],[-12.55419,12.6247],[-12.55354,12.62613],[-12.55277,12.62674],[-12.55154,12.62667],[-12.551,12.62647],[-12.55076,12.62606],[-12.5507,12.62486],[-12.55032,12.62396],[-12.54963,12.62353],[-12.54879,12.62346],[-12.54738,12.62399],[-12.54619,12.62368],[-12.54572,12.62324],[-12.54553,12.62266],[-12.54534,12.62127],[-12.54547,12.62068],[-12.54596,12.62012],[-12.5461,12.61947],[-12.54602,12.61878],[-12.54555,12.61758],[-12.54538,12.61677],[-12.54554,12.61588],[-12.54602,12.61446],[-12.546,12.61392],[-12.54565,12.61224],[-12.54522,12.61139],[-12.54456,12.61153],[-12.54435,12.61194],[-12.54449,12.61306],[-12.54402,12.61401],[-12.54291,12.61412],[-12.54248,12.61388],[-12.54164,12.613],[-12.54092,12.61297],[-12.54012,12.6134],[-12.53957,12.6134],[-12.53918,12.61297],[-12.53869,12.61284],[-12.53852,12.61204],[-12.53874,12.61163],[-12.53876,12.61015],[-12.53933,12.60869],[-12.54028,12.60761],[-12.54108,12.6074],[-12.54184,12.60676],[-12.54232,12.60671],[-12.54288,12.60697],[-12.54347,12.60637],[-12.54358,12.60553],[-12.54348,12.60472],[-12.54185,12.60279],[-12.54073,12.60173],[-12.5407,12.60128],[-12.54021,12.60077],[-12.53893,12.60065],[-12.53796,12.60026],[-12.53752,12.59981],[-12.53688,12.59843],[-12.53584,12.59748],[-12.53469,12.59701],[-12.53452,12.59597],[-12.5349,12.59521],[-12.53581,12.59391],[-12.53604,12.59322],[-12.53613,12.59237],[-12.53597,12.59123],[-12.53517,12.5894],[-12.53488,12.58805],[-12.53493,12.58719],[-12.53515,12.58652],[-12.53479,12.58489],[-12.53446,12.58424],[-12.53367,12.58322],[-12.53326,12.58137],[-12.53321,12.58061],[-12.53341,12.57897],[-12.53359,12.57847],[-12.53451,12.57767],[-12.53467,12.57713],[-12.53453,12.57601],[-12.53376,12.57434],[-12.53371,12.57331],[-12.53394,12.57276],[-12.53464,12.57195],[-12.53544,12.57066],[-12.53577,12.56975],[-12.53616,12.56926],[-12.53724,12.56841],[-12.53908,12.56632],[-12.54032,12.56362],[-12.54026,12.56297],[-12.54088,12.56209],[-12.54132,12.5612],[-12.54176,12.55868],[-12.5417,12.55781],[-12.54121,12.55585],[-12.54049,12.55518],[-12.53952,12.55525],[-12.53881,12.55513],[-12.53763,12.55473],[-12.53714,12.55435],[-12.53608,12.55197],[-12.53587,12.55121],[-12.53591,12.55041],[-12.53565,12.54973],[-12.53468,12.54852],[-12.53438,12.54768],[-12.53475,12.54648],[-12.53517,12.54587],[-12.53605,12.54501],[-12.53704,12.54442],[-12.53711,12.54384],[-12.53602,12.54232],[-12.53581,12.54139],[-12.53605,12.54083],[-12.53708,12.5402],[-12.53809,12.54009],[-12.53992,12.54013],[-12.54024,12.53993],[-12.54156,12.53744],[-12.54146,12.53659],[-12.54091,12.53622],[-12.5408,12.53677],[-12.54004,12.53738],[-12.53902,12.537],[-12.53892,12.53582],[-12.53951,12.53479],[-12.54095,12.53373],[-12.54093,12.53283],[-12.54058,12.53218],[-12.53926,12.53111],[-12.53833,12.53088],[-12.53795,12.52967],[-12.53797,12.52847],[-12.53785,12.52797],[-12.53732,12.5271],[-12.537,12.52499],[-12.53663,12.52436],[-12.53605,12.52414],[-12.53484,12.52405],[-12.53389,12.52446],[-12.53322,12.52444],[-12.5326,12.52414],[-12.53146,12.52303],[-12.53148,12.52242],[-12.53218,12.5218],[-12.53373,12.52144],[-12.53452,12.52169],[-12.53494,12.52164],[-12.53556,12.52122],[-12.53579,12.52045],[-12.53495,12.51854],[-12.53473,12.51766],[-12.53428,12.51735],[-12.53351,12.51747],[-12.533,12.51797],[-12.5324,12.51762],[-12.53231,12.51651],[-12.53259,12.51615],[-12.53312,12.5162],[-12.53358,12.51553],[-12.53339,12.51493],[-12.53231,12.51361],[-12.53052,12.51252],[-12.52972,12.51247],[-12.52874,12.51303],[-12.52856,12.51371],[-12.52783,12.51437],[-12.52656,12.51469],[-12.5261,12.51452],[-12.52579,12.51402],[-12.52541,12.51227],[-12.52503,12.51177],[-12.52573,12.51095],[-12.52663,12.51086],[-12.52745,12.51057],[-12.52825,12.51065],[-12.52907,12.51022],[-12.52903,12.50919],[-12.5284,12.50842],[-12.5272,12.50823],[-12.52625,12.50733],[-12.52591,12.50622],[-12.5262,12.50524],[-12.52664,12.50451],[-12.52728,12.50305],[-12.5274,12.50217],[-12.52717,12.50181],[-12.52611,12.5013],[-12.52507,12.50165],[-12.5241,12.50144],[-12.52355,12.50099],[-12.52314,12.50013],[-12.52318,12.49972],[-12.52371,12.49892],[-12.52376,12.49828],[-12.52337,12.49669],[-12.52305,12.49614],[-12.52241,12.49556],[-12.52156,12.49502],[-12.52055,12.49492],[-12.52024,12.49431],[-12.52024,12.49325],[-12.5199,12.49243],[-12.51948,12.49196],[-12.51863,12.49142],[-12.51793,12.49053],[-12.51722,12.49007],[-12.51677,12.48954],[-12.51675,12.48891],[-12.51751,12.48771],[-12.51736,12.48641],[-12.51747,12.48606],[-12.51855,12.48541],[-12.51881,12.48506],[-12.51885,12.48447],[-12.51843,12.48315],[-12.51815,12.48268],[-12.51776,12.48258],[-12.51634,12.48281],[-12.5157,12.48335],[-12.51497,12.4845],[-12.51443,12.48495],[-12.51338,12.48496],[-12.51191,12.48431],[-12.51135,12.4844],[-12.51035,12.48484],[-12.50977,12.4857],[-12.50816,12.48591],[-12.50728,12.48641],[-12.50617,12.4863],[-12.5055,12.48593],[-12.50519,12.48543],[-12.50552,12.48501],[-12.50614,12.48506],[-12.50641,12.48534],[-12.50701,12.48521],[-12.50723,12.48488],[-12.50754,12.48369],[-12.50745,12.48277],[-12.50726,12.48252],[-12.50519,12.48274],[-12.50348,12.48335],[-12.50303,12.4838],[-12.50151,12.48428],[-12.5012,12.48426],[-12.50055,12.48358],[-12.4992,12.48346],[-12.499,12.48316],[-12.49843,12.48078],[-12.49808,12.48019],[-12.49749,12.48022],[-12.49685,12.48051],[-12.49634,12.48094],[-12.49589,12.48088],[-12.49457,12.48009],[-12.49393,12.48052],[-12.49333,12.48008],[-12.49255,12.47876],[-12.49274,12.47828],[-12.49382,12.4777],[-12.49437,12.47722],[-12.49455,12.47673],[-12.49447,12.47618],[-12.49462,12.4743],[-12.49503,12.47291],[-12.49476,12.47223],[-12.49422,12.47223],[-12.49379,12.47283],[-12.49345,12.47289],[-12.4926,12.47265],[-12.49183,12.4722],[-12.49089,12.47133],[-12.49046,12.4707],[-12.49036,12.47],[-12.48988,12.46971],[-12.4894,12.46971],[-12.48793,12.47026],[-12.4874,12.47106],[-12.48653,12.47105],[-12.486,12.47047],[-12.48517,12.4699],[-12.48464,12.46979],[-12.4842,12.47003],[-12.48389,12.4706],[-12.48316,12.47093],[-12.48247,12.47074],[-12.48137,12.47001],[-12.48094,12.47],[-12.48053,12.47061],[-12.48034,12.47156],[-12.47996,12.47191],[-12.47915,12.47171],[-12.47865,12.47116],[-12.47853,12.47049],[-12.47798,12.46879],[-12.47768,12.4683],[-12.47722,12.46807],[-12.47641,12.468],[-12.47591,12.46772],[-12.475,12.4669],[-12.47492,12.4664],[-12.47531,12.46523],[-12.47474,12.46405],[-12.47451,12.46241],[-12.47413,12.46132],[-12.47312,12.46021],[-12.47206,12.45717],[-12.47187,12.45606],[-12.47157,12.45531],[-12.4716,12.45489],[-12.47238,12.45272],[-12.47249,12.45195],[-12.47236,12.45154],[-12.47148,12.44992],[-12.47082,12.44916],[-12.47047,12.44852],[-12.47035,12.44791],[-12.46967,12.44689],[-12.46932,12.44607],[-12.4691,12.44409],[-12.46882,12.4432],[-12.46847,12.44294],[-12.46768,12.44288],[-12.46654,12.44341],[-12.46584,12.44451],[-12.46477,12.44519],[-12.4641,12.44593],[-12.46352,12.446],[-12.46267,12.44552],[-12.46215,12.44497],[-12.46162,12.44356],[-12.46173,12.44319],[-12.46235,12.44319],[-12.46225,12.44237],[-12.46175,12.44182],[-12.46066,12.44097],[-12.46002,12.43997],[-12.45928,12.43998],[-12.45775,12.44171],[-12.45708,12.44217],[-12.45648,12.44227],[-12.45552,12.4428],[-12.45493,12.4422],[-12.45432,12.44061],[-12.45413,12.43982],[-12.45382,12.43934],[-12.4526,12.43886],[-12.45225,12.43824],[-12.45236,12.43747],[-12.45287,12.43689],[-12.4529,12.43628],[-12.45251,12.43486],[-12.45218,12.43435],[-12.45157,12.43421],[-12.44951,12.4354],[-12.4489,12.43566],[-12.44734,12.436],[-12.44671,12.43558],[-12.4475,12.43463],[-12.44759,12.43386],[-12.44731,12.43305],[-12.44654,12.43228],[-12.44542,12.4325],[-12.44472,12.43316],[-12.44372,12.43342],[-12.44277,12.4339],[-12.4416,12.43332],[-12.44083,12.4334],[-12.43885,12.43421],[-12.43788,12.43478],[-12.43729,12.43494],[-12.43492,12.43516],[-12.43457,12.4357],[-12.43357,12.43638],[-12.43229,12.43694],[-12.43145,12.43674],[-12.43091,12.43614],[-12.43023,12.43597],[-12.42969,12.43638],[-12.42826,12.43718],[-12.42782,12.43781],[-12.42759,12.43878],[-12.42787,12.44014],[-12.42757,12.4411],[-12.42689,12.44105],[-12.42603,12.44138],[-12.42503,12.44215],[-12.42435,12.44245],[-12.42293,12.44282],[-12.42335,12.44383],[-12.42296,12.44404],[-12.42222,12.44356],[-12.42144,12.44255],[-12.41936,12.44165],[-12.4187,12.44205],[-12.4184,12.44253],[-12.41771,12.44275],[-12.41715,12.44263],[-12.41588,12.44179],[-12.41539,12.44159],[-12.41429,12.44154],[-12.41255,12.44179],[-12.41147,12.44185],[-12.41068,12.44148],[-12.40995,12.44137],[-12.40914,12.44077],[-12.40841,12.44046],[-12.40733,12.43969],[-12.40664,12.43896],[-12.40543,12.43808],[-12.40388,12.43654],[-12.40305,12.43519],[-12.40299,12.43323],[-12.40313,12.43204],[-12.40311,12.43089],[-12.40281,12.42942],[-12.40257,12.4287],[-12.40213,12.42809],[-12.40055,12.42704],[-12.4003,12.42638],[-12.40046,12.42536],[-12.4015,12.42378],[-12.40215,12.42234],[-12.40235,12.42127],[-12.40226,12.41957],[-12.40163,12.41836],[-12.40075,12.41781],[-12.39986,12.41761],[-12.39847,12.41775],[-12.39789,12.41745],[-12.39566,12.41739],[-12.39517,12.41685],[-12.39473,12.41595],[-12.39402,12.41392],[-12.39307,12.41222],[-12.3927,12.41135],[-12.39228,12.40982],[-12.3913,12.40763],[-12.39163,12.40672],[-12.39183,12.40567],[-12.39175,12.40516],[-12.39136,12.40449],[-12.39136,12.40382],[-12.39164,12.40298],[-12.39228,12.40193],[-12.39255,12.4012],[-12.39264,12.40044],[-12.39197,12.39888],[-12.39093,12.39722],[-12.39002,12.39589],[-12.38955,12.39506],[-12.38916,12.39412],[-12.38842,12.39301],[-12.38791,12.39195],[-12.38787,12.3912],[-12.38842,12.39061],[-12.38899,12.3908],[-12.38936,12.39131],[-12.38989,12.39139],[-12.39132,12.39099],[-12.39181,12.39064],[-12.3923,12.38975],[-12.39247,12.38768],[-12.39329,12.38714],[-12.39401,12.38642],[-12.39401,12.3852],[-12.39345,12.38383],[-12.39316,12.38289],[-12.39307,12.38139],[-12.39213,12.37888],[-12.39148,12.37803],[-12.39108,12.37714],[-12.39179,12.37612],[-12.39285,12.37554],[-12.39397,12.37518],[-12.39421,12.37382],[-12.39401,12.373],[-12.39341,12.37263],[-12.39255,12.37232],[-12.39148,12.37211],[-12.39024,12.37137],[-12.38924,12.37033],[-12.38831,12.36879],[-12.38736,12.36786],[-12.38691,12.36723],[-12.38643,12.36503],[-12.38598,12.36431],[-12.38528,12.36399],[-12.38492,12.36362],[-12.3849,12.36311],[-12.38511,12.36195],[-12.38494,12.36029],[-12.38472,12.35946],[-12.38379,12.35749],[-12.38315,12.35649],[-12.38228,12.35555],[-12.38091,12.35437],[-12.37864,12.35186],[-12.37739,12.35012],[-12.37695,12.34882],[-12.37647,12.34604],[-12.37616,12.34468],[-12.37555,12.34306],[-12.3752,12.34176],[-12.37449,12.34106],[-12.37321,12.34032],[-12.37134,12.33949],[-12.36961,12.33884],[-12.36833,12.33809],[-12.36766,12.33728],[-12.36667,12.33669],[-12.36636,12.33631],[-12.36608,12.33478],[-12.36605,12.33304],[-12.36617,12.33104],[-12.36605,12.32955],[-12.36569,12.32888],[-12.36401,12.32731],[-12.36384,12.32666],[-12.36397,12.32512],[-12.36424,12.32403],[-12.36465,12.32286],[-12.36477,12.32157],[-12.36466,12.32071],[-12.36407,12.31921],[-12.36381,12.31775],[-12.36356,12.317],[-12.36282,12.31531],[-12.36225,12.31351],[-12.36115,12.31097],[-12.36063,12.30917],[-12.35973,12.3082],[-12.35887,12.30828],[-12.35754,12.30901],[-12.35155,12.31132],[-12.32458,12.32377],[-12.29756,12.33625],[-12.29624,12.33654],[-12.29358,12.33662],[-12.29249,12.33656],[-12.2912,12.33635],[-12.28982,12.33598],[-12.28868,12.33617],[-12.28822,12.33606],[-12.28703,12.33536],[-12.28508,12.33471],[-12.28353,12.3345],[-12.28279,12.33451],[-12.28144,12.33505],[-12.28067,12.33598],[-12.27956,12.33685],[-12.27918,12.33733],[-12.27874,12.33823],[-12.27812,12.33888],[-12.27771,12.34053],[-12.27565,12.34141],[-12.27444,12.34203],[-12.27234,12.34291],[-12.27114,12.34332],[-12.26969,12.34355],[-12.26807,12.34413],[-12.26776,12.34462],[-12.26778,12.34534],[-12.2675,12.34623],[-12.26691,12.34681],[-12.2658,12.34739],[-12.26425,12.34844],[-12.26379,12.34858],[-12.26268,12.3492],[-12.26197,12.34944],[-12.26126,12.34923],[-12.26097,12.3488],[-12.26044,12.34869],[-12.25917,12.34902],[-12.25709,12.34912],[-12.25621,12.34928],[-12.2556,12.35065],[-12.2552,12.35101],[-12.25382,12.35182],[-12.25027,12.3527],[-12.24923,12.35207],[-12.24716,12.3512],[-12.24457,12.35024],[-12.24336,12.34959],[-12.2429,12.34908],[-12.24224,12.34895],[-12.24039,12.34968],[-12.23985,12.34975],[-12.23881,12.34951],[-12.23781,12.34949],[-12.23684,12.34983],[-12.23616,12.35048],[-12.23538,12.35075],[-12.23449,12.35072],[-12.2331,12.35094],[-12.23229,12.35139],[-12.23104,12.35302],[-12.23063,12.35379],[-12.23017,12.3558],[-12.22833,12.35574],[-12.22713,12.35609],[-12.22606,12.35683],[-12.22477,12.35721],[-12.22078,12.35748],[-12.21892,12.35827],[-12.21805,12.35827],[-12.21598,12.35749],[-12.21518,12.35711],[-12.21456,12.35652],[-12.21416,12.3554],[-12.21393,12.35528],[-12.21259,12.3553],[-12.21093,12.35608],[-12.21006,12.35634],[-12.20964,12.35628],[-12.20954,12.35562],[-12.20915,12.35545],[-12.20841,12.35554],[-12.20782,12.35586],[-12.20744,12.35651],[-12.20743,12.35762],[-12.20711,12.35792],[-12.20574,12.35806],[-12.20474,12.35777],[-12.20421,12.35724],[-12.20398,12.35659],[-12.2023,12.35745],[-12.20164,12.35792],[-12.20033,12.35921],[-12.19959,12.35962],[-12.19901,12.35969],[-12.19803,12.3592],[-12.19745,12.35832],[-12.19688,12.35825],[-12.19656,12.35867],[-12.19684,12.35956],[-12.19662,12.35994],[-12.19567,12.35979],[-12.19471,12.35891],[-12.19408,12.35894],[-12.19358,12.35924],[-12.19291,12.36011],[-12.19063,12.361],[-12.18905,12.36148],[-12.18765,12.36181],[-12.18661,12.36218],[-12.18608,12.36167],[-12.18553,12.36072],[-12.18539,12.36004],[-12.18498,12.35949],[-12.18406,12.35903],[-12.18286,12.35885],[-12.18213,12.35886],[-12.18098,12.35909],[-12.17938,12.35962],[-12.17752,12.35994],[-12.17655,12.36044],[-12.17576,12.36124],[-12.17563,12.36203],[-12.1751,12.36342],[-12.17563,12.36458],[-12.1752,12.36533],[-12.17321,12.36682],[-12.17158,12.36786],[-12.17027,12.36879],[-12.16786,12.36978],[-12.166,12.37064],[-12.16291,12.37187],[-12.16187,12.37202],[-12.16056,12.37256],[-12.15942,12.37357],[-12.159,12.3736],[-12.15772,12.37312],[-12.15626,12.37514],[-12.15593,12.3768],[-12.15559,12.3772],[-12.15465,12.37752],[-12.1538,12.3775],[-12.15323,12.37776],[-12.1529,12.37871],[-12.15309,12.38014],[-12.15273,12.38128],[-12.15187,12.3825],[-12.15075,12.38495],[-12.15031,12.38523],[-12.14959,12.38536],[-12.14855,12.38517],[-12.14768,12.38482],[-12.14637,12.38489],[-12.14567,12.38476],[-12.14492,12.38442],[-12.1439,12.38431],[-12.14318,12.38525],[-12.14188,12.386],[-12.14094,12.38578],[-12.13976,12.38566],[-12.13863,12.38536],[-12.13792,12.3855],[-12.13697,12.38642],[-12.13624,12.38607],[-12.13564,12.38606],[-12.13531,12.38635],[-12.13448,12.3884],[-12.1337,12.38925],[-12.13274,12.38943],[-12.13255,12.38967],[-12.13259,12.391],[-12.13324,12.3922],[-12.1332,12.3927],[-12.13262,12.39374],[-12.13221,12.39402],[-12.12946,12.39481],[-12.12739,12.3959],[-12.127,12.39673],[-12.12671,12.3983],[-12.1267,12.39921],[-12.12652,12.39988],[-12.12573,12.40158],[-12.12466,12.40329],[-12.1243,12.40357],[-12.1235,12.40382],[-12.1221,12.40486],[-12.12152,12.40544],[-12.12107,12.40615],[-12.12072,12.40714],[-12.12048,12.40966],[-12.12024,12.41012],[-12.11909,12.41112],[-12.11853,12.41196],[-12.11831,12.41273],[-12.11781,12.41367],[-12.11712,12.41438],[-12.11652,12.41471],[-12.1154,12.41505],[-12.11437,12.4157],[-12.11389,12.41624],[-12.11349,12.41699],[-12.11257,12.41765],[-12.11203,12.41766],[-12.11135,12.4174],[-12.11072,12.41748],[-12.10992,12.41797],[-12.10931,12.41878],[-12.1083,12.41898],[-12.10734,12.41885],[-12.10583,12.41833],[-12.10416,12.4183],[-12.10331,12.41857],[-12.09995,12.42025],[-12.09799,12.4208],[-12.09688,12.42129],[-12.09613,12.42186],[-12.0951,12.42313],[-12.0946,12.42345],[-12.08954,12.42421],[-12.08797,12.42465],[-12.08601,12.42446],[-12.08501,12.42469],[-12.08464,12.42496],[-12.08421,12.426],[-12.08377,12.42636],[-12.08248,12.42694],[-12.08172,12.4271],[-12.07985,12.42693],[-12.07952,12.427],[-12.07894,12.42776],[-12.07828,12.42796],[-12.07703,12.428],[-12.07572,12.42778],[-12.07441,12.42797],[-12.07367,12.42792],[-12.07225,12.4275],[-12.07133,12.42742],[-12.07031,12.42764],[-12.06964,12.42849],[-12.0694,12.42989],[-12.06815,12.43088],[-12.06743,12.43128],[-12.06608,12.43169],[-12.0651,12.43177],[-12.06384,12.43222],[-12.0629,12.43241],[-12.06245,12.43293],[-12.06133,12.43306],[-12.05985,12.43285],[-12.05954,12.43206],[-12.05876,12.43155],[-12.05612,12.42924],[-12.0559,12.42871],[-12.05595,12.42774],[-12.05571,12.42711],[-12.0552,12.42685],[-12.05168,12.42618],[-12.05035,12.42682],[-12.04951,12.42685],[-12.04787,12.42674],[-12.04709,12.42653],[-12.04615,12.42594],[-12.04466,12.42566],[-12.04338,12.42566],[-12.04214,12.42581],[-12.03862,12.42321],[-12.03775,12.42293],[-12.03694,12.42249],[-12.03538,12.4214],[-12.03412,12.42014],[-12.03244,12.41813],[-12.0301,12.41559],[-12.02915,12.41443],[-12.02339,12.41298],[-12.02311,12.41297],[-12.02116,12.41146],[-12.02017,12.41029],[-12.01968,12.41014],[-12.0189,12.41023],[-12.01855,12.40993],[-12.0185,12.40913],[-12.01777,12.40723],[-12.01725,12.40668],[-12.01709,12.40624],[-12.01706,12.40497],[-12.0167,12.40389],[-12.01594,12.40279],[-12.01491,12.40211],[-12.01372,12.40185],[-12.01209,12.40182],[-12.01067,12.40153],[-12.00985,12.40156],[-12.00899,12.40189],[-12.00816,12.40247],[-12.0073,12.40324],[-12.00371,12.40401],[-12.00079,12.40469],[-11.99823,12.4049],[-11.9924,12.40507],[-11.99008,12.40529],[-11.98789,12.40562],[-11.98435,12.40726],[-11.98288,12.4076],[-11.98058,12.40757],[-11.97827,12.40707],[-11.97646,12.40645],[-11.97439,12.40643],[-11.97208,12.40628],[-11.96716,12.40723],[-11.96518,12.40807],[-11.9618,12.40989],[-11.95784,12.4125],[-11.94836,12.41842],[-11.94586,12.41968],[-11.94234,12.42179],[-11.93969,12.42362],[-11.93631,12.4261],[-11.9333,12.42778],[-11.92822,12.43117],[-11.923,12.43483],[-11.91419,12.43989],[-11.9103,12.442],[-11.90721,12.4439],[-11.90531,12.44488],[-11.90398,12.44594],[-11.90288,12.44665],[-11.90207,12.447],[-11.90127,12.44706],[-11.9005,12.44587],[-11.89912,12.44232],[-11.89873,12.44109],[-11.89806,12.43823],[-11.89774,12.43738],[-11.89695,12.43564],[-11.89631,12.43345],[-11.8961,12.43118],[-11.89583,12.43032],[-11.89495,12.42857],[-11.89431,12.42676],[-11.8939,12.42596],[-11.89278,12.42428],[-11.89208,12.4237],[-11.88983,12.4226],[-11.88829,12.42223],[-11.88617,12.42139],[-11.88369,12.42046],[-11.88192,12.41949],[-11.87973,12.41805],[-11.87869,12.41752],[-11.87721,12.4169],[-11.87633,12.41667],[-11.87542,12.41662],[-11.87313,12.41683],[-11.87058,12.41668],[-11.86778,12.41984],[-11.84899,12.44786],[-11.82955,12.47684],[-11.80704,12.51038],[-11.75123,12.5935],[-11.74247,12.60653],[-11.73541,12.61666],[-11.72404,12.6373],[-11.72181,12.64143],[-11.72354,12.64358],[-11.72594,12.64586],[-11.72835,12.649],[-11.73104,12.65185],[-11.73402,12.65485],[-11.73643,12.65756],[-11.73956,12.66042],[-11.74624,12.66559],[-11.74952,12.66859],[-11.75165,12.67045],[-11.75431,12.67372],[-11.75717,12.67629],[-11.76001,12.67915],[-11.76344,12.68088],[-11.76686,12.68347],[-11.76876,12.68524],[-11.77077,12.68818],[-11.7725,12.69186],[-11.77595,12.69601],[-11.77773,12.69897],[-11.78188,12.70072],[-11.78644,12.70346],[-11.78988,12.70448],[-11.7923,12.70621],[-11.79588,12.70696],[-11.79989,12.70856],[-11.80404,12.70988],[-11.80906,12.71078],[-11.81421,12.71226],[-11.81824,12.71245],[-11.82455,12.71408],[-11.82784,12.7144],[-11.83114,12.71556],[-11.83615,12.71703],[-11.83929,12.71834],[-11.84603,12.72026],[-11.85105,12.72102],[-11.85335,12.72147],[-11.85463,12.72191],[-11.8559,12.72224],[-11.85751,12.72206],[-11.85862,12.72237],[-11.85979,12.72304],[-11.86057,12.72337],[-11.8613,12.72346],[-11.8629,12.72302],[-11.86362,12.72293],[-11.86463,12.72318],[-11.86533,12.7231],[-11.86622,12.72268],[-11.86682,12.72292],[-11.8676,12.7245],[-11.8688,12.72537],[-11.86976,12.72572],[-11.87082,12.72593],[-11.87162,12.72585],[-11.8731,12.72538],[-11.87396,12.72586],[-11.87419,12.72652],[-11.87507,12.72713],[-11.87627,12.72706],[-11.87681,12.72678],[-11.87803,12.72586],[-11.88118,12.72438],[-11.88215,12.72404],[-11.88519,12.72373],[-11.88594,12.72352],[-11.88644,12.72316],[-11.88705,12.72235],[-11.88769,12.7219],[-11.88833,12.72191],[-11.88943,12.72253],[-11.89086,12.72317],[-11.89262,12.72362],[-11.89324,12.72361],[-11.89422,12.7232],[-11.89484,12.7227],[-11.89789,12.72327],[-11.90265,12.7222],[-11.90653,12.72168],[-11.9097,12.7213],[-11.91359,12.7212],[-11.91762,12.71997],[-11.92179,12.71946],[-11.92596,12.71951],[-11.93274,12.71846],[-11.94208,12.71857],[-11.94682,12.71905],[-11.95458,12.71914],[-11.95976,12.71863],[-11.96623,12.7187],[-11.97098,12.71822],[-11.97417,12.71887],[-11.97726,12.72025],[-11.97899,12.72167],[-11.98026,12.72367],[-11.98339,12.72609],[-11.98566,12.72824],[-11.98765,12.73094],[-11.99095,12.7314],[-11.99423,12.73327],[-11.9962,12.73449],[-11.9992,12.73307],[-12.00022,12.7328],[-12.00211,12.73289],[-12.00412,12.73328],[-12.00532,12.73359],[-12.00702,12.7342],[-12.0077,12.73454],[-12.0093,12.73573],[-12.01054,12.7368],[-12.01131,12.73763],[-12.01197,12.73741],[-12.01285,12.73647],[-12.01341,12.73616],[-12.01405,12.73606],[-12.01496,12.73652],[-12.01582,12.73833],[-12.01628,12.73887],[-12.01742,12.73912],[-12.01789,12.73995],[-12.01854,12.74032],[-12.01899,12.74086],[-12.01936,12.7409],[-12.02034,12.74045],[-12.02101,12.74053],[-12.02239,12.74121],[-12.02371,12.74168],[-12.02448,12.74169],[-12.02525,12.74136],[-12.02563,12.74154],[-12.0267,12.74293],[-12.02737,12.74355],[-12.02891,12.74437],[-12.02851,12.74501],[-12.02741,12.74624],[-12.0254,12.74698],[-12.02397,12.74732],[-12.02316,12.74787],[-12.02207,12.75003],[-12.02178,12.75011],[-12.02011,12.75006],[-12.01932,12.74992],[-12.01787,12.75004],[-12.01732,12.75034],[-12.01641,12.75131],[-12.01717,12.75259],[-12.0176,12.75281],[-12.01933,12.75255],[-12.0197,12.75276],[-12.0202,12.75343],[-12.0197,12.75423],[-12.01936,12.75563],[-12.0196,12.75612],[-12.02014,12.75659],[-12.02078,12.75683],[-12.02142,12.75732],[-12.02242,12.75842],[-12.02396,12.75912],[-12.02541,12.75934],[-12.0258,12.75978],[-12.02601,12.76037],[-12.02632,12.7626],[-12.02622,12.76477],[-12.02628,12.76579],[-12.02654,12.76751],[-12.02662,12.77088],[-12.02681,12.77167],[-12.02715,12.77204],[-12.02787,12.77222],[-12.02874,12.77208],[-12.02894,12.77362],[-12.02894,12.77471],[-12.02912,12.77535],[-12.0298,12.77662],[-12.03004,12.77766],[-12.03065,12.77885],[-12.03142,12.77957],[-12.03229,12.78009],[-12.0332,12.78089],[-12.0338,12.7816],[-12.03458,12.7828],[-12.03607,12.78425],[-12.03641,12.78481],[-12.03675,12.78652],[-12.03704,12.78753],[-12.03707,12.7888],[-12.0373,12.78908],[-12.03847,12.78936],[-12.03947,12.7901],[-12.03982,12.79067],[-12.04003,12.79184],[-12.04034,12.79252],[-12.04151,12.79355],[-12.04368,12.79445],[-12.04534,12.79527],[-12.04585,12.79603],[-12.04565,12.79677],[-12.04602,12.79699],[-12.04758,12.79678],[-12.04801,12.79708],[-12.0483,12.79797],[-12.04836,12.79889],[-12.04859,12.79948],[-12.04937,12.80007],[-12.05008,12.80028],[-12.05201,12.80165],[-12.05369,12.80214],[-12.05483,12.8027],[-12.05544,12.80325],[-12.0563,12.80352],[-12.05823,12.8035],[-12.05907,12.80356],[-12.06043,12.8039],[-12.06204,12.80478],[-12.06245,12.80526],[-12.06306,12.80665],[-12.06381,12.80767],[-12.06415,12.80856],[-12.06427,12.80943],[-12.06475,12.81066],[-12.06546,12.81167],[-12.06651,12.81241],[-12.06707,12.81311],[-12.06713,12.81365],[-12.06666,12.81531],[-12.06671,12.81639],[-12.06715,12.81652],[-12.0679,12.8164],[-12.06874,12.81673],[-12.0689,12.81739],[-12.0688,12.81807],[-12.06891,12.81908],[-12.06924,12.82038],[-12.0696,12.82103],[-12.07045,12.82136],[-12.07145,12.82129],[-12.07309,12.8217],[-12.07465,12.82252],[-12.07544,12.82359],[-12.07549,12.82418],[-12.07529,12.82513],[-12.07554,12.82597],[-12.07608,12.82677],[-12.07681,12.82716],[-12.07714,12.82757],[-12.07742,12.82852],[-12.07797,12.82984],[-12.07833,12.8311],[-12.07849,12.83227],[-12.07891,12.83296],[-12.07894,12.83373],[-12.07844,12.83444],[-12.08109,12.83443],[-12.08151,12.83484],[-12.08157,12.83782],[-12.0829,12.83818],[-12.08414,12.83885],[-12.08515,12.84023],[-12.0862,12.84208],[-12.08688,12.84272],[-12.08749,12.84302],[-12.08863,12.84315],[-12.08938,12.84296],[-12.09015,12.84297],[-12.09129,12.8432],[-12.09222,12.8432],[-12.09293,12.84344],[-12.09359,12.84439],[-12.09364,12.84524],[-12.09408,12.84626],[-12.09486,12.84724],[-12.09548,12.84848],[-12.09609,12.85031],[-12.09649,12.851],[-12.09793,12.85305],[-12.09908,12.85458],[-12.1003,12.85605],[-12.10073,12.85701],[-12.10071,12.85764],[-12.10021,12.85849],[-12.10038,12.85946],[-12.10106,12.86037],[-12.10178,12.86198],[-12.10198,12.8637],[-12.10249,12.86415],[-12.1035,12.86443],[-12.10426,12.86506],[-12.10484,12.86648],[-12.1067,12.86806],[-12.10726,12.86834],[-12.10855,12.86861],[-12.11029,12.86925],[-12.11145,12.86919],[-12.11288,12.86891],[-12.11329,12.8682],[-12.11514,12.86739],[-12.11646,12.86729],[-12.11814,12.86742],[-12.11899,12.86809],[-12.11984,12.86791],[-12.12281,12.86815],[-12.12367,12.86806],[-12.12452,12.86818],[-12.12701,12.86899],[-12.12723,12.86979],[-12.1276,12.87039],[-12.12923,12.87175],[-12.13008,12.87312],[-12.1316,12.87464],[-12.13224,12.87538],[-12.13243,12.8773],[-12.13324,12.87813],[-12.13378,12.87922],[-12.13374,12.88012],[-12.13393,12.88071],[-12.13437,12.88106],[-12.13498,12.88122],[-12.13563,12.88249],[-12.13655,12.88224],[-12.13733,12.8826],[-12.13802,12.88256],[-12.1392,12.88318],[-12.13989,12.88324],[-12.14073,12.88367],[-12.14257,12.88373],[-12.14467,12.88345],[-12.14532,12.88311],[-12.14573,12.88256],[-12.14632,12.88246],[-12.14697,12.88322],[-12.14787,12.88262],[-12.14876,12.8826],[-12.15054,12.8823],[-12.15138,12.8824],[-12.15221,12.88277],[-12.15316,12.88289],[-12.15445,12.88229],[-12.15526,12.88252],[-12.15552,12.883],[-12.15551,12.88365],[-12.15578,12.88385],[-12.15683,12.88346],[-12.15804,12.88352],[-12.15894,12.88312],[-12.15928,12.88242],[-12.15978,12.88218],[-12.16168,12.88301],[-12.16294,12.88301],[-12.16343,12.88342],[-12.16496,12.88328],[-12.16642,12.88279],[-12.16698,12.88295],[-12.16782,12.88347],[-12.16875,12.88382],[-12.17019,12.88418],[-12.17147,12.88473],[-12.17206,12.88576],[-12.17256,12.88578],[-12.17358,12.88537],[-12.17482,12.88516],[-12.17548,12.88469],[-12.17657,12.88457],[-12.17725,12.88487],[-12.17766,12.88531],[-12.17816,12.88627],[-12.17872,12.88693],[-12.17877,12.8886],[-12.17907,12.88938],[-12.17917,12.89022],[-12.17907,12.89155],[-12.17919,12.89306],[-12.17949,12.89382],[-12.18032,12.89452],[-12.1813,12.89481],[-12.18188,12.89582],[-12.18224,12.89669],[-12.18307,12.89771],[-12.18352,12.89908],[-12.18375,12.90071],[-12.18397,12.90115],[-12.18474,12.90159],[-12.18545,12.90179],[-12.18623,12.90228],[-12.18697,12.90242],[-12.18695,12.90286],[-12.18643,12.90326],[-12.18619,12.90461],[-12.18632,12.90518],[-12.18684,12.90593],[-12.18709,12.90758],[-12.1873,12.90797],[-12.18805,12.90812],[-12.18858,12.90866],[-12.18864,12.9091],[-12.1882,12.90974],[-12.18803,12.9111],[-12.18746,12.91138],[-12.18728,12.91192],[-12.18782,12.9123],[-12.18793,12.91274],[-12.18756,12.9134],[-12.1872,12.91468],[-12.18716,12.91537],[-12.18735,12.91662],[-12.18762,12.91775],[-12.18757,12.91854],[-12.18725,12.91939],[-12.18658,12.92015],[-12.18576,12.92134],[-12.18487,12.92229],[-12.18453,12.92282],[-12.18414,12.92448],[-12.18439,12.92508],[-12.18505,12.92565],[-12.18534,12.92644],[-12.18552,12.92759],[-12.18516,12.93021],[-12.18521,12.9331],[-12.18561,12.93356],[-12.18649,12.9341],[-12.18812,12.93598],[-12.18909,12.93739],[-12.19007,12.93849],[-12.1917,12.93932],[-12.19277,12.94019],[-12.19369,12.94061],[-12.19551,12.94115],[-12.19632,12.94171],[-12.19805,12.94318],[-12.19802,12.94385],[-12.19832,12.94445],[-12.19971,12.94485],[-12.20151,12.94555],[-12.20337,12.94666],[-12.20405,12.94683],[-12.20673,12.94667],[-12.20769,12.94638],[-12.20868,12.94587],[-12.20924,12.94683],[-12.20981,12.94701],[-12.21059,12.94685],[-12.2116,12.94634],[-12.21267,12.94603],[-12.2139,12.94516],[-12.21456,12.9449],[-12.21575,12.94491],[-12.21651,12.94519],[-12.21778,12.9464],[-12.21877,12.94723],[-12.2195,12.94756],[-12.22077,12.9475],[-12.22239,12.9476],[-12.2246,12.94818],[-12.22526,12.94864],[-12.22563,12.94919],[-12.22571,12.94998],[-12.22537,12.95056],[-12.22512,12.95199],[-12.22533,12.95295],[-12.22605,12.95397],[-12.22724,12.95475],[-12.229,12.95478],[-12.22981,12.95505],[-12.23044,12.95597],[-12.23155,12.95682],[-12.23314,12.9573],[-12.23413,12.95746],[-12.23523,12.95748],[-12.2378,12.95772],[-12.23834,12.95792],[-12.24013,12.95882],[-12.24126,12.95918],[-12.24198,12.95908],[-12.24267,12.95877],[-12.24379,12.95857],[-12.24539,12.95876],[-12.24783,12.95965],[-12.24921,12.96],[-12.25178,12.96038],[-12.2536,12.96084],[-12.25393,12.96148],[-12.25455,12.96227],[-12.25541,12.96279],[-12.25641,12.9629],[-12.25779,12.9633],[-12.25835,12.96364],[-12.26006,12.96556],[-12.26033,12.96604],[-12.26039,12.967],[-12.26057,12.96765],[-12.26097,12.96807],[-12.26238,12.96898],[-12.26441,12.96993],[-12.26542,12.97015],[-12.26732,12.97015],[-12.26821,12.97026],[-12.26889,12.97054],[-12.27072,12.97194],[-12.27114,12.97241],[-12.27156,12.97343],[-12.27106,12.97387],[-12.27083,12.97446],[-12.27134,12.97494],[-12.27186,12.97487],[-12.27232,12.97543],[-12.27241,12.976],[-12.27231,12.97696],[-12.27246,12.97748],[-12.27231,12.97789],[-12.27115,12.97769],[-12.27066,12.97848],[-12.27085,12.97914],[-12.27134,12.97963],[-12.27216,12.97995],[-12.27315,12.98123],[-12.27415,12.98189],[-12.27549,12.98217],[-12.27729,12.9818],[-12.27858,12.98187],[-12.2789,12.98234],[-12.27864,12.98356],[-12.27875,12.9839],[-12.27942,12.98444],[-12.27995,12.9862],[-12.28047,12.98691],[-12.28076,12.98782],[-12.28153,12.98897],[-12.28175,12.98963],[-12.28185,12.99067],[-12.28262,12.99229],[-12.28264,12.99305],[-12.28224,12.99372],[-12.28184,12.99399],[-12.28097,12.99387],[-12.28009,12.99465],[-12.27971,12.99483],[-12.27977,12.99536],[-12.28041,12.99559],[-12.28088,12.99634],[-12.28085,12.9973],[-12.28009,12.99877],[-12.27976,13.00044],[-12.28025,13.00132],[-12.28131,13.00158],[-12.2822,13.00142],[-12.28463,13.00139],[-12.28521,13.00161],[-12.28638,13.0015],[-12.28783,13.00106],[-12.29077,13.00064],[-12.29174,13.00093],[-12.29185,13.0015],[-12.29138,13.00212],[-12.2903,13.00279],[-12.28981,13.00348],[-12.28993,13.00413],[-12.29112,13.0046],[-12.29215,13.00448],[-12.29401,13.0038],[-12.29526,13.00358],[-12.29796,13.00354],[-12.3002,13.00327],[-12.30118,13.00294],[-12.30196,13.00337],[-12.30183,13.00525],[-12.30222,13.0057],[-12.30341,13.00605],[-12.30399,13.00645],[-12.30481,13.00781],[-12.30579,13.00853],[-12.30618,13.00836],[-12.30637,13.00765],[-12.30627,13.00691],[-12.30642,13.0061],[-12.30728,13.00536],[-12.30819,13.00525],[-12.30896,13.00548],[-12.30975,13.00547],[-12.31052,13.0052],[-12.31105,13.00534],[-12.31135,13.0057],[-12.31156,13.00658],[-12.3114,13.00738],[-12.31072,13.00833],[-12.31057,13.00935],[-12.31084,13.01019],[-12.31162,13.01074],[-12.31264,13.01073],[-12.313,13.01105],[-12.31329,13.01192],[-12.31391,13.01248],[-12.31518,13.01296],[-12.31736,13.01295],[-12.31785,13.0127],[-12.31876,13.01104],[-12.31926,13.01081],[-12.32012,13.01137],[-12.32047,13.01265],[-12.32094,13.01289],[-12.32172,13.01281],[-12.32222,13.01258],[-12.32265,13.01301],[-12.32273,13.01366],[-12.32248,13.01592],[-12.32258,13.01665],[-12.32298,13.01768],[-12.32321,13.01862],[-12.32368,13.01904],[-12.32508,13.01954],[-12.32567,13.01991],[-12.32639,13.02074],[-12.3271,13.02232],[-12.32806,13.02372],[-12.32838,13.02443],[-12.3284,13.02596],[-12.32875,13.02667],[-12.32914,13.02697],[-12.33004,13.02692],[-12.33069,13.02643],[-12.33178,13.02584],[-12.33315,13.02549],[-12.33595,13.02524],[-12.33657,13.02483],[-12.33773,13.02363],[-12.33907,13.0226],[-12.33998,13.02161],[-12.34152,13.0196],[-12.34238,13.01879],[-12.34338,13.01825],[-12.34401,13.01748],[-12.34408,13.01682],[-12.34384,13.0157],[-12.34336,13.01447],[-12.3433,13.01376],[-12.34344,13.01283],[-12.34366,13.01229],[-12.34463,13.01079],[-12.34512,13.01033],[-12.34607,13.00994],[-12.34824,13.00987],[-12.34907,13.00976],[-12.34971,13.00983],[-12.35017,13.01011],[-12.35072,13.01091],[-12.35149,13.01167],[-12.35274,13.01203],[-12.35394,13.0117],[-12.35599,13.01012],[-12.35712,13.00952],[-12.35802,13.0093],[-12.35951,13.00971],[-12.36022,13.00932],[-12.36085,13.00803],[-12.36139,13.00743],[-12.36249,13.00662],[-12.36273,13.00554],[-12.3631,13.00463],[-12.36364,13.00397],[-12.36446,13.00331],[-12.36538,13.00293],[-12.3675,13.00247],[-12.36994,13.00216],[-12.37059,13.00218],[-12.37133,13.00241],[-12.37197,13.00233],[-12.37326,13.00159],[-12.37417,13.00155],[-12.37461,13.00181],[-12.37505,13.00249],[-12.37629,13.00244],[-12.37805,13.00147],[-12.3793,13.0011],[-12.38008,13.00075],[-12.3806,13.00083],[-12.3811,13.00179],[-12.38128,13.00321],[-12.38185,13.00415],[-12.3825,13.00451],[-12.38327,13.00453],[-12.38362,13.00487],[-12.3841,13.00679],[-12.38498,13.00759],[-12.38571,13.00763],[-12.38661,13.00692],[-12.38698,13.00609],[-12.38737,13.00584],[-12.38803,13.00577],[-12.38861,13.00597],[-12.3893,13.0067],[-12.38989,13.00797],[-12.39018,13.00923],[-12.39063,13.00964],[-12.3919,13.01001],[-12.39305,13.01015],[-12.3933,13.0105],[-12.39275,13.01146],[-12.39304,13.01196],[-12.394,13.012],[-12.39448,13.01154],[-12.39553,13.01127],[-12.39628,13.01168],[-12.39652,13.01293],[-12.39697,13.01335],[-12.39768,13.01367],[-12.39829,13.01417],[-12.39896,13.01501],[-12.39977,13.0156],[-12.39956,13.01638],[-12.39867,13.01608],[-12.39845,13.01628],[-12.39808,13.01788],[-12.39771,13.01796],[-12.39727,13.01714],[-12.39682,13.0172],[-12.39657,13.01834],[-12.39651,13.0201],[-12.3968,13.02169],[-12.39708,13.0222],[-12.39674,13.02276],[-12.39421,13.02376],[-12.39314,13.02375],[-12.39224,13.02319],[-12.39128,13.02303],[-12.39094,13.02324],[-12.39062,13.02397],[-12.38983,13.02423],[-12.39006,13.02307],[-12.38964,13.02105],[-12.38896,13.02106],[-12.38849,13.02166],[-12.38826,13.02237],[-12.38823,13.02381],[-12.38775,13.02484],[-12.38663,13.02568],[-12.38654,13.02657],[-12.38688,13.02691],[-12.38784,13.02747],[-12.38954,13.02796],[-12.38995,13.02825],[-12.39046,13.02939],[-12.39089,13.02981],[-12.39124,13.0305],[-12.39078,13.0315],[-12.39142,13.03225],[-12.39139,13.03261],[-12.39048,13.03364],[-12.38997,13.03462],[-12.3901,13.03503],[-12.39068,13.03537],[-12.39152,13.03488],[-12.39203,13.03501],[-12.39228,13.03552],[-12.39162,13.03632],[-12.39101,13.03648],[-12.3908,13.037],[-12.3911,13.03844],[-12.39111,13.03911],[-12.39076,13.04052],[-12.3903,13.04171],[-12.39032,13.04234],[-12.39058,13.0432],[-12.39071,13.04436],[-12.39128,13.04476],[-12.39159,13.04528],[-12.39147,13.0466],[-12.39175,13.04794],[-12.39219,13.04908],[-12.39251,13.05051],[-12.39245,13.05121],[-12.39198,13.05208],[-12.39212,13.05277],[-12.39489,13.05397],[-12.39578,13.05396],[-12.39614,13.05431],[-12.39631,13.05524],[-12.39678,13.05585],[-12.39773,13.05665],[-12.39801,13.05715],[-12.39785,13.0581],[-12.3972,13.05853],[-12.39556,13.0583],[-12.39487,13.05836],[-12.39361,13.05881],[-12.39327,13.05974],[-12.39368,13.06097],[-12.39463,13.06151],[-12.3956,13.06126],[-12.39582,13.06025],[-12.39605,13.05999],[-12.39732,13.06028],[-12.39795,13.0602],[-12.39942,13.05965],[-12.40011,13.05979],[-12.40097,13.06032],[-12.40159,13.06097],[-12.40177,13.06141],[-12.40165,13.06205],[-12.40114,13.06257],[-12.40036,13.06375],[-12.39958,13.06462],[-12.39886,13.06498],[-12.39843,13.06491],[-12.39806,13.06395],[-12.3974,13.06386],[-12.39683,13.06436],[-12.39649,13.06496],[-12.39645,13.0655],[-12.39668,13.06603],[-12.39773,13.06725],[-12.39773,13.06803],[-12.39672,13.0684],[-12.39546,13.06832],[-12.395,13.06891],[-12.39497,13.06966],[-12.39542,13.07028],[-12.39677,13.07024],[-12.39687,13.07071],[-12.39658,13.07124],[-12.39613,13.07154],[-12.39528,13.07178],[-12.39492,13.07221],[-12.39507,13.07282],[-12.39545,13.07301],[-12.39652,13.07287],[-12.39738,13.07362],[-12.39752,13.07445],[-12.39737,13.07549],[-12.39699,13.07661],[-12.39695,13.0776],[-12.39734,13.07873],[-12.39725,13.07913],[-12.39655,13.07972],[-12.39616,13.08065],[-12.39641,13.08125],[-12.39799,13.08108],[-12.39815,13.08154],[-12.3977,13.08282],[-12.39775,13.08373],[-12.39874,13.08516],[-12.39982,13.08728],[-12.40054,13.08774],[-12.40203,13.08754],[-12.40274,13.08758],[-12.40325,13.08785],[-12.40317,13.08889],[-12.40271,13.09012],[-12.40272,13.09083],[-12.40309,13.09175],[-12.40443,13.09291],[-12.40513,13.09314],[-12.40588,13.093],[-12.40668,13.09307],[-12.40747,13.09345],[-12.40785,13.09395],[-12.4081,13.09469],[-12.40808,13.09604],[-12.40921,13.09725],[-12.40979,13.09745],[-12.41211,13.09774],[-12.41254,13.09789],[-12.41291,13.09861],[-12.41263,13.09952],[-12.41287,13.10011],[-12.41388,13.10064],[-12.41528,13.10073],[-12.41638,13.10046],[-12.41783,13.10067],[-12.41854,13.10052],[-12.4196,13.09962],[-12.42063,13.09894],[-12.42131,13.0988],[-12.42173,13.09894],[-12.42227,13.09945],[-12.42311,13.1],[-12.4243,13.10056],[-12.42502,13.10072],[-12.42582,13.10043],[-12.42659,13.09976],[-12.42728,13.09952],[-12.42807,13.09955],[-12.42853,13.09984],[-12.4304,13.10181],[-12.43179,13.10314],[-12.43251,13.1036],[-12.43324,13.10374],[-12.43433,13.10353],[-12.43506,13.10326],[-12.43578,13.10267],[-12.43628,13.10254],[-12.43658,13.10286],[-12.4368,13.1038],[-12.43682,13.10493],[-12.43732,13.10599],[-12.43823,13.10628],[-12.43894,13.10584],[-12.43909,13.10485],[-12.43953,13.10427],[-12.44015,13.10453],[-12.43981,13.10561],[-12.43938,13.10644],[-12.43835,13.10769],[-12.43829,13.10822],[-12.43849,13.10929],[-12.43903,13.11035],[-12.44001,13.11058],[-12.44186,13.10973],[-12.44302,13.10946],[-12.44401,13.10942],[-12.44549,13.10953],[-12.44613,13.10968],[-12.44681,13.11022],[-12.44801,13.11164],[-12.44837,13.1122],[-12.44866,13.11306],[-12.44915,13.11386],[-12.4497,13.11442],[-12.4509,13.11489],[-12.45234,13.11469],[-12.45377,13.11434],[-12.45539,13.11448],[-12.45635,13.11491],[-12.45742,13.11599],[-12.45776,13.1169],[-12.4577,13.11782],[-12.45723,13.11946],[-12.45692,13.12112],[-12.45636,13.1221],[-12.45569,13.12278],[-12.45507,13.12319],[-12.45376,13.12355],[-12.45343,13.12415],[-12.45355,13.12512],[-12.45334,13.12562],[-12.45263,13.12652],[-12.45291,13.12727],[-12.4546,13.12908],[-12.45523,13.12889],[-12.45583,13.12813],[-12.45631,13.12721],[-12.45704,13.12698],[-12.45761,13.12746],[-12.45806,13.12824],[-12.45832,13.12938],[-12.45796,13.13142],[-12.4569,13.13324],[-12.45685,13.13452],[-12.45724,13.13613],[-12.45792,13.13706],[-12.45853,13.13735],[-12.45997,13.1376],[-12.46068,13.13747],[-12.46156,13.13695],[-12.46222,13.13682],[-12.46286,13.13695],[-12.46337,13.1374],[-12.46364,13.13808],[-12.46365,13.13879],[-12.46419,13.13967],[-12.46492,13.14005],[-12.46653,13.14001],[-12.46737,13.13966],[-12.46767,13.14025],[-12.46727,13.14121],[-12.46553,13.14334],[-12.46466,13.14397],[-12.4641,13.14364],[-12.46394,13.14306],[-12.46345,13.14296],[-12.46238,13.14347],[-12.46177,13.14426],[-12.46144,13.14599],[-12.46122,13.14666],[-12.4608,13.14726],[-12.46082,13.14817],[-12.46154,13.14871],[-12.4627,13.14823],[-12.46384,13.14808],[-12.46415,13.14832],[-12.4643,13.14915],[-12.46412,13.1498],[-12.46369,13.1502],[-12.46284,13.15048],[-12.4617,13.1511],[-12.46151,13.15151],[-12.46173,13.15257],[-12.46209,13.153],[-12.46344,13.15414],[-12.46381,13.15479],[-12.46402,13.15588],[-12.46443,13.15649],[-12.46432,13.15708],[-12.46385,13.15779],[-12.46445,13.1589],[-12.46434,13.16],[-12.46457,13.16031],[-12.46587,13.16074],[-12.46672,13.16058],[-12.46709,13.16011],[-12.46781,13.15965],[-12.46796,13.16004],[-12.46692,13.16192],[-12.46704,13.16228],[-12.46781,13.16245],[-12.46854,13.16222],[-12.46889,13.16107],[-12.46967,13.16062],[-12.47057,13.16084],[-12.47058,13.16153],[-12.47094,13.16251],[-12.47135,13.163],[-12.4713,13.16341],[-12.47013,13.16422],[-12.46933,13.1646],[-12.46874,13.16538],[-12.46837,13.16657],[-12.46765,13.17085],[-12.46771,13.17142],[-12.46821,13.17194],[-12.46883,13.17206],[-12.47043,13.17105],[-12.47081,13.17111],[-12.47147,13.17195],[-12.47203,13.1723],[-12.47299,13.17262],[-12.47443,13.17278],[-12.47504,13.17339],[-12.47509,13.17378],[-12.47443,13.17446],[-12.47454,13.17508],[-12.47529,13.17523],[-12.4761,13.17481],[-12.47647,13.1744],[-12.4768,13.17478],[-12.47652,13.17593],[-12.47606,13.17658],[-12.47564,13.17678],[-12.47479,13.17662],[-12.47439,13.17692],[-12.47435,13.17733],[-12.47391,13.17841],[-12.47404,13.17905],[-12.47449,13.1796],[-12.47506,13.17968],[-12.47662,13.17955],[-12.47691,13.17995],[-12.47534,13.18176],[-12.47548,13.18255],[-12.4762,13.18362],[-12.47726,13.18406],[-12.47896,13.18401],[-12.47987,13.18381],[-12.48053,13.18335],[-12.48135,13.18254],[-12.48177,13.18267],[-12.48235,13.18346],[-12.48379,13.18486],[-12.48399,13.18521],[-12.48384,13.18603],[-12.48392,13.18675],[-12.48429,13.1874],[-12.48479,13.18782],[-12.48549,13.188],[-12.48683,13.18801],[-12.48838,13.18777],[-12.48895,13.18788],[-12.49047,13.18854],[-12.49153,13.1891],[-12.4923,13.18932],[-12.4936,13.18919],[-12.4952,13.1897],[-12.49606,13.18982],[-12.49624,13.19003],[-12.4963,13.19016],[-12.49636,13.19032],[-12.49643,13.19083],[-12.49622,13.19133],[-12.49555,13.19219],[-12.49473,13.1939],[-12.4953,13.19361],[-12.49614,13.19296],[-12.49668,13.19308],[-12.4978,13.19445],[-12.49857,13.1948],[-12.49961,13.19507],[-12.5005,13.19507],[-12.50119,13.19556],[-12.5019,13.19585],[-12.50279,13.19574],[-12.50329,13.19543],[-12.50457,13.1941],[-12.50531,13.19352],[-12.506,13.1932],[-12.50776,13.1926],[-12.51004,13.19262],[-12.51183,13.19225],[-12.51288,13.19186],[-12.51414,13.19104],[-12.51489,13.19029],[-12.51541,13.18957],[-12.51594,13.18832],[-12.51608,13.1878],[-12.5162,13.18726],[-12.51648,13.18564],[-12.51648,13.18413],[-12.51689,13.18341],[-12.51732,13.18303],[-12.51819,13.18266],[-12.51956,13.18236],[-12.52034,13.18237],[-12.52117,13.18257],[-12.52219,13.18312],[-12.52331,13.1843],[-12.52364,13.18502],[-12.52385,13.18614],[-12.52392,13.18635],[-12.52402,13.18654],[-12.52434,13.1868],[-12.52485,13.18688],[-12.52613,13.18642],[-12.52662,13.18594],[-12.52711,13.18516],[-12.52741,13.18478],[-12.52937,13.18292],[-12.53018,13.18244],[-12.53109,13.18218],[-12.53189,13.18212],[-12.53295,13.18226],[-12.5346,13.18304],[-12.53592,13.18395],[-12.53634,13.18444],[-12.53689,13.18527],[-12.53711,13.18558],[-12.53753,13.186],[-12.53825,13.18636],[-12.53902,13.18648],[-12.54012,13.18629],[-12.54145,13.18575],[-12.54354,13.18507],[-12.54431,13.18463],[-12.54491,13.18363],[-12.54491,13.18305],[-12.54498,13.18268],[-12.54528,13.18228],[-12.54656,13.18174],[-12.54726,13.18169],[-12.54964,13.18192],[-12.5518,13.18219],[-12.55314,13.18228]]]},"properties":{"slug":"kedougou","name":"Kedougou","department":"Kedougou","code":"SN0601","parent":"region-kedougou"}},{"type":"Feature","geometry":{"type":"Polygon","coordinates":[[[-12.39397,12.37518],[-12.39285,12.37554],[-12.39179,12.37612],[-12.39108,12.37714],[-12.39148,12.37803],[-12.39213,12.37888],[-12.39307,12.38139],[-12.39316,12.38289],[-12.39345,12.38383],[-12.39401,12.3852],[-12.39401,12.38642],[-12.39329,12.38714],[-12.39247,12.38768],[-12.3923,12.38975],[-12.39181,12.39064],[-12.39132,12.39099],[-12.38989,12.39139],[-12.38936,12.39131],[-12.38899,12.3908],[-12.38842,12.39061],[-12.38787,12.3912],[-12.38791,12.39195],[-12.38842,12.39301],[-12.38916,12.39412],[-12.38955,12.39506],[-12.39002,12.39589],[-12.39093,12.39722],[-12.39197,12.39888],[-12.39264,12.40044],[-12.39255,12.4012],[-12.39228,12.40193],[-12.39164,12.40298],[-12.39136,12.40382],[-12.39136,12.40449],[-12.39175,12.40516],[-12.39183,12.40567],[-12.39163,12.40672],[-12.3913,12.40763],[-12.39228,12.40982],[-12.3927,12.41135],[-12.39307,12.41222],[-12.39402,12.41392],[-12.39473,12.41595],[-12.39517,12.41685],[-12.39566,12.41739],[-12.39789,12.41745],[-12.39847,12.41775],[-12.39986,12.41761],[-12.40075,12.41781],[-12.40163,12.41836],[-12.40226,12.41957],[-12.40235,12.42127],[-12.40215,12.42234],[-12.4015,12.42378],[-12.40046,12.42536],[-12.4003,12.42638],[-12.40055,12.42704],[-12.40213,12.42809],[-12.40257,12.4287],[-12.40281,12.42942],[-12.40311,12.43089],[-12.40313,12.43204],[-12.40299,12.43323],[-12.40305,12.43519],[-12.40388,12.43654],[-12.40543,12.43808],[-12.40664,12.43896],[-12.40733,12.43969],[-12.40841,12.44046],[-12.40914,12.44077],[-12.40995,12.44137],[-12.41068,12.44148],[-12.41147,12.44185],[-12.41255,12.44179],[-12.41429,12.44154],[-12.41539,12.44159],[-12.41588,12.44179],[-12.41715,12.44263],[-12.41771,12.44275],[-12.4184,12.44253],[-12.4187,12.44205],[-12.41936,12.44165],[-12.42144,12.44255],[-12.42222,12.44356],[-12.42296,12.44404],[-12.42335,12.44383],[-12.42293,12.44282],[-12.42435,12.44245],[-12.42503,12.44215],[-12.42603,12.44138],[-12.42689,12.44105],[-12.42757,12.4411],[-12.42787,12.44014],[-12.42759,12.43878],[-12.42782,12.43781],[-12.42826,12.43718],[-12.42969,12.43638],[-12.43023,12.43597],[-12.43091,12.43614],[-12.43145,12.43674],[-12.43229,12.43694],[-12.43357,12.43638],[-12.43457,12.4357],[-12.43492,12.43516],[-12.43729,12.43494],[-12.43788,12.43478],[-12.43885,12.43421],[-12.44083,12.4334],[-12.4416,12.43332],[-12.44277,12.4339],[-12.44372,12.43342],[-12.44472,12.43316],[-12.44542,12.4325],[-12.44654,12.43228],[-12.44731,12.43305],[-12.44759,12.43386],[-12.4475,12.43463],[-12.44671,12.43558],[-12.44734,12.436],[-12.4489,12.43566],[-12.44951,12.4354],[-12.45157,12.43421],[-12.45218,12.43435],[-12.45251,12.43486],[-12.4529,12.43628],[-12.45287,12.43689],[-12.45236,12.43747],[-12.45225,12.43824],[-12.4526,12.43886],[-12.45382,12.43934],[-12.45413,12.43982],[-12.45432,12.44061],[-12.45493,12.4422],[-12.45552,12.4428],[-12.45648,12.44227],[-12.45708,12.44217],[-12.45775,12.44171],[-12.45928,12.43998],[-12.46002,12.43997],[-12.46066,12.44097],[-12.46175,12.44182],[-12.46225,12.44237],[-12.46235,12.44319],[-12.46173,12.44319],[-12.46162,12.44356],[-12.46215,12.44497],[-12.46267,12.44552],[-12.46352,12.446],[-12.4641,12.44593],[-12.46477,12.44519],[-12.46584,12.44451],[-12.46654,12.44341],[-12.46768,12.44288],[-12.46847,12.44294],[-12.46882,12.4432],[-12.4691,12.44409],[-12.46932,12.44607],[-12.46967,12.44689],[-12.47035,12.44791],[-12.47047,12.44852],[-12.47082,12.44916],[-12.47148,12.44992],[-12.47236,12.45154],[-12.47249,12.45195],[-12.47238,12.45272],[-12.4716,12.45489],[-12.47157,12.45531],[-12.47187,12.45606],[-12.47206,12.45717],[-12.47312,12.46021],[-12.47413,12.46132],[-12.47451,12.46241],[-12.47474,12.46405],[-12.47531,12.46523],[-12.47492,12.4664],[-12.475,12.4669],[-12.47591,12.46772],[-12.47641,12.468],[-12.47722,12.46807],[-12.47768,12.4683],[-12.47798,12.46879],[-12.47853,12.47049],[-12.47865,12.47116],[-12.47915,12.47171],[-12.47996,12.47191],[-12.48034,12.47156],[-12.48053,12.47061],[-12.48094,12.47],[-12.48137,12.47001],[-12.48247,12.47074],[-12.48316,12.47093],[-12.48389,12.4706],[-12.4842,12.47003],[-12.48464,12.46979],[-12.48517,12.4699],[-12.486,12.47047],[-12.48653,12.47105],[-12.4874,12.47106],[-12.48793,12.47026],[-12.4894,12.46971],[-12.48988,12.46971],[-12.49036,12.47],[-12.49046,12.4707],[-12.49089,12.47133],[-12.49183,12.4722],[-12.4926,12.47265],[-12.49345,12.47289],[-12.49379,12.47283],[-12.49422,12.47223],[-12.49476,12.47223],[-12.49503,12.47291],[-12.49462,12.4743],[-12.49447,12.47618],[-12.49455,12.47673],[-12.49437,12.47722],[-12.49382,12.4777],[-12.49274,12.47828],[-12.49255,12.47876],[-12.49333,12.48008],[-12.49393,12.48052],[-12.49457,12.48009],[-12.49589,12.48088],[-12.49634,12.48094],[-12.49685,12.48051],[-12.49749,12.48022],[-12.49808,12.48019],[-12.49843,12.48078],[-12.499,12.48316],[-12.4992,12.48346],[-12.50055,12.48358],[-12.5012,12.48426],[-12.50151,12.48428],[-12.50303,12.4838],[-12.50348,12.48335],[-12.50519,12.48274],[-12.50726,12.48252],[-12.50745,12.48277],[-12.50754,12.48369],[-12.50723,12.48488],[-12.50701,12.48521],[-12.50641,12.48534],[-12.50614,12.48506],[-12.50552,12.48501],[-12.50519,12.48543],[-12.5055,12.48593],[-12.50617,12.4863],[-12.50728,12.48641],[-12.50816,12.48591],[-12.50977,12.4857],[-12.51035,12.48484],[-12.51135,12.4844],[-12.51191,12.48431],[-12.51338,12.48496],[-12.51443,12.48495],[-12.51497,12.4845],[-12.5157,12.48335],[-12.51634,12.48281],[-12.51776,12.48258],[-12.51815,12.48268],[-12.51843,12.48315],[-12.51885,12.48447],[-12.51881,12.48506],[-12.51855,12.48541],[-12.51747,12.48606],[-12.51736,12.48641],[-12.51751,12.48771],[-12.51675,12.48891],[-12.51677,12.48954],[-12.51722,12.49007],[-12.51793,12.49053],[-12.51863,12.49142],[-12.51948,12.49196],[-12.5199,12.49243],[-12.52024,12.49325],[-12.52024,12.49431],[-12.52055,12.49492],[-12.52156,12.49502],[-12.52241,12.49556],[-12.52305,12.49614],[-12.52337,12.49669],[-12.52376,12.49828],[-12.52371,12.49892],[-12.52318,12.49972],[-12.52314,12.50013],[-12.52355,12.50099],[-12.5241,12.50144],[-12.52507,12.50165],[-12.52611,12.5013],[-12.52717,12.50181],[-12.5274,12.50217],[-12.52728,12.50305],[-12.52664,12.50451],[-12.5262,12.50524],[-12.52591,12.50622],[-12.52625,12.50733],[-12.5272,12.50823],[-12.5284,12.50842],[-12.52903,12.50919],[-12.52907,12.51022],[-12.52825,12.51065],[-12.52745,12.51057],[-12.52663,12.51086],[-12.52573,12.51095],[-12.52503,12.51177],[-12.52541,12.51227],[-12.52579,12.51402],[-12.5261,12.51452],[-12.52656,12.51469],[-12.52783,12.51437],[-12.52856,12.51371],[-12.52874,12.51303],[-12.52972,12.51247],[-12.53052,12.51252],[-12.53231,12.51361],[-12.53339,12.51493],[-12.53358,12.51553],[-12.53312,12.5162],[-12.53259,12.51615],[-12.53231,12.51651],[-12.5324,12.51762],[-12.533,12.51797],[-12.53351,12.51747],[-12.53428,12.51735],[-12.53473,12.51766],[-12.53495,12.51854],[-12.53579,12.52045],[-12.53556,12.52122],[-12.53494,12.52164],[-12.53452,12.52169],[-12.53373,12.52144],[-12.53218,12.5218],[-12.53148,12.52242],[-12.53146,12.52303],[-12.5326,12.52414],[-12.53322,12.52444],[-12.53389,12.52446],[-12.53484,12.52405],[-12.53605,12.52414],[-12.53663,12.52436],[-12.537,12.52499],[-12.53732,12.5271],[-12.53785,12.52797],[-12.53797,12.52847],[-12.53795,12.52967],[-12.53833,12.53088],[-12.53926,12.53111],[-12.54058,12.53218],[-12.54093,12.53283],[-12.54095,12.53373],[-12.53951,12.53479],[-12.53892,12.53582],[-12.53902,12.537],[-12.54004,12.53738],[-12.5408,12.53677],[-12.54091,12.53622],[-12.54146,12.53659],[-12.54156,12.53744],[-12.54024,12.53993],[-12.53992,12.54013],[-12.53809,12.54009],[-12.53708,12.5402],[-12.53605,12.54083],[-12.53581,12.54139],[-12.53602,12.54232],[-12.53711,12.54384],[-12.53704,12.54442],[-12.53605,12.54501],[-12.53517,12.54587],[-12.53475,12.54648],[-12.53438,12.54768],[-12.53468,12.54852],[-12.53565,12.54973],[-12.53591,12.55041],[-12.53587,12.55121],[-12.53608,12.55197],[-12.53714,12.55435],[-12.53763,12.55473],[-12.53881,12.55513],[-12.53952,12.55525],[-12.54049,12.55518],[-12.54121,12.55585],[-12.5417,12.55781],[-12.54176,12.55868],[-12.54132,12.5612],[-12.54088,12.56209],[-12.54026,12.56297],[-12.54032,12.56362],[-12.53908,12.56632],[-12.53724,12.56841],[-12.53616,12.56926],[-12.53577,12.56975],[-12.53544,12.57066],[-12.53464,12.57195],[-12.53394,12.57276],[-12.53371,12.57331],[-12.53376,12.57434],[-12.53453,12.57601],[-12.53467,12.57713],[-12.53451,12.57767],[-12.53359,12.57847],[-12.53341,12.57897],[-12.53321,12.58061],[-12.53326,12.58137],[-12.53367,12.58322],[-12.53446,12.58424],[-12.53479,12.58489],[-12.53515,12.58652],[-12.53493,12.58719],[-12.53488,12.58805],[-12.53517,12.5894],[-12.53597,12.59123],[-12.53613,12.59237],[-12.53604,12.59322],[-12.53581,12.59391],[-12.5349,12.59521],[-12.53452,12.59597],[-12.53469,12.59701],[-12.53584,12.59748],[-12.53688,12.59843],[-12.53752,12.59981],[-12.53796,12.60026],[-12.53893,12.60065],[-12.54021,12.60077],[-12.5407,12.60128],[-12.54073,12.60173],[-12.54185,12.60279],[-12.54348,12.60472],[-12.54358,12.60553],[-12.54347,12.60637],[-12.54288,12.60697],[-12.54232,12.60671],[-12.54184,12.60676],[-12.54108,12.6074],[-12.54028,12.60761],[-12.53933,12.60869],[-12.53876,12.61015],[-12.53874,12.61163],[-12.53852,12.61204],[-12.53869,12.61284],[-12.53918,12.61297],[-12.53957,12.6134],[-12.54012,12.6134],[-12.54092,12.61297],[-12.54164,12.613],[-12.54248,12.61388],[-12.54291,12.61412],[-12.54402,12.61401],[-12.54449,12.61306],[-12.54435,12.61194],[-12.54456,12.61153],[-12.54522,12.61139],[-12.54565,12.61224],[-12.546,12.61392],[-12.54602,12.61446],[-12.54554,12.61588],[-12.54538,12.61677],[-12.54555,12.61758],[-12.54602,12.61878],[-12.5461,12.61947],[-12.54596,12.62012],[-12.54547,12.62068],[-12.54534,12.62127],[-12.54553,12.62266],[-12.54572,12.62324],[-12.54619,12.62368],[-12.54738,12.62399],[-12.54879,12.62346],[-12.54963,12.62353],[-12.55032,12.62396],[-12.5507,12.62486],[-12.55076,12.62606],[-12.551,12.62647],[-12.55154,12.62667],[-12.55277,12.62674],[-12.55354,12.62613],[-12.55419,12.6247],[-12.55494,12.62404],[-12.55605,12.62359],[-12.55656,12.6238],[-12.55702,12.62432],[-12.55793,12.626],[-12.55883,12.62704],[-12.55917,12.62763],[-12.55998,12.62966],[-12.56015,12.63055],[-12.56052,12.63104],[-12.56116,12.63128],[-12.56168,12.6312],[-12.56249,12.63077],[-12.5629,12.63035],[-12.56384,12.62971],[-12.5646,12.62882],[-12.56496,12.6287],[-12.56563,12.62893],[-12.56633,12.62985],[-12.56672,12.63002],[-12.56783,12.63013],[-12.56842,12.63035],[-12.56926,12.63098],[-12.57014,12.63194],[-12.57129,12.63365],[-12.57242,12.63488],[-12.57366,12.63574],[-12.57428,12.63651],[-12.57456,12.63718],[-12.57458,12.63783],[-12.57505,12.63859],[-12.57624,12.63918],[-12.57716,12.64027],[-12.57806,12.64057],[-12.57872,12.64029],[-12.57963,12.63897],[-12.58011,12.63777],[-12.58055,12.63605],[-12.58106,12.63556],[-12.58192,12.63554],[-12.5825,12.63611],[-12.58279,12.63765],[-12.58309,12.63806],[-12.58398,12.63833],[-12.58522,12.63833],[-12.5865,12.63914],[-12.58708,12.63938],[-12.58815,12.64011],[-12.58846,12.64058],[-12.58864,12.64133],[-12.58865,12.64353],[-12.58961,12.64493],[-12.58973,12.646],[-12.58933,12.64665],[-12.58929,12.64762],[-12.58961,12.64818],[-12.59033,12.6482],[-12.59111,12.64741],[-12.59196,12.64685],[-12.59314,12.64659],[-12.59372,12.64691],[-12.59406,12.64767],[-12.59395,12.64923],[-12.59371,12.65002],[-12.59327,12.65076],[-12.59261,12.65137],[-12.59261,12.65194],[-12.59319,12.65236],[-12.5948,12.65265],[-12.59552,12.6529],[-12.59663,12.65355],[-12.59885,12.65421],[-12.59961,12.65497],[-12.59982,12.65602],[-12.59973,12.65728],[-12.59951,12.65781],[-12.59844,12.65935],[-12.59838,12.65997],[-12.59864,12.66059],[-12.59935,12.66141],[-12.59973,12.66218],[-12.60007,12.6633],[-12.59985,12.66394],[-12.59939,12.66432],[-12.59833,12.66477],[-12.59701,12.66593],[-12.59677,12.66652],[-12.59699,12.66798],[-12.59735,12.66896],[-12.59733,12.66985],[-12.59697,12.67053],[-12.59619,12.67141],[-12.59575,12.67157],[-12.59363,12.67114],[-12.59267,12.67163],[-12.5921,12.67269],[-12.59167,12.67319],[-12.59165,12.67379],[-12.59228,12.67471],[-12.59236,12.67531],[-12.5912,12.67651],[-12.59082,12.67706],[-12.5905,12.67788],[-12.59067,12.67944],[-12.59036,12.68074],[-12.58973,12.68159],[-12.589,12.68202],[-12.58762,12.68258],[-12.5868,12.68327],[-12.58626,12.68415],[-12.58598,12.685],[-12.58597,12.68558],[-12.58621,12.6864],[-12.58664,12.68715],[-12.58692,12.68852],[-12.58693,12.68987],[-12.58721,12.6907],[-12.58769,12.69138],[-12.58768,12.6921],[-12.58719,12.69288],[-12.58676,12.69291],[-12.58511,12.69231],[-12.58436,12.69183],[-12.58326,12.69137],[-12.58249,12.69127],[-12.58071,12.69145],[-12.57985,12.6918],[-12.57864,12.69294],[-12.57812,12.69322],[-12.57719,12.69333],[-12.5765,12.69293],[-12.57605,12.69292],[-12.57504,12.69343],[-12.57384,12.69469],[-12.57386,12.69515],[-12.5742,12.69562],[-12.57551,12.69657],[-12.57588,12.69739],[-12.5772,12.69765],[-12.57788,12.69758],[-12.57804,12.69733],[-12.57796,12.69635],[-12.5783,12.69562],[-12.57886,12.69558],[-12.5794,12.69622],[-12.57957,12.69706],[-12.58018,12.69743],[-12.58173,12.69736],[-12.58278,12.69785],[-12.58361,12.69856],[-12.5837,12.6989],[-12.5833,12.69977],[-12.58357,12.70032],[-12.58417,12.70053],[-12.58442,12.70159],[-12.58417,12.70226],[-12.58324,12.70285],[-12.58279,12.70368],[-12.58292,12.70456],[-12.58324,12.70477],[-12.58422,12.70493],[-12.58446,12.70527],[-12.58379,12.7065],[-12.58293,12.70739],[-12.58244,12.70767],[-12.58138,12.70789],[-12.5808,12.70959],[-12.58233,12.70988],[-12.58294,12.71018],[-12.58402,12.71149],[-12.58448,12.71247],[-12.58491,12.71284],[-12.58631,12.7136],[-12.58779,12.71404],[-12.58917,12.71408],[-12.59247,12.7137],[-12.59466,12.7133],[-12.59614,12.71326],[-12.59695,12.71334],[-12.60006,12.71383],[-12.60299,12.71393],[-12.60483,12.71425],[-12.6062,12.71477],[-12.60804,12.71636],[-12.61022,12.71798],[-12.61198,12.71896],[-12.61477,12.71998],[-12.61586,12.72021],[-12.61745,12.72035],[-12.61806,12.72069],[-12.61878,12.72132],[-12.61921,12.72205],[-12.61943,12.72287],[-12.61929,12.72387],[-12.61893,12.72425],[-12.61745,12.72516],[-12.61632,12.72577],[-12.61523,12.72676],[-12.61425,12.72746],[-12.61289,12.72873],[-12.61235,12.72933],[-12.61181,12.73022],[-12.61128,12.73163],[-12.61099,12.73324],[-12.61102,12.73455],[-12.61115,12.73521],[-12.61201,12.73729],[-12.6128,12.73851],[-12.61382,12.74285],[-12.6143,12.74433],[-12.61461,12.745],[-12.61553,12.7465],[-12.61652,12.74785],[-12.61777,12.74927],[-12.61939,12.75084],[-12.6204,12.75163],[-12.62141,12.75225],[-12.62242,12.75272],[-12.62383,12.75323],[-12.62571,12.75373],[-12.62748,12.75435],[-12.629,12.75463],[-12.6301,12.75503],[-12.63094,12.75521],[-12.63213,12.75525],[-12.63311,12.75478],[-12.63422,12.75358],[-12.63524,12.75334],[-12.63734,12.75341],[-12.63836,12.75383],[-12.6409,12.75376],[-12.64179,12.75388],[-12.64252,12.75319],[-12.64397,12.7528],[-12.64462,12.75284],[-12.64668,12.75268],[-12.6488,12.75268],[-12.6508,12.75238],[-12.65216,12.7515],[-12.6535,12.7502],[-12.65418,12.74915],[-12.65471,12.74791],[-12.65603,12.74528],[-12.65669,12.74413],[-12.65747,12.7426],[-12.65844,12.74134],[-12.65963,12.74064],[-12.66026,12.74045],[-12.66308,12.73997],[-12.66411,12.73969],[-12.6653,12.73968],[-12.66842,12.74011],[-12.66989,12.74045],[-12.67147,12.74092],[-12.67349,12.74172],[-12.67464,12.74189],[-12.67622,12.7419],[-12.67802,12.74165],[-12.67898,12.7412],[-12.68006,12.74087],[-12.68141,12.74007],[-12.68365,12.73883],[-12.68484,12.73791],[-12.68582,12.73732],[-12.68748,12.73669],[-12.68818,12.73634],[-12.68945,12.736],[-12.6913,12.73585],[-12.69209,12.73567],[-12.69353,12.73509],[-12.69545,12.73466],[-12.69599,12.73425],[-12.6975,12.7335],[-12.69857,12.73314],[-12.69942,12.73255],[-12.70051,12.7314],[-12.70089,12.73068],[-12.70196,12.729],[-12.70223,12.72825],[-12.7023,12.72742],[-12.70289,12.72462],[-12.70313,12.7213],[-12.70303,12.71932],[-12.70285,12.71834],[-12.70206,12.7162],[-12.70142,12.71501],[-12.69953,12.71249],[-12.699,12.71124],[-12.69904,12.71028],[-12.69924,12.70964],[-12.70004,12.70871],[-12.70176,12.70705],[-12.70249,12.70657],[-12.70358,12.70552],[-12.70656,12.70305],[-12.70859,12.70204],[-12.70931,12.70181],[-12.71058,12.70168],[-12.71247,12.70178],[-12.71503,12.70207],[-12.71554,12.70236],[-12.71613,12.70333],[-12.71631,12.70431],[-12.71672,12.70525],[-12.71704,12.70559],[-12.7208,12.70747],[-12.72267,12.70856],[-12.7232,12.70872],[-12.72531,12.70864],[-12.72648,12.70798],[-12.7277,12.70756],[-12.72893,12.70739],[-12.73122,12.70678],[-12.73382,12.70619],[-12.73738,12.70567],[-12.73938,12.70517],[-12.74083,12.70495],[-12.74217,12.70498],[-12.74391,12.70547],[-12.74574,12.70617],[-12.74719,12.70681],[-12.74889,12.70777],[-12.75082,12.70871],[-12.75503,12.71044],[-12.75589,12.71067],[-12.75779,12.711],[-12.76003,12.71153],[-12.76241,12.71153],[-12.76304,12.71134],[-12.76412,12.71065],[-12.76586,12.70974],[-12.76782,12.70902],[-12.76937,12.7088],[-12.77095,12.70927],[-12.7741,12.71096],[-12.7752,12.71177],[-12.77825,12.71372],[-12.77968,12.71477],[-12.78052,12.71528],[-12.78357,12.71652],[-12.78563,12.71742],[-12.78667,12.71796],[-12.78804,12.71849],[-12.78952,12.71939],[-12.79021,12.72002],[-12.79214,12.72136],[-12.7963,12.72335],[-12.79929,12.72465],[-12.80098,12.72561],[-12.805,12.72742],[-12.80624,12.72778],[-12.80849,12.72878],[-12.80964,12.72953],[-12.81035,12.7302],[-12.81123,12.7307],[-12.81236,12.73167],[-12.8132,12.73253],[-12.81377,12.73332],[-12.81499,12.73465],[-12.81574,12.73528],[-12.81642,12.73616],[-12.81779,12.7377],[-12.81836,12.7385],[-12.81988,12.74004],[-12.82172,12.7414],[-12.82301,12.7425],[-12.82434,12.74333],[-12.82664,12.7451],[-12.82841,12.74596],[-12.82994,12.74714],[-12.83086,12.74835],[-12.83324,12.75071],[-12.83434,12.75149],[-12.83539,12.75246],[-12.83584,12.75325],[-12.83613,12.75431],[-12.83626,12.75553],[-12.83616,12.75718],[-12.83616,12.75877],[-12.83639,12.75974],[-12.83637,12.76088],[-12.83661,12.76224],[-12.83727,12.76404],[-12.83781,12.76512],[-12.8387,12.76636],[-12.84012,12.76801],[-12.84095,12.7687],[-12.84161,12.76948],[-12.84278,12.7701],[-12.84414,12.77018],[-12.84471,12.76997],[-12.84523,12.7691],[-12.84559,12.76757],[-12.84652,12.76589],[-12.84786,12.76232],[-12.84896,12.75956],[-12.84977,12.75841],[-12.85083,12.75748],[-12.85128,12.75735],[-12.85231,12.75748],[-12.8537,12.75814],[-12.85453,12.75912],[-12.855,12.76018],[-12.85522,12.76102],[-12.85513,12.76331],[-12.85486,12.76491],[-12.85472,12.76693],[-12.85509,12.7688],[-12.85516,12.7696],[-12.85505,12.77035],[-12.85516,12.77107],[-12.8556,12.7723],[-12.85572,12.77487],[-12.8559,12.77717],[-12.85565,12.77822],[-12.85378,12.78202],[-12.85278,12.78466],[-12.85232,12.78671],[-12.85238,12.78723],[-12.85304,12.78848],[-12.85345,12.78887],[-12.85533,12.79133],[-12.85653,12.79242],[-12.85777,12.7931],[-12.85937,12.79373],[-12.86072,12.79409],[-12.8621,12.79424],[-12.86421,12.79427],[-12.86737,12.79444],[-12.8683,12.79466],[-12.86928,12.79466],[-12.87012,12.79498],[-12.87103,12.79512],[-12.87418,12.79623],[-12.87572,12.79706],[-12.87684,12.79814],[-12.87926,12.79975],[-12.88038,12.8003],[-12.88236,12.8007],[-12.88329,12.80064],[-12.88428,12.80038],[-12.88638,12.79942],[-12.88711,12.79896],[-12.88769,12.7984],[-12.88813,12.79769],[-12.88908,12.79656],[-12.88966,12.79533],[-12.89153,12.7927],[-12.89263,12.79135],[-12.8937,12.79036],[-12.89497,12.78947],[-12.89801,12.78688],[-12.89966,12.78629],[-12.90219,12.78515],[-12.90385,12.7841],[-12.90461,12.78372],[-12.9065,12.783],[-12.91078,12.7809],[-12.91324,12.77984],[-12.91426,12.7793],[-12.91604,12.7782],[-12.91735,12.77721],[-12.91928,12.77554],[-12.92025,12.77454],[-12.92206,12.77243],[-12.92317,12.77106],[-12.9253,12.76871],[-12.92626,12.768],[-12.9277,12.76737],[-12.92881,12.76712],[-12.92987,12.76719],[-12.93061,12.76753],[-12.93158,12.76846],[-12.93254,12.76987],[-12.93293,12.7711],[-12.93362,12.77255],[-12.93408,12.77331],[-12.93452,12.77448],[-12.93527,12.77619],[-12.93546,12.77716],[-12.93586,12.77811],[-12.93654,12.78019],[-12.93673,12.78103],[-12.93684,12.78303],[-12.93687,12.78528],[-12.93671,12.78717],[-12.93657,12.78803],[-12.93626,12.78862],[-12.93613,12.7903],[-12.93617,12.79139],[-12.93656,12.79211],[-12.9375,12.7926],[-12.93861,12.79259],[-12.94023,12.79212],[-12.94126,12.79218],[-12.94264,12.79279],[-12.94393,12.79324],[-12.94564,12.79405],[-12.94876,12.79574],[-12.95006,12.79614],[-12.9507,12.79646],[-12.95222,12.7967],[-12.9537,12.79661],[-12.95498,12.796],[-12.95643,12.79469],[-12.95759,12.794],[-12.95844,12.7937],[-12.95919,12.79362],[-12.95983,12.7939],[-12.96128,12.79518],[-12.96195,12.79604],[-12.96281,12.79824],[-12.96486,12.80178],[-12.96555,12.80261],[-12.96665,12.80355],[-12.96912,12.80586],[-12.97051,12.80706],[-12.97181,12.80803],[-12.97285,12.80858],[-12.97427,12.80952],[-12.97501,12.81018],[-12.97651,12.81126],[-12.97902,12.81286],[-12.97999,12.8132],[-12.98101,12.81322],[-12.98176,12.81301],[-12.98306,12.8123],[-12.9839,12.81145],[-12.98498,12.80897],[-12.98543,12.80778],[-12.98616,12.80514],[-12.98672,12.80381],[-12.98738,12.80271],[-12.98816,12.80219],[-12.98883,12.80211],[-12.99006,12.80251],[-12.9908,12.80313],[-12.99184,12.80439],[-12.99247,12.80493],[-12.9935,12.80549],[-12.9945,12.80621],[-12.99571,12.80732],[-12.9968,12.80872],[-12.9983,12.80974],[-12.99908,12.81044],[-13.00018,12.81168],[-13.00048,12.81222],[-13.0005,12.81282],[-13.00029,12.81363],[-12.99938,12.81627],[-12.99867,12.81798],[-12.9982,12.8188],[-12.99689,12.82058],[-12.99532,12.82219],[-12.99391,12.82311],[-12.99155,12.8243],[-12.99023,12.82505],[-12.98791,12.82649],[-12.98666,12.82717],[-12.98554,12.82761],[-12.98457,12.82834],[-12.98342,12.829],[-12.98264,12.82992],[-12.98206,12.83101],[-12.9819,12.83167],[-12.98187,12.83265],[-12.98237,12.8354],[-12.98252,12.83725],[-12.98272,12.83789],[-12.98338,12.83906],[-12.98423,12.84022],[-12.98477,12.84067],[-12.98555,12.84087],[-12.98716,12.84165],[-12.99023,12.8428],[-12.99231,12.84332],[-12.99523,12.84366],[-12.99756,12.8437],[-12.99879,12.84379],[-12.99961,12.84373],[-13.00074,12.84347],[-13.00203,12.84337],[-13.00394,12.84284],[-13.00677,12.84188],[-13.0087,12.84099],[-13.00933,12.84059],[-13.01044,12.83967],[-13.01115,12.83887],[-13.01297,12.83639],[-13.01376,12.83477],[-13.01452,12.83234],[-13.01554,12.82776],[-13.01625,12.82479],[-13.01644,12.8243],[-13.01889,12.81957],[-13.02015,12.81738],[-13.02126,12.81587],[-13.02188,12.8154],[-13.02308,12.81497],[-13.02697,12.81385],[-13.02951,12.81288],[-13.03049,12.81241],[-13.03133,12.81182],[-13.03241,12.81077],[-13.033,12.80993],[-13.03368,12.80836],[-13.034,12.80639],[-13.03392,12.80412],[-13.03354,12.80164],[-13.03286,12.80041],[-13.03162,12.79933],[-13.02942,12.79809],[-13.02851,12.79735],[-13.02826,12.79634],[-13.02885,12.79562],[-13.03009,12.79516],[-13.03129,12.79501],[-13.03324,12.79494],[-13.03436,12.79478],[-13.03595,12.79484],[-13.03733,12.79467],[-13.03847,12.79471],[-13.03994,12.795],[-13.04363,12.79627],[-13.04523,12.79668],[-13.04625,12.79683],[-13.04733,12.79678],[-13.04925,12.7964],[-13.0503,12.79561],[-13.05103,12.79523],[-13.05209,12.79505],[-13.05586,12.79506],[-13.05731,12.79499],[-13.05973,12.795],[-13.06101,12.79486],[-13.06231,12.79454],[-13.0636,12.79394],[-13.0649,12.79292],[-13.06632,12.79153],[-13.06745,12.79054],[-13.06858,12.7899],[-13.06993,12.78962],[-13.07113,12.78987],[-13.0716,12.79018],[-13.07292,12.79153],[-13.07337,12.79245],[-13.07347,12.79317],[-13.07461,12.79504],[-13.07558,12.79759],[-13.07652,12.80063],[-13.07738,12.80267],[-13.07838,12.80416],[-13.07925,12.80498],[-13.08011,12.80558],[-13.08089,12.8059],[-13.08187,12.80595],[-13.08299,12.80555],[-13.08349,12.80503],[-13.08365,12.80459],[-13.08421,12.80217],[-13.08434,12.79942],[-13.08471,12.79775],[-13.08468,12.79708],[-13.08433,12.7961],[-13.08361,12.79508],[-13.08323,12.79404],[-13.08281,12.79189],[-13.08306,12.79014],[-13.08349,12.78953],[-13.08447,12.78889],[-13.08536,12.78862],[-13.08653,12.78844],[-13.08764,12.78854],[-13.08921,12.78921],[-13.09144,12.79036],[-13.09314,12.79137],[-13.09633,12.79346],[-13.09786,12.79441],[-13.1036,12.79764],[-13.10441,12.79869],[-13.10564,12.80001],[-13.10639,12.79945],[-13.10729,12.79829],[-13.10755,12.79805],[-13.10784,12.79789],[-13.10819,12.79778],[-13.11053,12.79785],[-13.11131,12.79753],[-13.11176,12.79702],[-13.11224,12.79567],[-13.11216,12.79448],[-13.11251,12.79332],[-13.11332,12.79264],[-13.114,12.79258],[-13.11533,12.79279],[-13.11545,12.79098],[-13.11521,12.79017],[-13.11453,12.78963],[-13.11432,12.78904],[-13.11458,12.78779],[-13.11548,12.78655],[-13.11578,12.78581],[-13.11632,12.78524],[-13.1176,12.78471],[-13.11899,12.78385],[-13.11977,12.7832],[-13.12017,12.78264],[-13.12029,12.78207],[-13.12021,12.78117],[-13.12031,12.77974],[-13.1203,12.77807],[-13.12009,12.77744],[-13.11952,12.77668],[-13.11884,12.77616],[-13.11801,12.77575],[-13.11746,12.77521],[-13.11723,12.77484],[-13.11716,12.77467],[-13.11708,12.77445],[-13.11696,12.77312],[-13.11732,12.77204],[-13.11801,12.77078],[-13.11862,12.76984],[-13.119,12.76918],[-13.11947,12.7685],[-13.11969,12.76811],[-13.11984,12.76742],[-13.11914,12.76497],[-13.11862,12.76188],[-13.11817,12.76086],[-13.1173,12.75966],[-13.11717,12.75918],[-13.11757,12.75825],[-13.11769,12.75713],[-13.11764,12.75526],[-13.11628,12.75453],[-13.11559,12.75382],[-13.11583,12.75261],[-13.11581,12.75079],[-13.11625,12.74949],[-13.11633,12.74876],[-13.1162,12.74774],[-13.11581,12.74678],[-13.11504,12.74544],[-13.11398,12.74317],[-13.1137,12.7423],[-13.11327,12.74168],[-13.11231,12.74099],[-13.11214,12.74067],[-13.11281,12.73995],[-13.11251,12.739],[-13.11132,12.73826],[-13.11072,12.73734],[-13.11028,12.73545],[-13.11027,12.73399],[-13.11055,12.73192],[-13.11042,12.73098],[-13.10943,12.72973],[-13.10906,12.7288],[-13.10896,12.72678],[-13.10829,12.72449],[-13.10814,12.72365],[-13.10749,12.72303],[-13.10723,12.72193],[-13.10672,12.72098],[-13.10611,12.72023],[-13.1053,12.71946],[-13.10399,12.71794],[-13.10213,12.71555],[-13.10126,12.71429],[-13.10022,12.71352],[-13.0999,12.71298],[-13.09887,12.71248],[-13.09789,12.71185],[-13.09778,12.71177],[-13.09769,12.7117],[-13.09757,12.7116],[-13.0971,12.71116],[-13.09678,12.71079],[-13.096,12.70973],[-13.09489,12.70895],[-13.09444,12.70819],[-13.09353,12.70751],[-13.09316,12.70705],[-13.093,12.70459],[-13.09299,12.70273],[-13.09305,12.70111],[-13.09319,12.70023],[-13.09373,12.69905],[-13.09469,12.69824],[-13.09551,12.69729],[-13.09804,12.69475],[-13.09952,12.69344],[-13.10197,12.68985],[-13.10217,12.68852],[-13.10668,12.68887],[-13.10748,12.68884],[-13.10978,12.68857],[-13.11085,12.68876],[-13.11113,12.68879],[-13.11139,12.68879],[-13.11209,12.68844],[-13.11223,12.68828],[-13.1125,12.68788],[-13.11265,12.68769],[-13.11386,12.68665],[-13.11457,12.68623],[-13.11575,12.68528],[-13.11618,12.68521],[-13.11663,12.68523],[-13.11683,12.68521],[-13.11726,12.68491],[-13.11788,12.68351],[-13.11934,12.68161],[-13.11944,12.68069],[-13.1199,12.68002],[-13.11998,12.67958],[-13.11989,12.67913],[-13.11976,12.67871],[-13.11981,12.67823],[-13.12024,12.67726],[-13.12029,12.67664],[-13.12003,12.67535],[-13.12014,12.6746],[-13.12003,12.67385],[-13.11971,12.67321],[-13.11976,12.6723],[-13.12019,12.67132],[-13.1211,12.67011],[-13.12135,12.66936],[-13.1214,12.66854],[-13.12179,12.6674],[-13.12182,12.66687],[-13.12152,12.66503],[-13.12161,12.66453],[-13.12234,12.66311],[-13.12278,12.66183],[-13.12304,12.66053],[-13.12302,12.66001],[-13.12265,12.65888],[-13.12272,12.65712],[-13.12301,12.65573],[-13.12303,12.65491],[-13.12281,12.65365],[-13.12296,12.65086],[-13.12387,12.64971],[-13.12436,12.64852],[-13.12454,12.64737],[-13.12484,12.64618],[-13.12537,12.64482],[-13.12587,12.64409],[-13.12766,12.64308],[-13.12831,12.64251],[-13.1289,12.64137],[-13.12891,12.64033],[-13.12839,12.63964],[-13.12802,12.6388],[-13.12685,12.63957],[-13.12475,12.64046],[-13.12394,12.64092],[-13.12272,12.64183],[-13.12215,12.64193],[-13.12187,12.64169],[-13.12229,12.63827],[-13.12236,12.63659],[-13.12211,12.63573],[-13.12168,12.63534],[-13.12042,12.63517],[-13.11984,12.63529],[-13.11794,12.6365],[-13.11704,12.6368],[-13.11583,12.63675],[-13.11389,12.6368],[-13.11224,12.63703],[-13.11112,12.63668],[-13.11027,12.63567],[-13.1094,12.63512],[-13.10861,12.63432],[-13.10786,12.6331],[-13.10727,12.63256],[-13.10692,12.6319],[-13.10692,12.63096],[-13.10715,12.62953],[-13.10684,12.62888],[-13.10551,12.62806],[-13.10317,12.62749],[-13.10208,12.62745],[-13.10053,12.62758],[-13.09944,12.62818],[-13.09872,12.62878],[-13.09829,12.62851],[-13.09791,12.6279],[-13.09741,12.62622],[-13.09691,12.62577],[-13.09576,12.62553],[-13.09534,12.62564],[-13.09323,12.62657],[-13.09281,12.62687],[-13.09234,12.62764],[-13.0918,12.6281],[-13.09129,12.62829],[-13.09098,12.62898],[-13.09081,12.63001],[-13.09098,12.63098],[-13.09092,12.63322],[-13.09059,12.63338],[-13.08981,12.63301],[-13.08866,12.63293],[-13.08736,12.63337],[-13.08601,12.63413],[-13.08436,12.63473],[-13.08332,12.63528],[-13.0826,12.63551],[-13.08112,12.63563],[-13.07987,12.6355],[-13.07914,12.63559],[-13.07854,12.63596],[-13.0779,12.63674],[-13.07771,12.63781],[-13.07835,12.64082],[-13.07814,12.6416],[-13.07737,12.64216],[-13.07668,12.64243],[-13.07588,12.64323],[-13.07547,12.644],[-13.07532,12.6447],[-13.07497,12.6449],[-13.07383,12.64429],[-13.07298,12.64341],[-13.07167,12.6428],[-13.07062,12.64258],[-13.06817,12.64255],[-13.06751,12.64266],[-13.06539,12.6434],[-13.06509,12.64278],[-13.06528,12.64237],[-13.06696,12.64039],[-13.06798,12.63937],[-13.06844,12.63793],[-13.06836,12.6364],[-13.06785,12.63556],[-13.06682,12.63473],[-13.06581,12.63431],[-13.06393,12.63322],[-13.06311,12.63241],[-13.06245,12.6312],[-13.06042,12.62877],[-13.05984,12.62828],[-13.05891,12.62779],[-13.05702,12.62762],[-13.0561,12.62747],[-13.05432,12.627],[-13.0536,12.62667],[-13.05302,12.62588],[-13.05282,12.62507],[-13.0531,12.62255],[-13.05309,12.62182],[-13.05262,12.62066],[-13.05228,12.61926],[-13.05245,12.61855],[-13.05358,12.61808],[-13.05497,12.61806],[-13.05584,12.61756],[-13.05639,12.61648],[-13.05645,12.61598],[-13.05624,12.61518],[-13.0552,12.61331],[-13.05424,12.61235],[-13.05357,12.61185],[-13.05235,12.61117],[-13.05162,12.61062],[-13.0512,12.60988],[-13.05134,12.60935],[-13.05218,12.60802],[-13.05235,12.60742],[-13.05215,12.60656],[-13.05188,12.60608],[-13.05079,12.60531],[-13.05048,12.60478],[-13.05019,12.60381],[-13.04983,12.60333],[-13.04872,12.60245],[-13.0484,12.60104],[-13.04835,12.5996],[-13.04849,12.598],[-13.04872,12.59746],[-13.04945,12.59687],[-13.05009,12.59598],[-13.05041,12.59515],[-13.05055,12.59429],[-13.05022,12.59357],[-13.04935,12.59252],[-13.04854,12.59128],[-13.04796,12.59006],[-13.04734,12.58683],[-13.04736,12.58553],[-13.04756,12.58432],[-13.04761,12.58321],[-13.0475,12.58204],[-13.04756,12.58106],[-13.048,12.57979],[-13.04813,12.57869],[-13.04778,12.57768],[-13.04785,12.57697],[-13.04831,12.57603],[-13.04896,12.57517],[-13.04993,12.57365],[-13.0514,12.57237],[-13.05207,12.57155],[-13.05307,12.57077],[-13.05379,12.56975],[-13.05444,12.5684],[-13.0567,12.56723],[-13.05774,12.56639],[-13.05816,12.56554],[-13.05705,12.56359],[-13.05692,12.56314],[-13.05778,12.56189],[-13.0578,12.56133],[-13.05748,12.55861],[-13.05743,12.55619],[-13.05751,12.55541],[-13.05796,12.55342],[-13.058,12.55233],[-13.05786,12.55093],[-13.05748,12.54992],[-13.05753,12.549],[-13.05801,12.54832],[-13.05867,12.54781],[-13.06096,12.54672],[-13.06304,12.54528],[-13.06409,12.5449],[-13.06517,12.54495],[-13.066,12.5452],[-13.06683,12.54524],[-13.06737,12.54496],[-13.06762,12.5445],[-13.06771,12.54316],[-13.06823,12.54233],[-13.06928,12.54164],[-13.07131,12.54057],[-13.07218,12.53941],[-13.07266,12.53822],[-13.07259,12.53621],[-13.07282,12.53446],[-13.07244,12.53341],[-13.07215,12.53171],[-13.0722,12.53045],[-13.07203,12.52978],[-13.07155,12.52895],[-13.07098,12.52865],[-13.06949,12.52833],[-13.06888,12.52804],[-13.06821,12.52654],[-13.06739,12.52385],[-13.06738,12.52314],[-13.06755,12.52217],[-13.06733,12.52093],[-13.06672,12.5192],[-13.0665,12.51826],[-13.06638,12.51659],[-13.06645,12.51568],[-13.0668,12.5144],[-13.06691,12.51332],[-13.06671,12.51084],[-13.06665,12.50906],[-13.06673,12.50732],[-13.06706,12.50553],[-13.06753,12.50365],[-13.06789,12.50194],[-13.06822,12.50121],[-13.06903,12.49998],[-13.06917,12.49896],[-13.06909,12.49812],[-13.0688,12.49685],[-13.06897,12.49616],[-13.06954,12.49481],[-13.06965,12.49405],[-13.06896,12.49259],[-13.06815,12.49135],[-13.06716,12.48907],[-13.0666,12.48826],[-13.06588,12.48778],[-13.0644,12.4871],[-13.06298,12.4862],[-13.06057,12.48504],[-13.05947,12.48436],[-13.05873,12.48372],[-13.05684,12.48261],[-13.05631,12.48269],[-13.05548,12.48306],[-13.05412,12.48325],[-13.0527,12.48288],[-13.05181,12.48233],[-13.05064,12.48181],[-13.0495,12.4817],[-13.04866,12.48183],[-13.04726,12.48268],[-13.04646,12.48305],[-13.04547,12.48333],[-13.04432,12.48339],[-13.04334,12.48322],[-13.04192,12.48252],[-13.03982,12.48041],[-13.03905,12.47988],[-13.03784,12.47972],[-13.03658,12.47986],[-13.03575,12.48012],[-13.03424,12.48098],[-13.03308,12.48151],[-13.03176,12.48246],[-13.03012,12.48379],[-13.02947,12.48404],[-13.02882,12.48407],[-13.02785,12.48391],[-13.02705,12.48363],[-13.02585,12.48286],[-13.0248,12.48274],[-13.02369,12.48284],[-13.02148,12.4832],[-13.01978,12.48326],[-13.01925,12.48296],[-13.01861,12.4823],[-13.0177,12.4819],[-13.01618,12.48218],[-13.01539,12.48204],[-13.01423,12.48154],[-13.01371,12.48146],[-13.01144,12.48158],[-13.01082,12.4814],[-13.00985,12.48087],[-13.00787,12.48068],[-13.00597,12.48023],[-13.0049,12.48011],[-13.00194,12.48006],[-13.00042,12.47974],[-12.99974,12.47939],[-12.99932,12.47894],[-12.99884,12.47803],[-12.99846,12.47669],[-12.99851,12.47537],[-12.99786,12.4747],[-12.99668,12.47418],[-12.99379,12.47229],[-12.99095,12.47063],[-12.98861,12.46863],[-12.98762,12.46833],[-12.98682,12.46857],[-12.98642,12.469],[-12.98618,12.46996],[-12.98526,12.47022],[-12.98411,12.46994],[-12.98266,12.46861],[-12.98173,12.46816],[-12.98036,12.46767],[-12.97868,12.46723],[-12.97671,12.46702],[-12.97568,12.4668],[-12.9735,12.46583],[-12.97273,12.46569],[-12.9722,12.46577],[-12.96984,12.4666],[-12.96905,12.46713],[-12.96831,12.46793],[-12.96793,12.46872],[-12.96785,12.47005],[-12.96817,12.47077],[-12.9689,12.47156],[-12.9696,12.47198],[-12.96997,12.47284],[-12.9698,12.47326],[-12.96893,12.47399],[-12.9678,12.47439],[-12.96584,12.47448],[-12.96448,12.47478],[-12.96336,12.47456],[-12.96261,12.47458],[-12.9613,12.47485],[-12.96009,12.4754],[-12.95904,12.47558],[-12.95607,12.47569],[-12.95418,12.47594],[-12.9533,12.47596],[-12.95038,12.47558],[-12.94843,12.47553],[-12.94738,12.47569],[-12.94582,12.47619],[-12.94514,12.47668],[-12.94498,12.47725],[-12.94493,12.47834],[-12.94446,12.48034],[-12.9442,12.48174],[-12.94398,12.48378],[-12.944,12.48608],[-12.94393,12.48672],[-12.94342,12.48887],[-12.9433,12.49007],[-12.94326,12.49197],[-12.94305,12.49442],[-12.94302,12.49652],[-12.94291,12.49797],[-12.94261,12.4999],[-12.9424,12.50085],[-12.94135,12.50382],[-12.9403,12.50625],[-12.9398,12.50767],[-12.93939,12.5095],[-12.93967,12.51029],[-12.94078,12.51201],[-12.94181,12.51306],[-12.94247,12.5141],[-12.94248,12.51507],[-12.94186,12.51602],[-12.94091,12.51681],[-12.94059,12.51738],[-12.94031,12.51849],[-12.94051,12.51968],[-12.94088,12.52031],[-12.94175,12.52112],[-12.94251,12.52348],[-12.94302,12.52442],[-12.94456,12.52673],[-12.94554,12.5273],[-12.94667,12.52761],[-12.94767,12.52771],[-12.94829,12.52802],[-12.94849,12.52871],[-12.94775,12.53056],[-12.94708,12.53173],[-12.94588,12.53322],[-12.94492,12.53455],[-12.94298,12.53656],[-12.94232,12.5371],[-12.9401,12.53846],[-12.93903,12.5388],[-12.93742,12.5391],[-12.93558,12.5393],[-12.93231,12.5393],[-12.93111,12.53955],[-12.9302,12.54006],[-12.92953,12.54074],[-12.92852,12.54134],[-12.92561,12.54243],[-12.92407,12.54319],[-12.92238,12.54367],[-12.9206,12.54468],[-12.91901,12.54551],[-12.91843,12.54569],[-12.91568,12.54611],[-12.91292,12.54667],[-12.90876,12.54774],[-12.90788,12.5482],[-12.90694,12.54904],[-12.90637,12.54993],[-12.90568,12.5506],[-12.9052,12.55088],[-12.90436,12.55101],[-12.90365,12.55095],[-12.9021,12.55036],[-12.90132,12.55035],[-12.8999,12.55062],[-12.8983,12.55138],[-12.89735,12.55209],[-12.89658,12.55287],[-12.89531,12.55392],[-12.89477,12.55422],[-12.89407,12.55431],[-12.89175,12.55354],[-12.8906,12.5533],[-12.88907,12.55201],[-12.88779,12.55179],[-12.88594,12.55205],[-12.8852,12.55207],[-12.88209,12.55104],[-12.88131,12.55056],[-12.88078,12.54959],[-12.8808,12.54889],[-12.88143,12.54702],[-12.88166,12.54578],[-12.88248,12.54444],[-12.88289,12.54355],[-12.88323,12.54235],[-12.88331,12.54111],[-12.88318,12.54047],[-12.88273,12.53949],[-12.88182,12.53853],[-12.88076,12.53781],[-12.87952,12.53711],[-12.87898,12.53622],[-12.87868,12.53459],[-12.87787,12.53262],[-12.87754,12.5321],[-12.87666,12.53117],[-12.87492,12.53008],[-12.87226,12.52921],[-12.87149,12.52875],[-12.86968,12.52712],[-12.86895,12.52656],[-12.86743,12.52582],[-12.86576,12.52522],[-12.86299,12.52401],[-12.86199,12.52389],[-12.85984,12.52392],[-12.85878,12.52382],[-12.85697,12.52321],[-12.85448,12.52165],[-12.85389,12.52137],[-12.85309,12.52125],[-12.85189,12.52128],[-12.85037,12.52099],[-12.84982,12.52068],[-12.84913,12.52002],[-12.84895,12.51944],[-12.84896,12.51803],[-12.84849,12.51722],[-12.84746,12.51683],[-12.84599,12.51703],[-12.84424,12.51673],[-12.84297,12.51628],[-12.84201,12.51618],[-12.84018,12.51649],[-12.83824,12.51741],[-12.83718,12.51754],[-12.83591,12.51731],[-12.83513,12.51665],[-12.83503,12.51553],[-12.83462,12.51416],[-12.83483,12.51315],[-12.83457,12.51177],[-12.83455,12.5112],[-12.83509,12.51017],[-12.83539,12.50921],[-12.83576,12.50868],[-12.83764,12.50734],[-12.83802,12.50668],[-12.84005,12.50562],[-12.84055,12.50512],[-12.84084,12.50398],[-12.84153,12.50284],[-12.84242,12.50208],[-12.84329,12.50167],[-12.84442,12.50073],[-12.84519,12.49973],[-12.84563,12.49876],[-12.8461,12.49696],[-12.84621,12.49547],[-12.8461,12.49477],[-12.84563,12.49413],[-12.84479,12.49378],[-12.84352,12.49421],[-12.84264,12.49414],[-12.84201,12.49378],[-12.84151,12.49307],[-12.84094,12.49275],[-12.84033,12.49265],[-12.83736,12.49245],[-12.83559,12.49217],[-12.83349,12.49243],[-12.83223,12.49241],[-12.83134,12.49202],[-12.83082,12.49137],[-12.82948,12.49042],[-12.82885,12.48987],[-12.82805,12.48881],[-12.82708,12.48777],[-12.8267,12.48678],[-12.82617,12.48574],[-12.82562,12.48442],[-12.82408,12.48326],[-12.82371,12.48252],[-12.82308,12.4819],[-12.82238,12.4816],[-12.82115,12.48147],[-12.82056,12.48103],[-12.81941,12.47962],[-12.81908,12.47939],[-12.81759,12.47911],[-12.81557,12.47743],[-12.81502,12.47725],[-12.81363,12.47717],[-12.81142,12.47742],[-12.80865,12.47751],[-12.80636,12.47752],[-12.80388,12.478],[-12.80172,12.47856],[-12.8004,12.4788],[-12.79871,12.479],[-12.79758,12.47973],[-12.79639,12.48079],[-12.79577,12.48145],[-12.7949,12.48266],[-12.79272,12.48454],[-12.79184,12.48491],[-12.79064,12.48513],[-12.78974,12.48475],[-12.78951,12.48422],[-12.7896,12.4836],[-12.79021,12.48291],[-12.79015,12.48228],[-12.78985,12.48179],[-12.78934,12.4817],[-12.78815,12.48184],[-12.78647,12.4816],[-12.78587,12.48124],[-12.78498,12.48028],[-12.78403,12.47887],[-12.78265,12.47824],[-12.78223,12.47794],[-12.78122,12.47675],[-12.77946,12.47622],[-12.77903,12.47572],[-12.77858,12.47486],[-12.77783,12.47401],[-12.77713,12.47347],[-12.77629,12.47309],[-12.77354,12.47254],[-12.77241,12.47266],[-12.77179,12.47346],[-12.7712,12.47397],[-12.77015,12.47445],[-12.76931,12.47451],[-12.76611,12.47433],[-12.76519,12.47403],[-12.7644,12.47351],[-12.76378,12.4726],[-12.76338,12.47238],[-12.76156,12.47187],[-12.76064,12.47136],[-12.75876,12.46979],[-12.758,12.46855],[-12.75755,12.46827],[-12.75503,12.46758],[-12.75391,12.46715],[-12.75337,12.46668],[-12.75326,12.46594],[-12.75356,12.46471],[-12.75429,12.46357],[-12.75507,12.46259],[-12.75545,12.4612],[-12.75523,12.46004],[-12.75532,12.45978],[-12.75631,12.45924],[-12.7565,12.4586],[-12.75651,12.45706],[-12.75692,12.45617],[-12.75702,12.45503],[-12.75687,12.45388],[-12.75659,12.45273],[-12.75694,12.45168],[-12.75754,12.45107],[-12.75855,12.45066],[-12.76043,12.44964],[-12.76074,12.44896],[-12.76069,12.44664],[-12.76095,12.44543],[-12.76143,12.44458],[-12.76236,12.44368],[-12.7631,12.44257],[-12.7644,12.44108],[-12.76524,12.44041],[-12.76588,12.4394],[-12.76651,12.4375],[-12.76661,12.43653],[-12.76641,12.4348],[-12.76593,12.43407],[-12.7655,12.43379],[-12.76278,12.43362],[-12.76107,12.43373],[-12.75744,12.43423],[-12.75444,12.43452],[-12.75318,12.43459],[-12.67127,12.4404],[-12.67057,12.44145],[-12.66987,12.44185],[-12.6686,12.44212],[-12.66763,12.44199],[-12.66596,12.44146],[-12.66442,12.44121],[-12.6623,12.44097],[-12.65649,12.4402],[-12.65167,12.43965],[-12.64776,12.4391],[-12.64203,12.43847],[-12.64016,12.43817],[-12.63831,12.43776],[-12.63717,12.4376],[-12.6348,12.43746],[-12.63325,12.43705],[-12.63224,12.43689],[-12.63057,12.43691],[-12.6288,12.43668],[-12.62698,12.43608],[-12.62597,12.43533],[-12.62461,12.43363],[-12.6237,12.43333],[-12.62339,12.4329],[-12.62294,12.43156],[-12.62215,12.43084],[-12.62128,12.43056],[-12.62036,12.43046],[-12.61959,12.43021],[-12.61881,12.42977],[-12.6183,12.42921],[-12.61765,12.42795],[-12.61697,12.42735],[-12.616,12.42698],[-12.61537,12.42651],[-12.61488,12.42591],[-12.61439,12.42472],[-12.61329,12.42307],[-12.61273,12.4215],[-12.61208,12.41993],[-12.61155,12.41839],[-12.61105,12.41633],[-12.61099,12.41515],[-12.6099,12.41426],[-12.60885,12.41376],[-12.60801,12.41217],[-12.6072,12.41114],[-12.6059,12.4102],[-12.60427,12.40882],[-12.60286,12.40787],[-12.60238,12.40716],[-12.60138,12.4052],[-12.60083,12.40461],[-12.6002,12.40438],[-12.59817,12.40397],[-12.59747,12.40426],[-12.59674,12.40509],[-12.59609,12.40526],[-12.59475,12.40537],[-12.59306,12.40575],[-12.5909,12.40615],[-12.58875,12.40695],[-12.58668,12.40754],[-12.58478,12.40893],[-12.58432,12.40905],[-12.58375,12.40863],[-12.58359,12.40785],[-12.58411,12.4054],[-12.58432,12.40387],[-12.5849,12.40094],[-12.58578,12.39828],[-12.58603,12.39641],[-12.58601,12.39477],[-12.58585,12.39396],[-12.58514,12.3923],[-12.58443,12.39123],[-12.58261,12.38913],[-12.58126,12.38734],[-12.57919,12.38509],[-12.57679,12.38231],[-12.57629,12.3815],[-12.57569,12.38017],[-12.57429,12.3778],[-12.57352,12.37664],[-12.57065,12.37272],[-12.56952,12.37106],[-12.56898,12.37043],[-12.56743,12.36889],[-12.56664,12.36774],[-12.56583,12.3672],[-12.56526,12.36703],[-12.5635,12.36721],[-12.56248,12.36749],[-12.56146,12.36793],[-12.56032,12.36871],[-12.55949,12.36913],[-12.55781,12.36952],[-12.55588,12.37036],[-12.55535,12.3705],[-12.55354,12.37066],[-12.5515,12.3711],[-12.54976,12.3712],[-12.54823,12.37164],[-12.54736,12.37203],[-12.5465,12.37258],[-12.54401,12.37437],[-12.54301,12.37525],[-12.54212,12.37654],[-12.54136,12.37723],[-12.54,12.37823],[-12.538,12.38032],[-12.53752,12.38104],[-12.53729,12.382],[-12.53685,12.38283],[-12.53405,12.38667],[-12.53284,12.38808],[-12.53218,12.38868],[-12.5302,12.39008],[-12.52791,12.3916],[-12.52596,12.39323],[-12.5244,12.39443],[-12.52291,12.39618],[-12.52146,12.39778],[-12.52025,12.39938],[-12.51912,12.40054],[-12.51782,12.40234],[-12.51634,12.40422],[-12.51572,12.40469],[-12.51511,12.40482],[-12.51349,12.40485],[-12.51156,12.40464],[-12.5096,12.40465],[-12.50889,12.40458],[-12.50671,12.40408],[-12.50582,12.40394],[-12.50402,12.4039],[-12.50314,12.40407],[-12.50157,12.40483],[-12.50058,12.40543],[-12.49968,12.40583],[-12.49801,12.40639],[-12.49615,12.40747],[-12.49489,12.408],[-12.49381,12.40816],[-12.49259,12.40807],[-12.49145,12.40786],[-12.48887,12.40688],[-12.48652,12.40574],[-12.4854,12.40535],[-12.48323,12.40492],[-12.48097,12.40464],[-12.48036,12.40448],[-12.47871,12.40384],[-12.47805,12.40368],[-12.47587,12.40348],[-12.47293,12.40308],[-12.47094,12.40299],[-12.46997,12.40279],[-12.46754,12.40217],[-12.46474,12.40123],[-12.4635,12.40075],[-12.46199,12.40044],[-12.46028,12.40029],[-12.45724,12.3998],[-12.45465,12.39956],[-12.45167,12.3991],[-12.45034,12.39871],[-12.44794,12.39778],[-12.44672,12.3972],[-12.44548,12.3964],[-12.44363,12.39497],[-12.44254,12.39422],[-12.44066,12.39325],[-12.4394,12.39243],[-12.43848,12.39154],[-12.438,12.39073],[-12.43726,12.38992],[-12.43638,12.3893],[-12.4349,12.38852],[-12.43407,12.38822],[-12.43196,12.38779],[-12.42938,12.38714],[-12.42458,12.38576],[-12.41986,12.38453],[-12.41817,12.38421],[-12.41618,12.38411],[-12.41519,12.3842],[-12.41343,12.38457],[-12.41153,12.38509],[-12.40926,12.38559],[-12.40799,12.38572],[-12.40596,12.38565],[-12.40454,12.38531],[-12.4036,12.38491],[-12.40189,12.38394],[-12.39982,12.38241],[-12.39888,12.38155],[-12.39808,12.38049],[-12.39566,12.37797],[-12.39468,12.37683],[-12.39414,12.37602],[-12.39397,12.37518]]]},"properties":{"slug":"salemata","name":"Salemata","department":"Salemata","code":"SN0602","parent":"region-kedougou"}},{"type":"Feature","geometry":{"type":"Polygon","coordinates":[[[-11.88676,13.38793],[-11.88764,13.38659],[-11.88863,13.38526],[-11.8894,13.38441],[-11.89025,13.38371],[-11.89117,13.38318],[-11.89169,13.38306],[-11.89317,13.38317],[-11.89408,13.38307],[-11.89575,13.38247],[-11.89757,13.38152],[-11.89941,13.3807],[-11.89994,13.38035],[-11.90118,13.37923],[-11.9026,13.37829],[-11.90396,13.37763],[-11.90578,13.37698],[-11.90676,13.37674],[-11.9081,13.37658],[-11.90982,13.37696],[-11.91058,13.37702],[-11.91114,13.37674],[-11.91206,13.37568],[-11.91331,13.37498],[-11.91527,13.37424],[-11.91697,13.37373],[-11.9191,13.37322],[-11.92116,13.37259],[-11.92248,13.37263],[-11.92349,13.37341],[-11.92394,13.37362],[-11.92463,13.37333],[-11.92559,13.37246],[-11.92652,13.37203],[-11.92812,13.37152],[-11.93004,13.3704],[-11.93107,13.36955],[-11.93204,13.36825],[-11.93287,13.36748],[-11.93448,13.36672],[-11.93643,13.36647],[-11.93735,13.36625],[-11.93906,13.36553],[-11.94016,13.3652],[-11.94144,13.3651],[-11.94202,13.36538],[-11.94288,13.36606],[-11.94392,13.36646],[-11.94546,13.36643],[-11.94622,13.36655],[-11.9516,13.36782],[-11.95295,13.36793],[-11.95411,13.36767],[-11.95589,13.36713],[-11.9568,13.36674],[-11.95734,13.3662],[-11.95823,13.3649],[-11.95953,13.3635],[-11.96012,13.36267],[-11.96037,13.36209],[-11.96076,13.36002],[-11.96161,13.35751],[-11.96252,13.35566],[-11.96298,13.35506],[-11.96462,13.35389],[-11.96595,13.35277],[-11.96697,13.35164],[-11.96791,13.34988],[-11.96926,13.34792],[-11.97011,13.34697],[-11.97197,13.34535],[-11.97318,13.34407],[-11.97386,13.34347],[-11.97501,13.34284],[-11.97708,13.342],[-11.97939,13.34063],[-11.98088,13.34002],[-11.98174,13.33954],[-11.98241,13.3389],[-11.98323,13.33779],[-11.98386,13.33606],[-11.9844,13.33509],[-11.98647,13.33291],[-11.98745,13.33206],[-11.98883,13.33129],[-11.98975,13.33118],[-11.99148,13.33132],[-11.99279,13.33096],[-11.99367,13.33052],[-11.99478,13.32966],[-11.9961,13.32805],[-11.99695,13.3267],[-11.99827,13.32608],[-11.9994,13.32612],[-12.00101,13.32701],[-12.00233,13.32751],[-12.00426,13.32785],[-12.00526,13.32784],[-12.00626,13.32759],[-12.00697,13.32693],[-12.00744,13.3262],[-12.00797,13.3247],[-12.00831,13.32344],[-12.00884,13.32231],[-12.00973,13.32109],[-12.0107,13.31928],[-12.01213,13.31742],[-12.01373,13.31577],[-12.01437,13.31477],[-12.01534,13.31388],[-12.01616,13.31341],[-12.01787,13.31289],[-12.02025,13.31175],[-12.02107,13.31147],[-12.02216,13.31146],[-12.02339,13.31171],[-12.02609,13.31183],[-12.02721,13.31213],[-12.02833,13.31266],[-12.02968,13.3137],[-12.03014,13.31437],[-12.03033,13.31501],[-12.03052,13.31649],[-12.03127,13.32066],[-12.03138,13.32176],[-12.03128,13.32296],[-12.03149,13.32407],[-12.03227,13.32525],[-12.03391,13.32738],[-12.03422,13.32813],[-12.03397,13.32887],[-12.0324,13.33111],[-12.03176,13.333],[-12.03127,13.33376],[-12.03018,13.33504],[-12.0295,13.33655],[-12.02924,13.3375],[-12.02919,13.33992],[-12.02905,13.34076],[-12.02799,13.34301],[-12.02776,13.34388],[-12.02766,13.34539],[-12.02781,13.34812],[-12.02792,13.35123],[-12.02785,13.35336],[-12.02761,13.35559],[-12.02733,13.36058],[-12.02738,13.3611],[-12.0278,13.36187],[-12.02855,13.3627],[-12.02966,13.36366],[-12.02991,13.36457],[-12.02981,13.36541],[-12.02911,13.36789],[-12.02836,13.36999],[-12.02797,13.37211],[-12.02805,13.37334],[-12.02836,13.37434],[-12.02913,13.37467],[-12.02975,13.37458],[-12.03017,13.37421],[-12.03105,13.37275],[-12.03164,13.37119],[-12.03196,13.37006],[-12.03235,13.36926],[-12.03324,13.36842],[-12.03419,13.36782],[-12.03632,13.36702],[-12.03787,13.36637],[-12.03913,13.36572],[-12.04173,13.36387],[-12.04285,13.36321],[-12.04355,13.36292],[-12.04527,13.3624],[-12.04708,13.36159],[-12.05098,13.35947],[-12.05282,13.35872],[-12.054,13.35843],[-12.05532,13.35833],[-12.05635,13.35854],[-12.05741,13.35973],[-12.0585,13.36067],[-12.05959,13.36119],[-12.06107,13.36114],[-12.0619,13.36075],[-12.06273,13.35988],[-12.06368,13.35869],[-12.06462,13.35821],[-12.065,13.35853],[-12.06511,13.36021],[-12.06533,13.36066],[-12.06614,13.36148],[-12.06628,13.36211],[-12.06629,13.36379],[-12.06651,13.36452],[-12.06699,13.36483],[-12.06804,13.36523],[-12.06964,13.36621],[-12.0704,13.36684],[-12.07117,13.3677],[-12.07158,13.36882],[-12.07163,13.36972],[-12.0712,13.37219],[-12.07131,13.37251],[-12.0723,13.37282],[-12.07391,13.37239],[-12.07719,13.37273],[-12.0779,13.37273],[-12.07998,13.37219],[-12.08074,13.3722],[-12.08134,13.37193],[-12.08279,13.37066],[-12.08342,13.37034],[-12.0844,13.37047],[-12.08485,13.37068],[-12.08552,13.37193],[-12.08593,13.37229],[-12.0865,13.37235],[-12.08768,13.37224],[-12.08902,13.37194],[-12.08998,13.37187],[-12.09086,13.37204],[-12.09735,13.37402],[-12.09915,13.37527],[-12.10053,13.37594],[-12.10212,13.37636],[-12.10413,13.37632],[-12.10541,13.37576],[-12.10739,13.3743],[-12.10834,13.37382],[-12.10908,13.37395],[-12.10964,13.37467],[-12.1104,13.37617],[-12.11156,13.37883],[-12.11253,13.3802],[-12.11385,13.38167],[-12.11487,13.38304],[-12.11606,13.38519],[-12.11705,13.38668],[-12.11785,13.38738],[-12.11841,13.38744],[-12.11966,13.38725],[-12.12053,13.38737],[-12.12189,13.388],[-12.12272,13.38873],[-12.12328,13.38951],[-12.12349,13.39019],[-12.12365,13.39142],[-12.12386,13.39193],[-12.12445,13.39241],[-12.1257,13.39283],[-12.12679,13.39294],[-12.1276,13.39284],[-12.12957,13.39241],[-12.13144,13.39194],[-12.13218,13.39204],[-12.13287,13.39246],[-12.13372,13.39319],[-12.13659,13.39539],[-12.13797,13.39605],[-12.13877,13.3968],[-12.13928,13.39886],[-12.13958,13.3996],[-12.14016,13.40021],[-12.14126,13.401],[-12.14306,13.40272],[-12.14401,13.40389],[-12.14446,13.40483],[-12.1444,13.40555],[-12.14402,13.40682],[-12.14394,13.40848],[-12.14412,13.41113],[-12.1445,13.41263],[-12.14478,13.41421],[-12.14502,13.41466],[-12.14605,13.41566],[-12.1478,13.41667],[-12.14991,13.41746],[-12.15162,13.41799],[-12.1534,13.41818],[-12.15467,13.41806],[-12.15567,13.41778],[-12.15728,13.41705],[-12.15822,13.41703],[-12.15954,13.41784],[-12.16072,13.41905],[-12.16279,13.41996],[-12.16438,13.42078],[-12.16588,13.42146],[-12.16701,13.42177],[-12.16881,13.42195],[-12.17078,13.42186],[-12.17147,13.42202],[-12.17326,13.42337],[-12.17485,13.42389],[-12.17577,13.42373],[-12.1768,13.42298],[-12.17727,13.42188],[-12.17768,13.42134],[-12.17821,13.42102],[-12.1826,13.42263],[-12.18323,13.42299],[-12.18357,13.42341],[-12.18399,13.42433],[-12.18414,13.42567],[-12.18445,13.42647],[-12.18505,13.42741],[-12.18571,13.42802],[-12.18657,13.42846],[-12.18733,13.4284],[-12.1886,13.42805],[-12.19042,13.42799],[-12.1909,13.42821],[-12.19122,13.42874],[-12.19157,13.4298],[-12.19196,13.4314],[-12.19265,13.43513],[-12.1935,13.43607],[-12.19432,13.43642],[-12.19525,13.43618],[-12.19586,13.43618],[-12.1971,13.43672],[-12.19778,13.43749],[-12.19807,13.43851],[-12.19867,13.43999],[-12.1996,13.44199],[-12.20023,13.44293],[-12.20086,13.44345],[-12.20283,13.44476],[-12.20424,13.44551],[-12.20611,13.44616],[-12.20715,13.44633],[-12.2084,13.44632],[-12.21044,13.44658],[-12.21145,13.44706],[-12.21366,13.44857],[-12.21462,13.44945],[-12.2163,13.45124],[-12.21758,13.45197],[-12.21914,13.45254],[-12.22039,13.45319],[-12.22164,13.45433],[-12.22209,13.45451],[-12.22289,13.45449],[-12.22388,13.45414],[-12.22566,13.45268],[-12.22672,13.45244],[-12.22779,13.45293],[-12.22816,13.45343],[-12.22869,13.45463],[-12.2294,13.45574],[-12.22972,13.45601],[-12.23113,13.4566],[-12.23339,13.45773],[-12.23482,13.45815],[-12.23567,13.45868],[-12.23601,13.45951],[-12.23635,13.45989],[-12.23745,13.45998],[-12.23833,13.45934],[-12.23958,13.45901],[-12.24009,13.45908],[-12.24034,13.45961],[-12.24033,13.46047],[-12.24062,13.46246],[-12.24081,13.46318],[-12.24128,13.46339],[-12.24211,13.46224],[-12.24351,13.46061],[-12.24475,13.45878],[-12.24565,13.45815],[-12.24777,13.45697],[-12.24856,13.45619],[-12.24886,13.45521],[-12.2489,13.45431],[-12.24834,13.45276],[-12.24795,13.45118],[-12.24767,13.4492],[-12.2474,13.44564],[-12.24747,13.44441],[-12.2477,13.44283],[-12.24792,13.44024],[-12.24808,13.43716],[-12.24811,13.43558],[-12.24807,13.43222],[-12.24824,13.42804],[-12.24841,13.42705],[-12.24902,13.42571],[-12.24993,13.42473],[-12.25156,13.42436],[-12.25354,13.42369],[-12.25477,13.42347],[-12.25583,13.423],[-12.25657,13.42214],[-12.25794,13.42001],[-12.25867,13.41867],[-12.25957,13.41679],[-12.26073,13.41503],[-12.26129,13.41377],[-12.26142,13.41313],[-12.26139,13.41207],[-12.26119,13.41128],[-12.26044,13.40999],[-12.25951,13.40707],[-12.25891,13.40608],[-12.25817,13.4054],[-12.25803,13.40491],[-12.25814,13.40393],[-12.25846,13.40324],[-12.25909,13.40228],[-12.26064,13.39939],[-12.26095,13.39866],[-12.26125,13.39698],[-12.26107,13.39612],[-12.26048,13.39523],[-12.25965,13.39366],[-12.25936,13.39254],[-12.25927,13.39169],[-12.25931,13.39056],[-12.25918,13.3891],[-12.25891,13.38794],[-12.25821,13.38647],[-12.25784,13.38603],[-12.25726,13.3857],[-12.25567,13.38512],[-12.25494,13.38445],[-12.25445,13.38365],[-12.25438,13.38301],[-12.25444,13.38165],[-12.25419,13.38002],[-12.25371,13.37758],[-12.25339,13.37655],[-12.25228,13.37468],[-12.25196,13.37393],[-12.25165,13.3727],[-12.25059,13.36987],[-12.25006,13.36893],[-12.24906,13.36798],[-12.24861,13.36653],[-12.24838,13.36609],[-12.24714,13.36502],[-12.24626,13.36372],[-12.24582,13.36323],[-12.24501,13.3628],[-12.24357,13.36254],[-12.24291,13.36269],[-12.24171,13.36321],[-12.24066,13.3635],[-12.23998,13.36351],[-12.23884,13.36106],[-12.23812,13.35897],[-12.23756,13.35833],[-12.23605,13.35746],[-12.23503,13.3567],[-12.23399,13.35559],[-12.23323,13.35464],[-12.23154,13.3522],[-12.23115,13.35134],[-12.23108,13.35001],[-12.2308,13.34941],[-12.22994,13.34836],[-12.22893,13.34755],[-12.22813,13.34711],[-12.2271,13.34585],[-12.22586,13.3446],[-12.22448,13.34346],[-12.22232,13.34042],[-12.22135,13.3389],[-12.22093,13.33788],[-12.2208,13.3372],[-12.22114,13.33624],[-12.2218,13.33537],[-12.22389,13.33363],[-12.22452,13.33275],[-12.22577,13.33073],[-12.22741,13.32773],[-12.22813,13.32677],[-12.2292,13.32577],[-12.23053,13.32344],[-12.23128,13.32176],[-12.23138,13.32063],[-12.23128,13.32008],[-12.23046,13.31825],[-12.2302,13.31719],[-12.2302,13.31601],[-12.23041,13.31577],[-12.23175,13.31594],[-12.23425,13.3159],[-12.23787,13.31602],[-12.23979,13.31602],[-12.24175,13.31592],[-12.24442,13.31608],[-12.24547,13.31605],[-12.24719,13.31583],[-12.24854,13.31586],[-12.25034,13.31544],[-12.25204,13.31453],[-12.25293,13.31383],[-12.25403,13.3135],[-12.25605,13.31329],[-12.25815,13.3139],[-12.26036,13.31422],[-12.26213,13.31468],[-12.26437,13.31507],[-12.26537,13.31549],[-12.26731,13.31657],[-12.26834,13.3168],[-12.27021,13.31685],[-12.27127,13.31673],[-12.27394,13.31628],[-12.27612,13.31613],[-12.27989,13.31624],[-12.28361,13.31603],[-12.28544,13.31567],[-12.28692,13.31519],[-12.2877,13.31476],[-12.28826,13.31418],[-12.28903,13.31391],[-12.29067,13.31385],[-12.29183,13.314],[-12.29259,13.31423],[-12.2933,13.31476],[-12.29487,13.31554],[-12.29647,13.3167],[-12.29708,13.31703],[-12.29944,13.31804],[-12.30115,13.31842],[-12.30229,13.31857],[-12.30435,13.31854],[-12.30595,13.31814],[-12.30679,13.31757],[-12.30815,13.31534],[-12.30888,13.31385],[-12.3096,13.31213],[-12.31009,13.31119],[-12.31052,13.3096],[-12.30977,13.30756],[-12.30958,13.3061],[-12.30964,13.30546],[-12.31021,13.30395],[-12.31081,13.3028],[-12.3111,13.30173],[-12.31111,13.30115],[-12.3108,13.30015],[-12.31073,13.29863],[-12.31101,13.29744],[-12.31076,13.29481],[-12.31089,13.29329],[-12.31139,13.29291],[-12.3121,13.2929],[-12.31282,13.29261],[-12.31309,13.29224],[-12.31317,13.29132],[-12.31434,13.2896],[-12.3146,13.28839],[-12.31496,13.28777],[-12.31557,13.28753],[-12.31613,13.28563],[-12.31645,13.2852],[-12.31761,13.28434],[-12.31792,13.28397],[-12.31788,13.28228],[-12.31831,13.28194],[-12.31914,13.28188],[-12.31967,13.2816],[-12.31995,13.28079],[-12.32081,13.28041],[-12.32153,13.28048],[-12.32247,13.28156],[-12.32328,13.28136],[-12.3234,13.28104],[-12.32357,13.2792],[-12.32414,13.27821],[-12.32425,13.27774],[-12.32425,13.27611],[-12.32413,13.27536],[-12.32373,13.27446],[-12.32293,13.2739],[-12.32283,13.27361],[-12.3238,13.27238],[-12.32379,13.27178],[-12.32344,13.26983],[-12.32373,13.26939],[-12.32454,13.26882],[-12.3248,13.26762],[-12.32421,13.26682],[-12.32427,13.26613],[-12.32485,13.26567],[-12.3251,13.26501],[-12.32515,13.26425],[-12.32502,13.26324],[-12.32505,13.26232],[-12.32583,13.26191],[-12.32655,13.26191],[-12.32722,13.26249],[-12.32817,13.26292],[-12.32851,13.26285],[-12.32891,13.26187],[-12.32928,13.26154],[-12.3314,13.26115],[-12.33229,13.26107],[-12.33285,13.26082],[-12.33355,13.25889],[-12.33385,13.25838],[-12.33433,13.25804],[-12.33602,13.25815],[-12.33711,13.25851],[-12.3388,13.25848],[-12.33934,13.25858],[-12.33966,13.25963],[-12.33967,13.26042],[-12.33995,13.26161],[-12.33996,13.26454],[-12.34009,13.26554],[-12.34037,13.26629],[-12.34095,13.26729],[-12.34174,13.26814],[-12.3425,13.26856],[-12.34292,13.26944],[-12.34319,13.27066],[-12.34388,13.27137],[-12.34446,13.27233],[-12.34671,13.27365],[-12.34886,13.27463],[-12.35027,13.27511],[-12.35247,13.27564],[-12.35461,13.27657],[-12.35727,13.27798],[-12.35801,13.27846],[-12.359,13.27933],[-12.36042,13.27996],[-12.3617,13.28098],[-12.36317,13.28306],[-12.36453,13.28424],[-12.36559,13.28544],[-12.36634,13.28662],[-12.367,13.28727],[-12.36772,13.28775],[-12.36932,13.28824],[-12.37024,13.28836],[-12.37092,13.28861],[-12.37286,13.29035],[-12.37426,13.29141],[-12.37502,13.29143],[-12.37564,13.29121],[-12.37709,13.29037],[-12.37795,13.29016],[-12.38042,13.29054],[-12.38187,13.29052],[-12.38383,13.29025],[-12.38444,13.28999],[-12.38527,13.28918],[-12.38634,13.28688],[-12.38676,13.28617],[-12.38752,13.28544],[-12.38831,13.28499],[-12.38959,13.28475],[-12.39013,13.2848],[-12.39139,13.28529],[-12.39234,13.28588],[-12.39357,13.28623],[-12.39487,13.28616],[-12.39772,13.2856],[-12.39845,13.28537],[-12.40019,13.28459],[-12.4032,13.28284],[-12.40409,13.28222],[-12.40497,13.28186],[-12.40767,13.28138],[-12.40906,13.2815],[-12.40995,13.28204],[-12.41028,13.28255],[-12.41088,13.28394],[-12.41136,13.28459],[-12.41194,13.28494],[-12.41283,13.28521],[-12.41394,13.28523],[-12.41578,13.28481],[-12.41675,13.28423],[-12.41886,13.28094],[-12.41947,13.27986],[-12.41987,13.27892],[-12.42019,13.27721],[-12.42023,13.27571],[-12.42077,13.27359],[-12.42104,13.27314],[-12.42209,13.27259],[-12.42294,13.27242],[-12.42369,13.27207],[-12.42553,13.27091],[-12.42745,13.27019],[-12.4302,13.26947],[-12.43151,13.26887],[-12.43356,13.26883],[-12.43468,13.26843],[-12.43553,13.26787],[-12.43684,13.26679],[-12.43772,13.2662],[-12.44045,13.26477],[-12.4414,13.26412],[-12.44243,13.26327],[-12.44472,13.2616],[-12.44611,13.26065],[-12.44684,13.26005],[-12.44803,13.2588],[-12.44881,13.25745],[-12.44958,13.25645],[-12.45066,13.25552],[-12.45104,13.25551],[-12.45178,13.25589],[-12.45274,13.25733],[-12.45336,13.25747],[-12.45402,13.25671],[-12.45517,13.25417],[-12.45559,13.2531],[-12.45653,13.25149],[-12.45707,13.25088],[-12.4591,13.24892],[-12.45998,13.24773],[-12.4606,13.24626],[-12.46107,13.2441],[-12.46113,13.24341],[-12.46076,13.24161],[-12.4608,13.23915],[-12.4612,13.23894],[-12.46302,13.23909],[-12.46344,13.23896],[-12.46447,13.23793],[-12.46511,13.2363],[-12.46546,13.23581],[-12.46657,13.23462],[-12.46753,13.23401],[-12.46922,13.23322],[-12.47032,13.23245],[-12.47057,13.23189],[-12.47198,13.22982],[-12.47261,13.22848],[-12.47275,13.22716],[-12.47261,13.22515],[-12.47282,13.22278],[-12.47348,13.22131],[-12.47454,13.22021],[-12.4753,13.21909],[-12.47646,13.21644],[-12.47719,13.21435],[-12.47752,13.21347],[-12.47781,13.21278],[-12.47875,13.21065],[-12.47902,13.20974],[-12.47907,13.20872],[-12.47928,13.20789],[-12.48003,13.20665],[-12.48082,13.20594],[-12.48147,13.20584],[-12.48168,13.20578],[-12.48177,13.20572],[-12.48185,13.20565],[-12.48199,13.20546],[-12.48203,13.20534],[-12.48205,13.20523],[-12.48203,13.20499],[-12.48149,13.20321],[-12.48157,13.20224],[-12.48209,13.20167],[-12.48267,13.20141],[-12.48405,13.2011],[-12.48433,13.20109],[-12.48504,13.20109],[-12.4857,13.2009],[-12.4861,13.20031],[-12.48585,13.19942],[-12.48552,13.19908],[-12.4854,13.19894],[-12.48524,13.19843],[-12.48533,13.19786],[-12.48735,13.19487],[-12.4885,13.19339],[-12.48944,13.19149],[-12.48983,13.191],[-12.49024,13.19076],[-12.49105,13.19068],[-12.49131,13.19072],[-12.49155,13.19079],[-12.49227,13.19124],[-12.49276,13.19255],[-12.49304,13.19301],[-12.49414,13.19382],[-12.49473,13.1939],[-12.49555,13.19219],[-12.49622,13.19133],[-12.49643,13.19083],[-12.49636,13.19032],[-12.4963,13.19016],[-12.49624,13.19003],[-12.49606,13.18982],[-12.4952,13.1897],[-12.4936,13.18919],[-12.4923,13.18932],[-12.49153,13.1891],[-12.49047,13.18854],[-12.48895,13.18788],[-12.48838,13.18777],[-12.48683,13.18801],[-12.48549,13.188],[-12.48479,13.18782],[-12.48429,13.1874],[-12.48392,13.18675],[-12.48384,13.18603],[-12.48399,13.18521],[-12.48379,13.18486],[-12.48235,13.18346],[-12.48177,13.18267],[-12.48135,13.18254],[-12.48053,13.18335],[-12.47987,13.18381],[-12.47896,13.18401],[-12.47726,13.18406],[-12.4762,13.18362],[-12.47548,13.18255],[-12.47534,13.18176],[-12.47691,13.17995],[-12.47662,13.17955],[-12.47506,13.17968],[-12.47449,13.1796],[-12.47404,13.17905],[-12.47391,13.17841],[-12.47435,13.17733],[-12.47439,13.17692],[-12.47479,13.17662],[-12.47564,13.17678],[-12.47606,13.17658],[-12.47652,13.17593],[-12.4768,13.17478],[-12.47647,13.1744],[-12.4761,13.17481],[-12.47529,13.17523],[-12.47454,13.17508],[-12.47443,13.17446],[-12.47509,13.17378],[-12.47504,13.17339],[-12.47443,13.17278],[-12.47299,13.17262],[-12.47203,13.1723],[-12.47147,13.17195],[-12.47081,13.17111],[-12.47043,13.17105],[-12.46883,13.17206],[-12.46821,13.17194],[-12.46771,13.17142],[-12.46765,13.17085],[-12.46837,13.16657],[-12.46874,13.16538],[-12.46933,13.1646],[-12.47013,13.16422],[-12.4713,13.16341],[-12.47135,13.163],[-12.47094,13.16251],[-12.47058,13.16153],[-12.47057,13.16084],[-12.46967,13.16062],[-12.46889,13.16107],[-12.46854,13.16222],[-12.46781,13.16245],[-12.46704,13.16228],[-12.46692,13.16192],[-12.46796,13.16004],[-12.46781,13.15965],[-12.46709,13.16011],[-12.46672,13.16058],[-12.46587,13.16074],[-12.46457,13.16031],[-12.46434,13.16],[-12.46445,13.1589],[-12.46385,13.15779],[-12.46432,13.15708],[-12.46443,13.15649],[-12.46402,13.15588],[-12.46381,13.15479],[-12.46344,13.15414],[-12.46209,13.153],[-12.46173,13.15257],[-12.46151,13.15151],[-12.4617,13.1511],[-12.46284,13.15048],[-12.46369,13.1502],[-12.46412,13.1498],[-12.4643,13.14915],[-12.46415,13.14832],[-12.46384,13.14808],[-12.4627,13.14823],[-12.46154,13.14871],[-12.46082,13.14817],[-12.4608,13.14726],[-12.46122,13.14666],[-12.46144,13.14599],[-12.46177,13.14426],[-12.46238,13.14347],[-12.46345,13.14296],[-12.46394,13.14306],[-12.4641,13.14364],[-12.46466,13.14397],[-12.46553,13.14334],[-12.46727,13.14121],[-12.46767,13.14025],[-12.46737,13.13966],[-12.46653,13.14001],[-12.46492,13.14005],[-12.46419,13.13967],[-12.46365,13.13879],[-12.46364,13.13808],[-12.46337,13.1374],[-12.46286,13.13695],[-12.46222,13.13682],[-12.46156,13.13695],[-12.46068,13.13747],[-12.45997,13.1376],[-12.45853,13.13735],[-12.45792,13.13706],[-12.45724,13.13613],[-12.45685,13.13452],[-12.4569,13.13324],[-12.45796,13.13142],[-12.45832,13.12938],[-12.45806,13.12824],[-12.45761,13.12746],[-12.45704,13.12698],[-12.45631,13.12721],[-12.45583,13.12813],[-12.45523,13.12889],[-12.4546,13.12908],[-12.45291,13.12727],[-12.45263,13.12652],[-12.45334,13.12562],[-12.45355,13.12512],[-12.45343,13.12415],[-12.45376,13.12355],[-12.45507,13.12319],[-12.45569,13.12278],[-12.45636,13.1221],[-12.45692,13.12112],[-12.45723,13.11946],[-12.4577,13.11782],[-12.45776,13.1169],[-12.45742,13.11599],[-12.45635,13.11491],[-12.45539,13.11448],[-12.45377,13.11434],[-12.45234,13.11469],[-12.4509,13.11489],[-12.4497,13.11442],[-12.44915,13.11386],[-12.44866,13.11306],[-12.44837,13.1122],[-12.44801,13.11164],[-12.44681,13.11022],[-12.44613,13.10968],[-12.44549,13.10953],[-12.44401,13.10942],[-12.44302,13.10946],[-12.44186,13.10973],[-12.44001,13.11058],[-12.43903,13.11035],[-12.43849,13.10929],[-12.43829,13.10822],[-12.43835,13.10769],[-12.43938,13.10644],[-12.43981,13.10561],[-12.44015,13.10453],[-12.43953,13.10427],[-12.43909,13.10485],[-12.43894,13.10584],[-12.43823,13.10628],[-12.43732,13.10599],[-12.43682,13.10493],[-12.4368,13.1038],[-12.43658,13.10286],[-12.43628,13.10254],[-12.43578,13.10267],[-12.43506,13.10326],[-12.43433,13.10353],[-12.43324,13.10374],[-12.43251,13.1036],[-12.43179,13.10314],[-12.4304,13.10181],[-12.42853,13.09984],[-12.42807,13.09955],[-12.42728,13.09952],[-12.42659,13.09976],[-12.42582,13.10043],[-12.42502,13.10072],[-12.4243,13.10056],[-12.42311,13.1],[-12.42227,13.09945],[-12.42173,13.09894],[-12.42131,13.0988],[-12.42063,13.09894],[-12.4196,13.09962],[-12.41854,13.10052],[-12.41783,13.10067],[-12.41638,13.10046],[-12.41528,13.10073],[-12.41388,13.10064],[-12.41287,13.10011],[-12.41263,13.09952],[-12.41291,13.09861],[-12.41254,13.09789],[-12.41211,13.09774],[-12.40979,13.09745],[-12.40921,13.09725],[-12.40808,13.09604],[-12.4081,13.09469],[-12.40785,13.09395],[-12.40747,13.09345],[-12.40668,13.09307],[-12.40588,13.093],[-12.40513,13.09314],[-12.40443,13.09291],[-12.40309,13.09175],[-12.40272,13.09083],[-12.40271,13.09012],[-12.40317,13.08889],[-12.40325,13.08785],[-12.40274,13.08758],[-12.40203,13.08754],[-12.40054,13.08774],[-12.39982,13.08728],[-12.39874,13.08516],[-12.39775,13.08373],[-12.3977,13.08282],[-12.39815,13.08154],[-12.39799,13.08108],[-12.39641,13.08125],[-12.39616,13.08065],[-12.39655,13.07972],[-12.39725,13.07913],[-12.39734,13.07873],[-12.39695,13.0776],[-12.39699,13.07661],[-12.39737,13.07549],[-12.39752,13.07445],[-12.39738,13.07362],[-12.39652,13.07287],[-12.39545,13.07301],[-12.39507,13.07282],[-12.39492,13.07221],[-12.39528,13.07178],[-12.39613,13.07154],[-12.39658,13.07124],[-12.39687,13.07071],[-12.39677,13.07024],[-12.39542,13.07028],[-12.39497,13.06966],[-12.395,13.06891],[-12.39546,13.06832],[-12.39672,13.0684],[-12.39773,13.06803],[-12.39773,13.06725],[-12.39668,13.06603],[-12.39645,13.0655],[-12.39649,13.06496],[-12.39683,13.06436],[-12.3974,13.06386],[-12.39806,13.06395],[-12.39843,13.06491],[-12.39886,13.06498],[-12.39958,13.06462],[-12.40036,13.06375],[-12.40114,13.06257],[-12.40165,13.06205],[-12.40177,13.06141],[-12.40159,13.06097],[-12.40097,13.06032],[-12.40011,13.05979],[-12.39942,13.05965],[-12.39795,13.0602],[-12.39732,13.06028],[-12.39605,13.05999],[-12.39582,13.06025],[-12.3956,13.06126],[-12.39463,13.06151],[-12.39368,13.06097],[-12.39327,13.05974],[-12.39361,13.05881],[-12.39487,13.05836],[-12.39556,13.0583],[-12.3972,13.05853],[-12.39785,13.0581],[-12.39801,13.05715],[-12.39773,13.05665],[-12.39678,13.05585],[-12.39631,13.05524],[-12.39614,13.05431],[-12.39578,13.05396],[-12.39489,13.05397],[-12.39212,13.05277],[-12.39198,13.05208],[-12.39245,13.05121],[-12.39251,13.05051],[-12.39219,13.04908],[-12.39175,13.04794],[-12.39147,13.0466],[-12.39159,13.04528],[-12.39128,13.04476],[-12.39071,13.04436],[-12.39058,13.0432],[-12.39032,13.04234],[-12.3903,13.04171],[-12.39076,13.04052],[-12.39111,13.03911],[-12.3911,13.03844],[-12.3908,13.037],[-12.39101,13.03648],[-12.39162,13.03632],[-12.39228,13.03552],[-12.39203,13.03501],[-12.39152,13.03488],[-12.39068,13.03537],[-12.3901,13.03503],[-12.38997,13.03462],[-12.39048,13.03364],[-12.39139,13.03261],[-12.39142,13.03225],[-12.39078,13.0315],[-12.39124,13.0305],[-12.39089,13.02981],[-12.39046,13.02939],[-12.38995,13.02825],[-12.38954,13.02796],[-12.38784,13.02747],[-12.38688,13.02691],[-12.38654,13.02657],[-12.38663,13.02568],[-12.38775,13.02484],[-12.38823,13.02381],[-12.38826,13.02237],[-12.38849,13.02166],[-12.38896,13.02106],[-12.38964,13.02105],[-12.39006,13.02307],[-12.38983,13.02423],[-12.39062,13.02397],[-12.39094,13.02324],[-12.39128,13.02303],[-12.39224,13.02319],[-12.39314,13.02375],[-12.39421,13.02376],[-12.39674,13.02276],[-12.39708,13.0222],[-12.3968,13.02169],[-12.39651,13.0201],[-12.39657,13.01834],[-12.39682,13.0172],[-12.39727,13.01714],[-12.39771,13.01796],[-12.39808,13.01788],[-12.39845,13.01628],[-12.39867,13.01608],[-12.39956,13.01638],[-12.39977,13.0156],[-12.39896,13.01501],[-12.39829,13.01417],[-12.39768,13.01367],[-12.39697,13.01335],[-12.39652,13.01293],[-12.39628,13.01168],[-12.39553,13.01127],[-12.39448,13.01154],[-12.394,13.012],[-12.39304,13.01196],[-12.39275,13.01146],[-12.3933,13.0105],[-12.39305,13.01015],[-12.3919,13.01001],[-12.39063,13.00964],[-12.39018,13.00923],[-12.38989,13.00797],[-12.3893,13.0067],[-12.38861,13.00597],[-12.38803,13.00577],[-12.38737,13.00584],[-12.38698,13.00609],[-12.38661,13.00692],[-12.38571,13.00763],[-12.38498,13.00759],[-12.3841,13.00679],[-12.38362,13.00487],[-12.38327,13.00453],[-12.3825,13.00451],[-12.38185,13.00415],[-12.38128,13.00321],[-12.3811,13.00179],[-12.3806,13.00083],[-12.38008,13.00075],[-12.3793,13.0011],[-12.37805,13.00147],[-12.37629,13.00244],[-12.37505,13.00249],[-12.37461,13.00181],[-12.37417,13.00155],[-12.37326,13.00159],[-12.37197,13.00233],[-12.37133,13.00241],[-12.37059,13.00218],[-12.36994,13.00216],[-12.3675,13.00247],[-12.36538,13.00293],[-12.36446,13.00331],[-12.36364,13.00397],[-12.3631,13.00463],[-12.36273,13.00554],[-12.36249,13.00662],[-12.36139,13.00743],[-12.36085,13.00803],[-12.36022,13.00932],[-12.35951,13.00971],[-12.35802,13.0093],[-12.35712,13.00952],[-12.35599,13.01012],[-12.35394,13.0117],[-12.35274,13.01203],[-12.35149,13.01167],[-12.35072,13.01091],[-12.35017,13.01011],[-12.34971,13.00983],[-12.34907,13.00976],[-12.34824,13.00987],[-12.34607,13.00994],[-12.34512,13.01033],[-12.34463,13.01079],[-12.34366,13.01229],[-12.34344,13.01283],[-12.3433,13.01376],[-12.34336,13.01447],[-12.34384,13.0157],[-12.34408,13.01682],[-12.34401,13.01748],[-12.34338,13.01825],[-12.34238,13.01879],[-12.34152,13.0196],[-12.33998,13.02161],[-12.33907,13.0226],[-12.33773,13.02363],[-12.33657,13.02483],[-12.33595,13.02524],[-12.33315,13.02549],[-12.33178,13.02584],[-12.33069,13.02643],[-12.33004,13.02692],[-12.32914,13.02697],[-12.32875,13.02667],[-12.3284,13.02596],[-12.32838,13.02443],[-12.32806,13.02372],[-12.3271,13.02232],[-12.32639,13.02074],[-12.32567,13.01991],[-12.32508,13.01954],[-12.32368,13.01904],[-12.32321,13.01862],[-12.32298,13.01768],[-12.32258,13.01665],[-12.32248,13.01592],[-12.32273,13.01366],[-12.32265,13.01301],[-12.32222,13.01258],[-12.32172,13.01281],[-12.32094,13.01289],[-12.32047,13.01265],[-12.32012,13.01137],[-12.31926,13.01081],[-12.31876,13.01104],[-12.31785,13.0127],[-12.31736,13.01295],[-12.31518,13.01296],[-12.31391,13.01248],[-12.31329,13.01192],[-12.313,13.01105],[-12.31264,13.01073],[-12.31162,13.01074],[-12.31084,13.01019],[-12.31057,13.00935],[-12.31072,13.00833],[-12.3114,13.00738],[-12.31156,13.00658],[-12.31135,13.0057],[-12.31105,13.00534],[-12.31052,13.0052],[-12.30975,13.00547],[-12.30896,13.00548],[-12.30819,13.00525],[-12.30728,13.00536],[-12.30642,13.0061],[-12.30627,13.00691],[-12.30637,13.00765],[-12.30618,13.00836],[-12.30579,13.00853],[-12.30481,13.00781],[-12.30399,13.00645],[-12.30341,13.00605],[-12.30222,13.0057],[-12.30183,13.00525],[-12.30196,13.00337],[-12.30118,13.00294],[-12.3002,13.00327],[-12.29796,13.00354],[-12.29526,13.00358],[-12.29401,13.0038],[-12.29215,13.00448],[-12.29112,13.0046],[-12.28993,13.00413],[-12.28981,13.00348],[-12.2903,13.00279],[-12.29138,13.00212],[-12.29185,13.0015],[-12.29174,13.00093],[-12.29077,13.00064],[-12.28783,13.00106],[-12.28638,13.0015],[-12.28521,13.00161],[-12.28463,13.00139],[-12.2822,13.00142],[-12.28131,13.00158],[-12.28025,13.00132],[-12.27976,13.00044],[-12.28009,12.99877],[-12.28085,12.9973],[-12.28088,12.99634],[-12.28041,12.99559],[-12.27977,12.99536],[-12.27971,12.99483],[-12.28009,12.99465],[-12.28097,12.99387],[-12.28184,12.99399],[-12.28224,12.99372],[-12.28264,12.99305],[-12.28262,12.99229],[-12.28185,12.99067],[-12.28175,12.98963],[-12.28153,12.98897],[-12.28076,12.98782],[-12.28047,12.98691],[-12.27995,12.9862],[-12.27942,12.98444],[-12.27875,12.9839],[-12.27864,12.98356],[-12.2789,12.98234],[-12.27858,12.98187],[-12.27729,12.9818],[-12.27549,12.98217],[-12.27415,12.98189],[-12.27315,12.98123],[-12.27216,12.97995],[-12.27134,12.97963],[-12.27085,12.97914],[-12.27066,12.97848],[-12.27115,12.97769],[-12.27231,12.97789],[-12.27246,12.97748],[-12.27231,12.97696],[-12.27241,12.976],[-12.27232,12.97543],[-12.27186,12.97487],[-12.27134,12.97494],[-12.27083,12.97446],[-12.27106,12.97387],[-12.27156,12.97343],[-12.27114,12.97241],[-12.27072,12.97194],[-12.26889,12.97054],[-12.26821,12.97026],[-12.26732,12.97015],[-12.26542,12.97015],[-12.26441,12.96993],[-12.26238,12.96898],[-12.26097,12.96807],[-12.26057,12.96765],[-12.26039,12.967],[-12.26033,12.96604],[-12.26006,12.96556],[-12.25835,12.96364],[-12.25779,12.9633],[-12.25641,12.9629],[-12.25541,12.96279],[-12.25455,12.96227],[-12.25393,12.96148],[-12.2536,12.96084],[-12.25178,12.96038],[-12.24921,12.96],[-12.24783,12.95965],[-12.24539,12.95876],[-12.24379,12.95857],[-12.24267,12.95877],[-12.24198,12.95908],[-12.24126,12.95918],[-12.24013,12.95882],[-12.23834,12.95792],[-12.2378,12.95772],[-12.23523,12.95748],[-12.23413,12.95746],[-12.23314,12.9573],[-12.23155,12.95682],[-12.23044,12.95597],[-12.22981,12.95505],[-12.229,12.95478],[-12.22724,12.95475],[-12.22605,12.95397],[-12.22533,12.95295],[-12.22512,12.95199],[-12.22537,12.95056],[-12.22571,12.94998],[-12.22563,12.94919],[-12.22526,12.94864],[-12.2246,12.94818],[-12.22239,12.9476],[-12.22077,12.9475],[-12.2195,12.94756],[-12.21877,12.94723],[-12.21778,12.9464],[-12.21651,12.94519],[-12.21575,12.94491],[-12.21456,12.9449],[-12.2139,12.94516],[-12.21267,12.94603],[-12.2116,12.94634],[-12.21059,12.94685],[-12.20981,12.94701],[-12.20924,12.94683],[-12.20868,12.94587],[-12.20769,12.94638],[-12.20673,12.94667],[-12.20405,12.94683],[-12.20337,12.94666],[-12.20151,12.94555],[-12.19971,12.94485],[-12.19832,12.94445],[-12.19802,12.94385],[-12.19805,12.94318],[-12.19632,12.94171],[-12.19551,12.94115],[-12.19369,12.94061],[-12.19277,12.94019],[-12.1917,12.93932],[-12.19007,12.93849],[-12.18909,12.93739],[-12.18812,12.93598],[-12.18649,12.9341],[-12.18561,12.93356],[-12.18521,12.9331],[-12.18516,12.93021],[-12.18552,12.92759],[-12.18534,12.92644],[-12.18505,12.92565],[-12.18439,12.92508],[-12.18414,12.92448],[-12.18453,12.92282],[-12.18487,12.92229],[-12.18576,12.92134],[-12.18658,12.92015],[-12.18725,12.91939],[-12.18757,12.91854],[-12.18762,12.91775],[-12.18735,12.91662],[-12.18716,12.91537],[-12.1872,12.91468],[-12.18756,12.9134],[-12.18793,12.91274],[-12.18782,12.9123],[-12.18728,12.91192],[-12.18746,12.91138],[-12.18803,12.9111],[-12.1882,12.90974],[-12.18864,12.9091],[-12.18858,12.90866],[-12.18805,12.90812],[-12.1873,12.90797],[-12.18709,12.90758],[-12.18684,12.90593],[-12.18632,12.90518],[-12.18619,12.90461],[-12.18643,12.90326],[-12.18695,12.90286],[-12.18697,12.90242],[-12.18623,12.90228],[-12.18545,12.90179],[-12.18474,12.90159],[-12.18397,12.90115],[-12.18375,12.90071],[-12.18352,12.89908],[-12.18307,12.89771],[-12.18224,12.89669],[-12.18188,12.89582],[-12.1813,12.89481],[-12.18032,12.89452],[-12.17949,12.89382],[-12.17919,12.89306],[-12.17907,12.89155],[-12.17917,12.89022],[-12.17907,12.88938],[-12.17877,12.8886],[-12.17872,12.88693],[-12.17816,12.88627],[-12.17766,12.88531],[-12.17725,12.88487],[-12.17657,12.88457],[-12.17548,12.88469],[-12.17482,12.88516],[-12.17358,12.88537],[-12.17256,12.88578],[-12.17206,12.88576],[-12.17147,12.88473],[-12.17019,12.88418],[-12.16875,12.88382],[-12.16782,12.88347],[-12.16698,12.88295],[-12.16642,12.88279],[-12.16496,12.88328],[-12.16343,12.88342],[-12.16294,12.88301],[-12.16168,12.88301],[-12.15978,12.88218],[-12.15928,12.88242],[-12.15894,12.88312],[-12.15804,12.88352],[-12.15683,12.88346],[-12.15578,12.88385],[-12.15551,12.88365],[-12.15552,12.883],[-12.15526,12.88252],[-12.15445,12.88229],[-12.15316,12.88289],[-12.15221,12.88277],[-12.15138,12.8824],[-12.15054,12.8823],[-12.14876,12.8826],[-12.14787,12.88262],[-12.14697,12.88322],[-12.14632,12.88246],[-12.14573,12.88256],[-12.14532,12.88311],[-12.14467,12.88345],[-12.14257,12.88373],[-12.14073,12.88367],[-12.13989,12.88324],[-12.1392,12.88318],[-12.13802,12.88256],[-12.13733,12.8826],[-12.13655,12.88224],[-12.13563,12.88249],[-12.13498,12.88122],[-12.13437,12.88106],[-12.13393,12.88071],[-12.13374,12.88012],[-12.13378,12.87922],[-12.13324,12.87813],[-12.13243,12.8773],[-12.13224,12.87538],[-12.1316,12.87464],[-12.13008,12.87312],[-12.12923,12.87175],[-12.1276,12.87039],[-12.12723,12.86979],[-12.12701,12.86899],[-12.12452,12.86818],[-12.12367,12.86806],[-12.12281,12.86815],[-12.11984,12.86791],[-12.11899,12.86809],[-12.11814,12.86742],[-12.11646,12.86729],[-12.11514,12.86739],[-12.11329,12.8682],[-12.11288,12.86891],[-12.11145,12.86919],[-12.11029,12.86925],[-12.10855,12.86861],[-12.10726,12.86834],[-12.1067,12.86806],[-12.10484,12.86648],[-12.10426,12.86506],[-12.1035,12.86443],[-12.10249,12.86415],[-12.10198,12.8637],[-12.10178,12.86198],[-12.10106,12.86037],[-12.10038,12.85946],[-12.10021,12.85849],[-12.10071,12.85764],[-12.10073,12.85701],[-12.1003,12.85605],[-12.09908,12.85458],[-12.09793,12.85305],[-12.09649,12.851],[-12.09609,12.85031],[-12.09548,12.84848],[-12.09486,12.84724],[-12.09408,12.84626],[-12.09364,12.84524],[-12.09359,12.84439],[-12.09293,12.84344],[-12.09222,12.8432],[-12.09129,12.8432],[-12.09015,12.84297],[-12.08938,12.84296],[-12.08863,12.84315],[-12.08749,12.84302],[-12.08688,12.84272],[-12.0862,12.84208],[-12.08515,12.84023],[-12.08414,12.83885],[-12.0829,12.83818],[-12.08157,12.83782],[-12.08151,12.83484],[-12.08109,12.83443],[-12.07844,12.83444],[-12.07894,12.83373],[-12.07891,12.83296],[-12.07849,12.83227],[-12.07833,12.8311],[-12.07797,12.82984],[-12.07742,12.82852],[-12.07714,12.82757],[-12.07681,12.82716],[-12.07608,12.82677],[-12.07554,12.82597],[-12.07529,12.82513],[-12.07549,12.82418],[-12.07544,12.82359],[-12.07465,12.82252],[-12.07309,12.8217],[-12.07145,12.82129],[-12.07045,12.82136],[-12.0696,12.82103],[-12.06924,12.82038],[-12.06891,12.81908],[-12.0688,12.81807],[-12.0689,12.81739],[-12.06874,12.81673],[-12.0679,12.8164],[-12.06715,12.81652],[-12.06671,12.81639],[-12.06666,12.81531],[-12.06713,12.81365],[-12.06707,12.81311],[-12.06651,12.81241],[-12.06546,12.81167],[-12.06475,12.81066],[-12.06427,12.80943],[-12.06415,12.80856],[-12.06381,12.80767],[-12.06306,12.80665],[-12.06245,12.80526],[-12.06204,12.80478],[-12.06043,12.8039],[-12.05907,12.80356],[-12.05823,12.8035],[-12.0563,12.80352],[-12.05544,12.80325],[-12.05483,12.8027],[-12.05369,12.80214],[-12.05201,12.80165],[-12.05008,12.80028],[-12.04937,12.80007],[-12.04859,12.79948],[-12.04836,12.79889],[-12.0483,12.79797],[-12.04801,12.79708],[-12.04758,12.79678],[-12.04602,12.79699],[-12.04565,12.79677],[-12.04585,12.79603],[-12.04534,12.79527],[-12.04368,12.79445],[-12.04151,12.79355],[-12.04034,12.79252],[-12.04003,12.79184],[-12.03982,12.79067],[-12.03947,12.7901],[-12.03847,12.78936],[-12.0373,12.78908],[-12.03707,12.7888],[-12.03704,12.78753],[-12.03675,12.78652],[-12.03641,12.78481],[-12.03607,12.78425],[-12.03458,12.7828],[-12.0338,12.7816],[-12.0332,12.78089],[-12.03229,12.78009],[-12.03142,12.77957],[-12.03065,12.77885],[-12.03004,12.77766],[-12.0298,12.77662],[-12.02912,12.77535],[-12.02894,12.77471],[-12.02894,12.77362],[-12.02874,12.77208],[-12.02787,12.77222],[-12.02715,12.77204],[-12.02681,12.77167],[-12.02662,12.77088],[-12.02654,12.76751],[-12.02628,12.76579],[-12.02622,12.76477],[-12.02632,12.7626],[-12.02601,12.76037],[-12.0258,12.75978],[-12.02541,12.75934],[-12.02396,12.75912],[-12.02242,12.75842],[-12.02142,12.75732],[-12.02078,12.75683],[-12.02014,12.75659],[-12.0196,12.75612],[-12.01936,12.75563],[-12.0197,12.75423],[-12.0202,12.75343],[-12.0197,12.75276],[-12.01933,12.75255],[-12.0176,12.75281],[-12.01717,12.75259],[-12.01641,12.75131],[-12.01732,12.75034],[-12.01787,12.75004],[-12.01932,12.74992],[-12.02011,12.75006],[-12.02178,12.75011],[-12.02207,12.75003],[-12.02316,12.74787],[-12.02397,12.74732],[-12.0254,12.74698],[-12.02741,12.74624],[-12.02851,12.74501],[-12.02891,12.74437],[-12.02737,12.74355],[-12.0267,12.74293],[-12.02563,12.74154],[-12.02525,12.74136],[-12.02448,12.74169],[-12.02371,12.74168],[-12.02239,12.74121],[-12.02101,12.74053],[-12.02034,12.74045],[-12.01936,12.7409],[-12.01899,12.74086],[-12.01854,12.74032],[-12.01789,12.73995],[-12.01742,12.73912],[-12.01628,12.73887],[-12.01582,12.73833],[-12.01496,12.73652],[-12.01405,12.73606],[-12.01341,12.73616],[-12.01285,12.73647],[-12.01197,12.73741],[-12.01131,12.73763],[-12.01054,12.7368],[-12.0093,12.73573],[-12.0077,12.73454],[-12.00702,12.7342],[-12.00532,12.73359],[-12.00412,12.73328],[-12.00211,12.73289],[-12.00022,12.7328],[-11.9992,12.73307],[-11.9962,12.73449],[-11.99423,12.73327],[-11.99095,12.7314],[-11.98765,12.73094],[-11.98566,12.72824],[-11.98339,12.72609],[-11.98026,12.72367],[-11.97899,12.72167],[-11.97726,12.72025],[-11.97417,12.71887],[-11.97098,12.71822],[-11.96623,12.7187],[-11.95976,12.71863],[-11.95458,12.71914],[-11.94682,12.71905],[-11.94208,12.71857],[-11.93274,12.71846],[-11.92596,12.71951],[-11.92179,12.71946],[-11.91762,12.71997],[-11.91359,12.7212],[-11.9097,12.7213],[-11.90653,12.72168],[-11.90265,12.7222],[-11.89789,12.72327],[-11.89484,12.7227],[-11.89422,12.7232],[-11.89324,12.72361],[-11.89262,12.72362],[-11.89086,12.72317],[-11.88943,12.72253],[-11.88833,12.72191],[-11.88769,12.7219],[-11.88705,12.72235],[-11.88644,12.72316],[-11.88594,12.72352],[-11.88519,12.72373],[-11.88215,12.72404],[-11.88118,12.72438],[-11.87803,12.72586],[-11.87681,12.72678],[-11.87627,12.72706],[-11.87507,12.72713],[-11.87419,12.72652],[-11.87396,12.72586],[-11.8731,12.72538],[-11.87162,12.72585],[-11.87082,12.72593],[-11.86976,12.72572],[-11.8688,12.72537],[-11.8676,12.7245],[-11.86682,12.72292],[-11.86622,12.72268],[-11.86533,12.7231],[-11.86463,12.72318],[-11.86362,12.72293],[-11.8629,12.72302],[-11.8613,12.72346],[-11.86057,12.72337],[-11.85979,12.72304],[-11.85862,12.72237],[-11.85751,12.72206],[-11.8559,12.72224],[-11.85463,12.72191],[-11.85335,12.72147],[-11.85105,12.72102],[-11.84603,12.72026],[-11.83929,12.71834],[-11.83615,12.71703],[-11.83114,12.71556],[-11.82784,12.7144],[-11.82455,12.71408],[-11.81824,12.71245],[-11.81421,12.71226],[-11.80906,12.71078],[-11.80404,12.70988],[-11.79989,12.70856],[-11.79588,12.70696],[-11.7923,12.70621],[-11.78988,12.70448],[-11.78644,12.70346],[-11.78188,12.70072],[-11.77773,12.69897],[-11.77595,12.69601],[-11.7725,12.69186],[-11.77077,12.68818],[-11.76876,12.68524],[-11.76686,12.68347],[-11.76344,12.68088],[-11.76001,12.67915],[-11.75717,12.67629],[-11.75431,12.67372],[-11.75165,12.67045],[-11.74952,12.66859],[-11.74624,12.66559],[-11.73956,12.66042],[-11.73643,12.65756],[-11.73402,12.65485],[-11.73104,12.65185],[-11.72835,12.649],[-11.72594,12.64586],[-11.72354,12.64358],[-11.72181,12.64143],[-11.72404,12.6373],[-11.73541,12.61666],[-11.74247,12.60653],[-11.75123,12.5935],[-11.80704,12.51038],[-11.82955,12.47684],[-11.84899,12.44786],[-11.86778,12.41984],[-11.87058,12.41668],[-11.8685,12.41633],[-11.86648,12.41579],[-11.86621,12.41463],[-11.86658,12.41042],[-11.86627,12.40969],[-11.86512,12.40843],[-11.86434,12.40776],[-11.86234,12.4054],[-11.86136,12.4039],[-11.86013,12.40245],[-11.85944,12.40186],[-11.85665,12.4],[-11.85542,12.39963],[-11.85452,12.39962],[-11.85359,12.39982],[-11.85282,12.39955],[-11.85254,12.39924],[-11.85253,12.39862],[-11.85304,12.39793],[-11.8532,12.39724],[-11.85279,12.39629],[-11.85159,12.39563],[-11.84816,12.39333],[-11.84656,12.39243],[-11.84596,12.39233],[-11.84482,12.39259],[-11.84399,12.39327],[-11.84268,12.39523],[-11.84202,12.39601],[-11.8411,12.39643],[-11.83951,12.39608],[-11.83885,12.39619],[-11.83619,12.39725],[-11.83518,12.39732],[-11.83363,12.39721],[-11.83264,12.39704],[-11.83223,12.39753],[-11.83244,12.39827],[-11.8331,12.39905],[-11.8331,12.39955],[-11.83265,12.40016],[-11.83216,12.40026],[-11.83155,12.3999],[-11.83119,12.39923],[-11.83057,12.39877],[-11.82941,12.39863],[-11.82783,12.39826],[-11.8269,12.39848],[-11.82618,12.39896],[-11.82565,12.3991],[-11.82469,12.39865],[-11.82447,12.39798],[-11.82404,12.39766],[-11.82257,12.39786],[-11.82134,12.39818],[-11.82096,12.39853],[-11.81995,12.39984],[-11.81915,12.40016],[-11.81798,12.39987],[-11.81678,12.39998],[-11.81601,12.39979],[-11.8155,12.39917],[-11.81555,12.39873],[-11.81597,12.39843],[-11.81577,12.39797],[-11.81519,12.39788],[-11.81438,12.39746],[-11.81244,12.39691],[-11.81189,12.3969],[-11.81142,12.39733],[-11.81067,12.39871],[-11.81131,12.39985],[-11.81109,12.40022],[-11.81039,12.40045],[-11.80937,12.40044],[-11.80774,12.40088],[-11.80691,12.40134],[-11.80649,12.40193],[-11.80624,12.40267],[-11.80526,12.40375],[-11.80452,12.40372],[-11.80414,12.40305],[-11.8028,12.40161],[-11.80195,12.40094],[-11.80024,12.39976],[-11.7992,12.39883],[-11.79844,12.39856],[-11.79808,12.39814],[-11.79906,12.3964],[-11.799,12.3956],[-11.7982,12.39431],[-11.79767,12.39313],[-11.79708,12.39278],[-11.7963,12.39272],[-11.79565,12.39306],[-11.79546,12.3936],[-11.79559,12.39443],[-11.79535,12.39468],[-11.7944,12.39437],[-11.79379,12.39448],[-11.79322,12.39505],[-11.79237,12.39498],[-11.7918,12.39465],[-11.79116,12.39395],[-11.79053,12.39363],[-11.78976,12.3936],[-11.78918,12.39339],[-11.78868,12.39297],[-11.78823,12.39286],[-11.78737,12.39368],[-11.78657,12.39414],[-11.78582,12.39415],[-11.78497,12.39367],[-11.78293,12.39314],[-11.78194,12.39272],[-11.78101,12.39252],[-11.77968,12.393],[-11.77853,12.39291],[-11.77755,12.39214],[-11.77688,12.39194],[-11.77643,12.39231],[-11.77598,12.39212],[-11.77556,12.39145],[-11.77504,12.39015],[-11.77466,12.38975],[-11.77414,12.38878],[-11.77336,12.38691],[-11.77286,12.38604],[-11.77249,12.38513],[-11.77243,12.38391],[-11.77209,12.38317],[-11.77086,12.38277],[-11.77017,12.38239],[-11.76948,12.38246],[-11.7693,12.38326],[-11.76864,12.38354],[-11.76822,12.38343],[-11.76756,12.38289],[-11.76718,12.3831],[-11.76661,12.38444],[-11.76607,12.3846],[-11.76533,12.38424],[-11.76445,12.38324],[-11.7635,12.38299],[-11.76298,12.38308],[-11.76184,12.38371],[-11.76108,12.38442],[-11.76062,12.38452],[-11.75921,12.38413],[-11.75862,12.38422],[-11.75841,12.38483],[-11.75753,12.385],[-11.75651,12.3846],[-11.75567,12.38456],[-11.75528,12.38501],[-11.75531,12.38591],[-11.75585,12.38638],[-11.75436,12.38732],[-11.75389,12.38736],[-11.75262,12.38674],[-11.7514,12.38702],[-11.74978,12.38711],[-11.74773,12.38778],[-11.74699,12.38782],[-11.74605,12.3877],[-11.7441,12.38732],[-11.74315,12.38732],[-11.74055,12.38767],[-11.73901,12.38777],[-11.73818,12.38766],[-11.73716,12.38788],[-11.73595,12.38766],[-11.73419,12.38711],[-11.73329,12.38728],[-11.7323,12.38764],[-11.72979,12.38787],[-11.72893,12.38816],[-11.72818,12.38864],[-11.72686,12.38977],[-11.72284,12.39401],[-11.7209,12.39589],[-11.72003,12.39696],[-11.71938,12.3976],[-11.7186,12.39807],[-11.71537,12.39929],[-11.71446,12.39925],[-11.71216,12.39876],[-11.70842,12.39837],[-11.7051,12.39819],[-11.70349,12.39791],[-11.7017,12.39814],[-11.69883,12.39901],[-11.69769,12.39957],[-11.69126,12.4032],[-11.69139,12.40358],[-11.68908,12.40589],[-11.68758,12.40715],[-11.68693,12.40779],[-11.6859,12.40947],[-11.68434,12.41124],[-11.68305,12.41298],[-11.68206,12.41411],[-11.6812,12.41477],[-11.68042,12.41523],[-11.67947,12.41558],[-11.67699,12.41631],[-11.67539,12.41704],[-11.67472,12.41765],[-11.67381,12.4194],[-11.67318,12.42005],[-11.67162,12.4211],[-11.67044,12.42213],[-11.66897,12.42275],[-11.6664,12.42327],[-11.66553,12.42354],[-11.66383,12.42442],[-11.662,12.42491],[-11.65971,12.42578],[-11.65883,12.426],[-11.65303,12.42718],[-11.65211,12.42725],[-11.6512,12.42712],[-11.65025,12.42677],[-11.64935,12.42663],[-11.64503,12.42829],[-11.64167,12.4294],[-11.63884,12.42983],[-11.63797,12.43012],[-11.6361,12.43099],[-11.63409,12.43167],[-11.63241,12.43195],[-11.63045,12.43185],[-11.62878,12.43141],[-11.62801,12.43093],[-11.62667,12.4298],[-11.62566,12.42868],[-11.62432,12.42668],[-11.62305,12.42585],[-11.62161,12.42549],[-11.61981,12.42534],[-11.61889,12.42538],[-11.61801,12.42561],[-11.61651,12.42633],[-11.61386,12.42789],[-11.61176,12.42894],[-11.61091,12.42925],[-11.6088,12.42938],[-11.60789,12.42929],[-11.60494,12.42853],[-11.6034,12.42831],[-11.60249,12.42839],[-11.60167,12.42878],[-11.59993,12.43015],[-11.59842,12.43156],[-11.59617,12.43335],[-11.59543,12.43388],[-11.5923,12.43554],[-11.59146,12.43588],[-11.59054,12.436],[-11.58916,12.43601],[-11.58707,12.43619],[-11.58488,12.43624],[-11.58044,12.43678],[-11.57953,12.43685],[-11.5772,12.43675],[-11.57337,12.4379],[-11.57156,12.43823],[-11.56933,12.43828],[-11.56575,12.43812],[-11.56284,12.43837],[-11.56015,12.43847],[-11.5582,12.43898],[-11.55602,12.43909],[-11.55511,12.43924],[-11.55278,12.43986],[-11.55028,12.43988],[-11.54913,12.43996],[-11.54664,12.43999],[-11.54573,12.44013],[-11.54357,12.44064],[-11.54173,12.44075],[-11.53938,12.4406],[-11.53735,12.44032],[-11.53644,12.44041],[-11.53436,12.44109],[-11.53346,12.44125],[-11.53039,12.4415],[-11.52948,12.44163],[-11.52717,12.44213],[-11.52358,12.4424],[-11.52131,12.44277],[-11.51833,12.44313],[-11.51609,12.44347],[-11.51447,12.44358],[-11.51156,12.44352],[-11.50973,12.44369],[-11.50658,12.44452],[-11.50357,12.44493],[-11.50016,12.44522],[-11.49792,12.44507],[-11.497,12.44513],[-11.49492,12.44548],[-11.49219,12.44574],[-11.48971,12.44568],[-11.48802,12.44578],[-11.48432,12.44636],[-11.48076,12.44679],[-11.47984,12.44686],[-11.47719,12.44678],[-11.47628,12.44665],[-11.47485,12.44599],[-11.47303,12.44469],[-11.47233,12.4441],[-11.47063,12.4423],[-11.46816,12.44056],[-11.46735,12.44014],[-11.46623,12.43988],[-11.46425,12.43977],[-11.46296,12.43991],[-11.46058,12.44039],[-11.45738,12.44028],[-11.45647,12.4402],[-11.45509,12.43988],[-11.45423,12.43956],[-11.45211,12.43807],[-11.44966,12.43721],[-11.44861,12.43699],[-11.44635,12.43677],[-11.44355,12.43667],[-11.4418,12.43686],[-11.4394,12.43746],[-11.43569,12.43806],[-11.43472,12.43794],[-11.43387,12.43762],[-11.43232,12.43639],[-11.43154,12.4359],[-11.42965,12.43558],[-11.42854,12.43531],[-11.42841,12.43551],[-11.42682,12.43519],[-11.42434,12.43439],[-11.42119,12.4339],[-11.4195,12.43326],[-11.41768,12.43231],[-11.41695,12.43176],[-11.41642,12.43103],[-11.41575,12.42987],[-11.41484,12.42879],[-11.41421,12.42751],[-11.41381,12.42711],[-11.41133,12.42515],[-11.40977,12.42418],[-11.40839,12.4236],[-11.40793,12.42289],[-11.40803,12.42179],[-11.40786,12.4214],[-11.40663,12.41955],[-11.40512,12.41782],[-11.40442,12.41724],[-11.40308,12.41646],[-11.40066,12.41539],[-11.39983,12.41522],[-11.39708,12.41522],[-11.39203,12.41486],[-11.38811,12.41466],[-11.38634,12.41474],[-11.38543,12.41485],[-11.38376,12.41525],[-11.3817,12.41494],[-11.37957,12.41469],[-11.37537,12.41505],[-11.37486,12.41625],[-11.37353,12.41904],[-11.3731,12.42015],[-11.37238,12.421],[-11.37179,12.42132],[-11.37058,12.42125],[-11.36866,12.4206],[-11.36791,12.42059],[-11.36744,12.42099],[-11.36701,12.42178],[-11.36642,12.42452],[-11.36616,12.42632],[-11.36589,12.42881],[-11.36566,12.43003],[-11.36533,12.43094],[-11.36445,12.43211],[-11.36413,12.43269],[-11.36404,12.43365],[-11.36421,12.4342],[-11.36503,12.43577],[-11.36534,12.43615],[-11.36665,12.43675],[-11.36719,12.43732],[-11.36846,12.43891],[-11.36878,12.44017],[-11.36961,12.44081],[-11.37147,12.44256],[-11.37208,12.44329],[-11.37212,12.44375],[-11.37155,12.44447],[-11.37154,12.44514],[-11.37194,12.44725],[-11.37154,12.44947],[-11.37168,12.45009],[-11.37227,12.4508],[-11.37391,12.45243],[-11.37435,12.45319],[-11.3745,12.45404],[-11.37419,12.4547],[-11.37372,12.45503],[-11.37125,12.45606],[-11.36916,12.45702],[-11.36737,12.45771],[-11.36653,12.4582],[-11.36567,12.45848],[-11.36435,12.45844],[-11.36364,12.45812],[-11.36241,12.45725],[-11.36194,12.45746],[-11.36163,12.4579],[-11.36042,12.45874],[-11.35887,12.4595],[-11.35822,12.46042],[-11.35829,12.46129],[-11.35868,12.46276],[-11.3587,12.46361],[-11.35822,12.4645],[-11.35724,12.46562],[-11.35674,12.46584],[-11.35535,12.4661],[-11.35442,12.46591],[-11.3539,12.46558],[-11.35331,12.46494],[-11.35165,12.46392],[-11.35107,12.46401],[-11.35045,12.46514],[-11.35047,12.46637],[-11.3514,12.46776],[-11.35144,12.46846],[-11.35129,12.46934],[-11.35066,12.4711],[-11.35038,12.47211],[-11.35032,12.47286],[-11.35046,12.47361],[-11.35105,12.47528],[-11.35149,12.47615],[-11.35205,12.47675],[-11.35319,12.4777],[-11.35371,12.47834],[-11.35467,12.47897],[-11.35529,12.47898],[-11.35614,12.47868],[-11.35647,12.47886],[-11.35838,12.48038],[-11.35878,12.48093],[-11.35933,12.48253],[-11.35887,12.48337],[-11.35765,12.48443],[-11.3573,12.48489],[-11.35632,12.4869],[-11.35571,12.48834],[-11.35471,12.49026],[-11.35371,12.49188],[-11.35338,12.49255],[-11.35359,12.49394],[-11.35397,12.49548],[-11.35442,12.4967],[-11.35475,12.49812],[-11.35522,12.49964],[-11.35595,12.50137],[-11.35702,12.50263],[-11.35735,12.50331],[-11.35744,12.50452],[-11.35733,12.50548],[-11.35741,12.5065],[-11.35771,12.50755],[-11.35817,12.50827],[-11.35958,12.50901],[-11.36175,12.50977],[-11.36314,12.5101],[-11.36422,12.51007],[-11.3651,12.50988],[-11.36591,12.50953],[-11.36664,12.50868],[-11.36779,12.50756],[-11.36827,12.50676],[-11.36813,12.50562],[-11.36897,12.50239],[-11.37011,12.50088],[-11.37137,12.4991],[-11.37196,12.49804],[-11.3727,12.49626],[-11.37269,12.49548],[-11.37237,12.49396],[-11.37151,12.49162],[-11.3717,12.49058],[-11.37164,12.49003],[-11.37105,12.48849],[-11.3703,12.48604],[-11.37118,12.48537],[-11.37204,12.48427],[-11.37282,12.48368],[-11.37433,12.48353],[-11.3749,12.48368],[-11.37502,12.48417],[-11.37445,12.48428],[-11.3743,12.48477],[-11.37549,12.48587],[-11.37686,12.48729],[-11.37794,12.48751],[-11.37907,12.48906],[-11.37988,12.48999],[-11.38204,12.49222],[-11.38233,12.49311],[-11.38162,12.49466],[-11.38127,12.49595],[-11.38099,12.49872],[-11.37996,12.50091],[-11.37958,12.50266],[-11.3798,12.50336],[-11.37925,12.50458],[-11.37896,12.50618],[-11.37819,12.50797],[-11.37883,12.50861],[-11.37791,12.51019],[-11.37747,12.51178],[-11.37738,12.51351],[-11.37741,12.51525],[-11.37757,12.51687],[-11.37779,12.51808],[-11.37817,12.51958],[-11.37847,12.52037],[-11.37914,12.52162],[-11.38003,12.52277],[-11.38081,12.52339],[-11.3823,12.52387],[-11.38346,12.52401],[-11.38494,12.52402],[-11.38706,12.52391],[-11.38881,12.52391],[-11.38964,12.52398],[-11.39109,12.52447],[-11.39195,12.5245],[-11.39248,12.52485],[-11.39261,12.52533],[-11.39252,12.52614],[-11.39184,12.52696],[-11.39094,12.52729],[-11.39027,12.5273],[-11.38957,12.52781],[-11.38923,12.52841],[-11.38846,12.52919],[-11.38797,12.52999],[-11.38781,12.5312],[-11.38701,12.53368],[-11.38627,12.53537],[-11.38589,12.5364],[-11.3855,12.53792],[-11.38585,12.53863],[-11.38754,12.53949],[-11.38812,12.53966],[-11.389,12.53969],[-11.39149,12.53954],[-11.39426,12.53887],[-11.39549,12.53877],[-11.39722,12.53827],[-11.39836,12.53817],[-11.39933,12.53862],[-11.39967,12.53914],[-11.40013,12.54043],[-11.40078,12.54117],[-11.4027,12.54264],[-11.40376,12.54286],[-11.40586,12.54225],[-11.40679,12.54183],[-11.40778,12.54123],[-11.40894,12.54022],[-11.40964,12.53905],[-11.41004,12.53811],[-11.41051,12.53666],[-11.41068,12.53534],[-11.41042,12.53452],[-11.4098,12.53324],[-11.40972,12.53258],[-11.40982,12.53156],[-11.40977,12.52907],[-11.40921,12.52526],[-11.40899,12.52406],[-11.40898,12.52297],[-11.40941,12.52241],[-11.41033,12.52224],[-11.41258,12.52313],[-11.41361,12.52398],[-11.41501,12.5248],[-11.41715,12.52562],[-11.41937,12.52593],[-11.42129,12.52601],[-11.42223,12.52623],[-11.42318,12.5268],[-11.42513,12.52752],[-11.42599,12.52841],[-11.42627,12.52901],[-11.42655,12.53016],[-11.42659,12.53087],[-11.42648,12.53454],[-11.42631,12.53706],[-11.42611,12.53903],[-11.42577,12.54089],[-11.42567,12.5421],[-11.42574,12.54294],[-11.42602,12.54422],[-11.42673,12.54606],[-11.42707,12.54658],[-11.42821,12.54772],[-11.42891,12.54822],[-11.42944,12.5488],[-11.43011,12.5498],[-11.43098,12.55006],[-11.4326,12.54995],[-11.4346,12.54965],[-11.43526,12.54948],[-11.43711,12.54859],[-11.43759,12.54796],[-11.43781,12.54705],[-11.43845,12.54493],[-11.43946,12.54394],[-11.44069,12.54361],[-11.44154,12.54369],[-11.44233,12.54395],[-11.44346,12.5448],[-11.44502,12.54574],[-11.44532,12.54617],[-11.44519,12.54672],[-11.44574,12.54738],[-11.44613,12.54825],[-11.44623,12.54888],[-11.44703,12.54869],[-11.44727,12.54901],[-11.44651,12.55002],[-11.44603,12.55158],[-11.44544,12.55275],[-11.44455,12.55415],[-11.44395,12.55525],[-11.44331,12.55671],[-11.44203,12.55879],[-11.44102,12.55991],[-11.44067,12.56069],[-11.44096,12.56288],[-11.44089,12.56475],[-11.44059,12.5663],[-11.44032,12.567],[-11.43943,12.56784],[-11.43858,12.56799],[-11.4379,12.56774],[-11.43633,12.5679],[-11.43534,12.56782],[-11.43379,12.56753],[-11.43252,12.56754],[-11.43025,12.56724],[-11.42868,12.56734],[-11.42783,12.56661],[-11.42737,12.56641],[-11.42362,12.56595],[-11.42164,12.5656],[-11.42056,12.56525],[-11.41967,12.56512],[-11.4191,12.56524],[-11.41807,12.56591],[-11.41712,12.56687],[-11.41552,12.56833],[-11.41423,12.56931],[-11.41317,12.57036],[-11.41161,12.57178],[-11.41103,12.57256],[-11.41082,12.57308],[-11.40993,12.57313],[-11.40922,12.57356],[-11.40839,12.57441],[-11.40745,12.57553],[-11.40721,12.576],[-11.40739,12.57704],[-11.40707,12.57777],[-11.40602,12.58053],[-11.40466,12.5828],[-11.40384,12.58484],[-11.40292,12.58693],[-11.40258,12.58791],[-11.40232,12.58937],[-11.40242,12.59107],[-11.40271,12.5917],[-11.40357,12.59287],[-11.40482,12.59405],[-11.40537,12.59474],[-11.40684,12.59629],[-11.40845,12.59769],[-11.41167,12.60012],[-11.41287,12.60092],[-11.4144,12.60168],[-11.41496,12.60184],[-11.41681,12.602],[-11.41736,12.60228],[-11.41804,12.60296],[-11.41899,12.6034],[-11.42017,12.60419],[-11.42073,12.60493],[-11.42176,12.60676],[-11.42197,12.60757],[-11.42181,12.6083],[-11.42195,12.60969],[-11.42248,12.6115],[-11.4226,12.61238],[-11.42246,12.61372],[-11.42157,12.61528],[-11.42075,12.61638],[-11.41958,12.61777],[-11.41842,12.61848],[-11.41718,12.61879],[-11.41509,12.61887],[-11.41399,12.61932],[-11.41114,12.6208],[-11.41002,12.62146],[-11.40881,12.62247],[-11.40818,12.62349],[-11.40756,12.62486],[-11.40685,12.62615],[-11.40663,12.62679],[-11.40652,12.62774],[-11.40652,12.62917],[-11.40621,12.63118],[-11.40613,12.63249],[-11.4062,12.63481],[-11.40663,12.63613],[-11.40717,12.63667],[-11.40767,12.63678],[-11.40918,12.6366],[-11.40994,12.63674],[-11.41093,12.63711],[-11.41203,12.63781],[-11.41249,12.63849],[-11.41257,12.63908],[-11.41225,12.64005],[-11.4118,12.64225],[-11.4119,12.64358],[-11.41189,12.645],[-11.4121,12.64791],[-11.41252,12.64977],[-11.41259,12.65066],[-11.41303,12.65149],[-11.41466,12.65368],[-11.41518,12.65477],[-11.41636,12.6559],[-11.4181,12.65888],[-11.41873,12.66019],[-11.41938,12.66089],[-11.42086,12.66307],[-11.42186,12.66394],[-11.42274,12.66428],[-11.42369,12.66423],[-11.42485,12.66349],[-11.42701,12.66229],[-11.4282,12.66184],[-11.43044,12.66112],[-11.43254,12.66099],[-11.43358,12.66105],[-11.43531,12.66171],[-11.43604,12.6619],[-11.43848,12.66232],[-11.44044,12.66238],[-11.44169,12.66257],[-11.44243,12.66286],[-11.4434,12.66346],[-11.44425,12.66451],[-11.4448,12.66588],[-11.4459,12.66793],[-11.44679,12.66991],[-11.44751,12.67196],[-11.44775,12.67314],[-11.44753,12.67435],[-11.44677,12.67593],[-11.44625,12.67747],[-11.44559,12.67841],[-11.44462,12.67913],[-11.44371,12.67885],[-11.44265,12.67888],[-11.44179,12.67913],[-11.44072,12.67974],[-11.43841,12.68146],[-11.43701,12.68258],[-11.43668,12.68303],[-11.43679,12.68363],[-11.43721,12.68428],[-11.43677,12.68608],[-11.4363,12.68752],[-11.43631,12.68836],[-11.43603,12.68899],[-11.43556,12.69111],[-11.43551,12.69203],[-11.4361,12.69441],[-11.43626,12.69597],[-11.4366,12.6968],[-11.43717,12.69945],[-11.43746,12.70136],[-11.43736,12.70203],[-11.43662,12.70274],[-11.43403,12.70401],[-11.43348,12.70406],[-11.43252,12.70386],[-11.43202,12.70343],[-11.43177,12.70254],[-11.43181,12.70122],[-11.43133,12.69942],[-11.43077,12.69824],[-11.42974,12.6969],[-11.42884,12.69617],[-11.42781,12.69582],[-11.4267,12.69589],[-11.42533,12.69671],[-11.42446,12.69739],[-11.42358,12.69827],[-11.42314,12.69909],[-11.42239,12.70097],[-11.42194,12.70162],[-11.42214,12.70292],[-11.42234,12.70345],[-11.42337,12.70492],[-11.42393,12.70675],[-11.42406,12.70772],[-11.4235,12.70845],[-11.42377,12.70901],[-11.42368,12.70999],[-11.42385,12.71121],[-11.42389,12.71225],[-11.42412,12.71443],[-11.42382,12.71552],[-11.42348,12.71621],[-11.42404,12.7167],[-11.4238,12.71829],[-11.42339,12.71957],[-11.42313,12.72117],[-11.4231,12.72304],[-11.42328,12.72419],[-11.42364,12.72554],[-11.42382,12.72662],[-11.42373,12.7276],[-11.42338,12.7284],[-11.42305,12.72872],[-11.42232,12.72884],[-11.42114,12.72954],[-11.42052,12.72977],[-11.41811,12.72984],[-11.41572,12.72966],[-11.4129,12.72921],[-11.41114,12.72883],[-11.40963,12.72885],[-11.40754,12.72877],[-11.4065,12.72885],[-11.40504,12.72919],[-11.40365,12.72935],[-11.40123,12.7294],[-11.39535,12.7297],[-11.3938,12.72986],[-11.39265,12.72972],[-11.39209,12.72941],[-11.39078,12.72839],[-11.38987,12.72806],[-11.38811,12.72779],[-11.38543,12.72774],[-11.38393,12.72785],[-11.38193,12.72821],[-11.37934,12.72894],[-11.37768,12.72935],[-11.3761,12.72955],[-11.37499,12.72952],[-11.374,12.72962],[-11.37118,12.73014],[-11.36994,12.73021],[-11.36799,12.73003],[-11.36704,12.73069],[-11.36503,12.73029],[-11.36425,12.73029],[-11.36359,12.73056],[-11.36304,12.7311],[-11.36288,12.73151],[-11.36299,12.73228],[-11.36414,12.73404],[-11.36438,12.73529],[-11.36474,12.73627],[-11.3662,12.73846],[-11.36704,12.73914],[-11.36762,12.73925],[-11.36849,12.73912],[-11.36964,12.73873],[-11.37103,12.73846],[-11.37251,12.73851],[-11.37446,12.73894],[-11.37729,12.73977],[-11.37787,12.74002],[-11.37989,12.74144],[-11.38133,12.7423],[-11.38234,12.743],[-11.38332,12.74403],[-11.38366,12.74518],[-11.38326,12.74605],[-11.38201,12.74692],[-11.38098,12.74776],[-11.37856,12.74943],[-11.37792,12.75002],[-11.3775,12.75063],[-11.37701,12.75202],[-11.3769,12.75345],[-11.37716,12.75459],[-11.37774,12.75581],[-11.37869,12.75737],[-11.37993,12.75955],[-11.38073,12.76081],[-11.38314,12.76398],[-11.38493,12.76647],[-11.38608,12.76779],[-11.38696,12.76851],[-11.38786,12.76893],[-11.39184,12.76987],[-11.3937,12.77027],[-11.39512,12.77102],[-11.39605,12.77204],[-11.39693,12.77387],[-11.39734,12.77446],[-11.39748,12.77505],[-11.39726,12.77581],[-11.39668,12.7767],[-11.39623,12.77698],[-11.39565,12.77687],[-11.39506,12.77641],[-11.39359,12.77614],[-11.3924,12.77624],[-11.39091,12.77648],[-11.38918,12.77701],[-11.38846,12.77713],[-11.38761,12.77695],[-11.38694,12.77705],[-11.38621,12.77793],[-11.3856,12.77804],[-11.38443,12.77879],[-11.38262,12.77927],[-11.3821,12.77989],[-11.38187,12.7815],[-11.38121,12.78538],[-11.38108,12.7867],[-11.38111,12.78823],[-11.38104,12.78967],[-11.38115,12.79097],[-11.38168,12.79254],[-11.38186,12.79362],[-11.38177,12.79488],[-11.38108,12.79723],[-11.3808,12.79846],[-11.38015,12.80073],[-11.38003,12.80237],[-11.38017,12.80397],[-11.38069,12.80584],[-11.3812,12.80677],[-11.38192,12.80749],[-11.3825,12.80782],[-11.38463,12.80848],[-11.38526,12.80893],[-11.38649,12.81042],[-11.38708,12.81153],[-11.3875,12.81311],[-11.38754,12.81385],[-11.38698,12.81522],[-11.38605,12.81688],[-11.38398,12.82134],[-11.38308,12.82386],[-11.38256,12.82513],[-11.38115,12.82819],[-11.38079,12.82943],[-11.3808,12.8307],[-11.38114,12.83119],[-11.3822,12.83204],[-11.38291,12.83229],[-11.38462,12.83227],[-11.38583,12.8316],[-11.38658,12.83096],[-11.38706,12.82987],[-11.38745,12.82942],[-11.38863,12.82869],[-11.39016,12.82727],[-11.39143,12.82689],[-11.39228,12.82694],[-11.39382,12.82717],[-11.3948,12.82719],[-11.39736,12.82681],[-11.39873,12.82666],[-11.4,12.82643],[-11.40131,12.82672],[-11.40176,12.8271],[-11.40198,12.8276],[-11.40202,12.82963],[-11.40238,12.83133],[-11.40237,12.83225],[-11.40191,12.83398],[-11.40111,12.83571],[-11.40067,12.83839],[-11.40098,12.8399],[-11.40168,12.84133],[-11.40203,12.84175],[-11.40435,12.843],[-11.40638,12.84356],[-11.40697,12.84385],[-11.40863,12.84553],[-11.40941,12.84674],[-11.4096,12.84762],[-11.4092,12.84852],[-11.40815,12.84994],[-11.40746,12.85032],[-11.40207,12.85238],[-11.39969,12.85334],[-11.39794,12.85413],[-11.39699,12.85468],[-11.39587,12.85611],[-11.39384,12.85989],[-11.39339,12.86078],[-11.39315,12.86252],[-11.39365,12.86393],[-11.39441,12.86511],[-11.39626,12.86689],[-11.39805,12.86923],[-11.39872,12.86994],[-11.39923,12.87019],[-11.40145,12.87076],[-11.4019,12.87117],[-11.40209,12.87177],[-11.4021,12.87266],[-11.40175,12.87299],[-11.40229,12.87372],[-11.40301,12.87504],[-11.40346,12.87631],[-11.40367,12.87782],[-11.4036,12.87888],[-11.40341,12.87962],[-11.40274,12.88143],[-11.40237,12.88355],[-11.40205,12.8846],[-11.4014,12.88576],[-11.40119,12.88681],[-11.40039,12.88937],[-11.3998,12.89096],[-11.3989,12.89237],[-11.39784,12.89331],[-11.39647,12.89431],[-11.39542,12.89538],[-11.39496,12.89616],[-11.3942,12.89715],[-11.39262,12.89836],[-11.39084,12.89933],[-11.38849,12.90087],[-11.38723,12.90202],[-11.38649,12.90292],[-11.38586,12.9039],[-11.38552,12.90485],[-11.38555,12.90755],[-11.38574,12.90821],[-11.38627,12.90911],[-11.38713,12.90975],[-11.38948,12.91012],[-11.39121,12.91056],[-11.3935,12.91101],[-11.39666,12.91189],[-11.39799,12.91239],[-11.39937,12.91318],[-11.39972,12.91364],[-11.4007,12.91589],[-11.40079,12.91645],[-11.40069,12.91762],[-11.39996,12.92074],[-11.39946,12.92414],[-11.39915,12.92564],[-11.39884,12.92661],[-11.39801,12.92852],[-11.39718,12.92971],[-11.39546,12.93081],[-11.39344,12.93176],[-11.39202,12.93226],[-11.39119,12.93221],[-11.39071,12.93194],[-11.39044,12.93141],[-11.38957,12.93023],[-11.38941,12.92966],[-11.38969,12.928],[-11.38956,12.92706],[-11.38883,12.92562],[-11.38836,12.92507],[-11.38762,12.92469],[-11.38689,12.92467],[-11.38656,12.92489],[-11.38611,12.92618],[-11.38516,12.92672],[-11.38353,12.92695],[-11.3831,12.9271],[-11.38327,12.92826],[-11.38286,12.92859],[-11.38165,12.92896],[-11.38036,12.92914],[-11.37837,12.92912],[-11.37421,12.92984],[-11.37221,12.93013],[-11.36852,12.93053],[-11.36749,12.93057],[-11.36498,12.93052],[-11.36351,12.93067],[-11.36201,12.93102],[-11.36044,12.93153],[-11.35892,12.93212],[-11.35502,12.93373],[-11.35434,12.93397],[-11.35285,12.93423],[-11.35026,12.9343],[-11.34899,12.93474],[-11.34817,12.93535],[-11.34788,12.93592],[-11.34785,12.93659],[-11.34734,12.93774],[-11.34638,12.93935],[-11.34541,12.94153],[-11.34523,12.94248],[-11.34527,12.94347],[-11.34553,12.94447],[-11.34609,12.94557],[-11.34661,12.94602],[-11.34748,12.94642],[-11.34806,12.94702],[-11.34884,12.94876],[-11.3512,12.95273],[-11.35281,12.95573],[-11.35355,12.95738],[-11.35406,12.95872],[-11.35458,12.95942],[-11.35486,12.9601],[-11.35498,12.96167],[-11.35462,12.96391],[-11.35436,12.966],[-11.3542,12.96946],[-11.35414,12.97276],[-11.35405,12.97444],[-11.35421,12.97606],[-11.35479,12.97852],[-11.35529,12.98005],[-11.35593,12.98153],[-11.35694,12.98344],[-11.3576,12.98449],[-11.35835,12.98537],[-11.36035,12.98684],[-11.36152,12.98802],[-11.36278,12.98979],[-11.36325,12.99067],[-11.36398,12.99133],[-11.36582,12.99216],[-11.36833,12.99306],[-11.36975,12.99341],[-11.37068,12.99345],[-11.37143,12.99329],[-11.37222,12.99371],[-11.37358,12.99394],[-11.37577,12.9941],[-11.37691,12.99434],[-11.37939,12.99452],[-11.38058,12.99445],[-11.38127,12.99419],[-11.38303,12.99312],[-11.38349,12.99223],[-11.3827,12.9906],[-11.38218,12.98853],[-11.38166,12.98695],[-11.38038,12.98233],[-11.37977,12.97888],[-11.37979,12.97788],[-11.38003,12.97619],[-11.38016,12.97418],[-11.3805,12.97315],[-11.38116,12.9717],[-11.38187,12.96934],[-11.38289,12.96809],[-11.38334,12.96773],[-11.38561,12.96694],[-11.38729,12.96623],[-11.38813,12.96602],[-11.39014,12.9658],[-11.39115,12.96625],[-11.39159,12.96717],[-11.39194,12.96869],[-11.39289,12.9697],[-11.39381,12.97039],[-11.39456,12.97079],[-11.39537,12.97088],[-11.39508,12.97157],[-11.39545,12.9722],[-11.3961,12.97285],[-11.39696,12.9733],[-11.39881,12.9741],[-11.39956,12.97433],[-11.40084,12.97418],[-11.40146,12.97479],[-11.40235,12.97509],[-11.40356,12.97524],[-11.4044,12.97481],[-11.40475,12.9743],[-11.40538,12.97212],[-11.40594,12.97089],[-11.40648,12.97032],[-11.40726,12.9699],[-11.40809,12.96969],[-11.40931,12.96972],[-11.4104,12.9702],[-11.41092,12.97104],[-11.41101,12.97171],[-11.41082,12.97286],[-11.41029,12.97421],[-11.41008,12.97551],[-11.40984,12.97632],[-11.40907,12.97715],[-11.40809,12.97855],[-11.40704,12.9794],[-11.40606,12.98],[-11.40572,12.98035],[-11.40542,12.98135],[-11.40544,12.98235],[-11.40573,12.98424],[-11.40609,12.98489],[-11.40683,12.98564],[-11.40883,12.98704],[-11.40998,12.98795],[-11.41187,12.98973],[-11.41292,12.99087],[-11.41416,12.99244],[-11.41466,12.99325],[-11.41518,12.99449],[-11.41537,12.99574],[-11.41527,12.99718],[-11.41551,12.99819],[-11.41533,12.99885],[-11.41457,12.99991],[-11.41445,13.00096],[-11.41378,13.00192],[-11.41238,13.0027],[-11.41081,13.00318],[-11.40975,13.00327],[-11.40943,13.00302],[-11.40858,13.00146],[-11.40784,13.00082],[-11.40753,13.00122],[-11.40769,13.00191],[-11.40705,13.00203],[-11.40673,13.00243],[-11.4053,13.00248],[-11.403,13.00304],[-11.40121,13.0034],[-11.3978,13.0043],[-11.39659,13.00452],[-11.39608,13.00472],[-11.39558,13.00524],[-11.3953,13.00614],[-11.39528,13.00691],[-11.39548,13.00851],[-11.39548,13.00966],[-11.3959,13.01096],[-11.39605,13.01195],[-11.39646,13.01315],[-11.39696,13.01383],[-11.39868,13.01535],[-11.39995,13.01623],[-11.40197,13.01721],[-11.40288,13.01747],[-11.40409,13.01796],[-11.4059,13.01844],[-11.40687,13.01863],[-11.4087,13.01882],[-11.41075,13.01924],[-11.41166,13.0192],[-11.41405,13.01966],[-11.41497,13.0203],[-11.41512,13.02069],[-11.41504,13.02145],[-11.41278,13.02665],[-11.412,13.02756],[-11.41027,13.03032],[-11.40991,13.03141],[-11.40955,13.03304],[-11.40947,13.03405],[-11.40965,13.03487],[-11.41009,13.03567],[-11.41094,13.03662],[-11.41248,13.03815],[-11.41361,13.03846],[-11.41427,13.03843],[-11.4159,13.03858],[-11.4167,13.03889],[-11.41873,13.03934],[-11.4194,13.03997],[-11.4199,13.04095],[-11.42145,13.04327],[-11.42283,13.04473],[-11.42462,13.04766],[-11.425,13.04858],[-11.42538,13.04912],[-11.42583,13.04943],[-11.42626,13.05018],[-11.42704,13.05122],[-11.42844,13.05279],[-11.42915,13.05346],[-11.4298,13.05386],[-11.43262,13.05505],[-11.43332,13.05557],[-11.43367,13.05603],[-11.43499,13.05702],[-11.43528,13.05739],[-11.43539,13.05847],[-11.43511,13.0612],[-11.43516,13.06296],[-11.43496,13.06334],[-11.43395,13.06416],[-11.43225,13.06577],[-11.43063,13.06711],[-11.42981,13.06787],[-11.42938,13.06862],[-11.42885,13.06917],[-11.42796,13.07051],[-11.42718,13.07117],[-11.42661,13.07219],[-11.42599,13.0726],[-11.42556,13.07317],[-11.42499,13.07472],[-11.42482,13.07564],[-11.42463,13.07832],[-11.42422,13.08002],[-11.42427,13.08074],[-11.42466,13.08174],[-11.42501,13.0833],[-11.42562,13.08458],[-11.42607,13.08511],[-11.42669,13.08545],[-11.4272,13.0861],[-11.42798,13.08685],[-11.42896,13.08794],[-11.42991,13.08862],[-11.43116,13.08926],[-11.43216,13.08958],[-11.43332,13.0897],[-11.4342,13.08993],[-11.43477,13.09034],[-11.43545,13.09179],[-11.43539,13.09246],[-11.43664,13.09294],[-11.43878,13.09475],[-11.43981,13.09596],[-11.44092,13.09703],[-11.44221,13.09802],[-11.44307,13.0984],[-11.44411,13.09853],[-11.44509,13.09883],[-11.44577,13.09881],[-11.44641,13.09841],[-11.44748,13.09862],[-11.44971,13.09813],[-11.45084,13.09812],[-11.45196,13.09829],[-11.45357,13.0984],[-11.45725,13.09856],[-11.45864,13.09875],[-11.45986,13.0988],[-11.46054,13.09871],[-11.46179,13.09805],[-11.46211,13.09826],[-11.46411,13.0981],[-11.46505,13.0982],[-11.46577,13.09793],[-11.46775,13.09774],[-11.47009,13.09788],[-11.47177,13.09818],[-11.47363,13.09877],[-11.47532,13.09956],[-11.47626,13.09965],[-11.4767,13.10056],[-11.47715,13.1012],[-11.47736,13.10192],[-11.47704,13.10238],[-11.47634,13.10381],[-11.47663,13.10434],[-11.4777,13.10508],[-11.47817,13.10582],[-11.47814,13.10673],[-11.47839,13.10785],[-11.47884,13.10913],[-11.47928,13.10976],[-11.47988,13.11117],[-11.48139,13.11362],[-11.48241,13.11467],[-11.48418,13.11603],[-11.48573,13.11696],[-11.48672,13.11706],[-11.48733,13.11739],[-11.48933,13.11783],[-11.49059,13.11825],[-11.49251,13.11901],[-11.49339,13.11948],[-11.49461,13.12032],[-11.49537,13.12156],[-11.49561,13.12229],[-11.49625,13.12319],[-11.4964,13.12395],[-11.49635,13.12509],[-11.49653,13.1258],[-11.49646,13.12717],[-11.49596,13.12791],[-11.49579,13.12973],[-11.49594,13.13099],[-11.49656,13.13276],[-11.49736,13.13415],[-11.49934,13.13681],[-11.49969,13.13815],[-11.49905,13.13925],[-11.49911,13.14045],[-11.49967,13.14188],[-11.5002,13.14382],[-11.50068,13.14442],[-11.50132,13.14494],[-11.50274,13.14585],[-11.50422,13.14634],[-11.50835,13.14698],[-11.51083,13.14722],[-11.51234,13.14747],[-11.51429,13.14811],[-11.515,13.1485],[-11.51544,13.14914],[-11.51554,13.15031],[-11.51529,13.1521],[-11.51548,13.15288],[-11.51584,13.15342],[-11.51689,13.15396],[-11.5174,13.15436],[-11.51772,13.1551],[-11.51819,13.15766],[-11.5182,13.15836],[-11.51791,13.15931],[-11.51756,13.15996],[-11.51607,13.16161],[-11.51551,13.16203],[-11.51442,13.16244],[-11.51422,13.16294],[-11.51349,13.16343],[-11.51247,13.16384],[-11.51044,13.16503],[-11.50829,13.16636],[-11.50742,13.16744],[-11.50582,13.16901],[-11.50561,13.16974],[-11.50429,13.17128],[-11.50332,13.17221],[-11.50234,13.17366],[-11.50191,13.17494],[-11.50117,13.17633],[-11.4996,13.17864],[-11.49895,13.17993],[-11.49842,13.18146],[-11.49807,13.18436],[-11.49847,13.18524],[-11.49838,13.18653],[-11.49836,13.18897],[-11.49813,13.19097],[-11.49847,13.19147],[-11.4986,13.19264],[-11.49882,13.19322],[-11.49935,13.19401],[-11.50026,13.19501],[-11.50073,13.19532],[-11.50155,13.19512],[-11.50226,13.19587],[-11.50348,13.19643],[-11.50433,13.19695],[-11.50513,13.19725],[-11.50644,13.19732],[-11.50737,13.19765],[-11.51033,13.19814],[-11.51265,13.19839],[-11.51448,13.19834],[-11.51535,13.19841],[-11.51632,13.19865],[-11.51798,13.19864],[-11.51925,13.19907],[-11.52037,13.19921],[-11.52401,13.19946],[-11.52553,13.19948],[-11.52747,13.19932],[-11.53006,13.19883],[-11.53157,13.19849],[-11.53348,13.19837],[-11.53503,13.19936],[-11.53588,13.20011],[-11.53695,13.20136],[-11.53823,13.20252],[-11.53896,13.20339],[-11.54009,13.20424],[-11.54006,13.20465],[-11.53943,13.20488],[-11.53916,13.20549],[-11.53913,13.20637],[-11.53927,13.207],[-11.54019,13.20782],[-11.54069,13.20845],[-11.54116,13.20938],[-11.54184,13.21135],[-11.54199,13.21248],[-11.54206,13.21419],[-11.54188,13.21514],[-11.54129,13.21675],[-11.54117,13.21782],[-11.54159,13.21883],[-11.54134,13.2204],[-11.54087,13.22153],[-11.53996,13.22169],[-11.53963,13.22419],[-11.53983,13.22632],[-11.54004,13.22715],[-11.5411,13.22851],[-11.54119,13.22966],[-11.54045,13.23038],[-11.53971,13.23177],[-11.53812,13.23384],[-11.53741,13.23542],[-11.53684,13.23628],[-11.53581,13.23759],[-11.53531,13.23799],[-11.53461,13.23908],[-11.53393,13.23963],[-11.53313,13.23984],[-11.53245,13.24021],[-11.53191,13.2408],[-11.53095,13.24267],[-11.53071,13.24343],[-11.52956,13.24447],[-11.52905,13.24513],[-11.52817,13.24666],[-11.52724,13.24783],[-11.52584,13.24897],[-11.52489,13.25019],[-11.52423,13.25083],[-11.52382,13.25154],[-11.52254,13.25294],[-11.52132,13.25479],[-11.52097,13.2557],[-11.52092,13.25663],[-11.52126,13.25805],[-11.52181,13.25888],[-11.52214,13.25901],[-11.5227,13.25976],[-11.52322,13.26004],[-11.52514,13.26071],[-11.52658,13.26129],[-11.52728,13.26139],[-11.52808,13.2623],[-11.52951,13.26307],[-11.53138,13.26354],[-11.53236,13.26325],[-11.53286,13.26351],[-11.53384,13.26452],[-11.5346,13.26553],[-11.53555,13.26713],[-11.53709,13.26932],[-11.53784,13.27065],[-11.53846,13.27148],[-11.53981,13.27308],[-11.54093,13.27466],[-11.54127,13.27536],[-11.54152,13.2764],[-11.54148,13.27717],[-11.54111,13.27838],[-11.53984,13.28066],[-11.53963,13.28146],[-11.53965,13.28224],[-11.54016,13.28414],[-11.54045,13.28487],[-11.54113,13.28575],[-11.54197,13.2872],[-11.54318,13.28832],[-11.54423,13.28906],[-11.54593,13.29039],[-11.54792,13.29125],[-11.54873,13.29151],[-11.55006,13.29175],[-11.55088,13.29173],[-11.55181,13.29187],[-11.55256,13.29179],[-11.55331,13.29152],[-11.55425,13.29138],[-11.55543,13.29139],[-11.55664,13.29125],[-11.55795,13.29089],[-11.55926,13.29069],[-11.56041,13.29071],[-11.56134,13.29088],[-11.56277,13.29134],[-11.56548,13.29237],[-11.56604,13.29278],[-11.56695,13.29394],[-11.56842,13.29664],[-11.56928,13.29762],[-11.5704,13.29861],[-11.5716,13.29989],[-11.57261,13.3012],[-11.57413,13.30422],[-11.57483,13.3053],[-11.57561,13.30617],[-11.57642,13.30682],[-11.57749,13.30744],[-11.5791,13.30796],[-11.58027,13.30809],[-11.58285,13.30807],[-11.58431,13.30814],[-11.58599,13.30853],[-11.5872,13.30924],[-11.5879,13.31002],[-11.58854,13.3112],[-11.58914,13.31207],[-11.58941,13.31405],[-11.58906,13.3146],[-11.5883,13.31526],[-11.58801,13.31576],[-11.58711,13.31673],[-11.58604,13.3181],[-11.58575,13.31978],[-11.58549,13.32079],[-11.58594,13.32233],[-11.58614,13.32414],[-11.58641,13.32489],[-11.58708,13.32566],[-11.58753,13.32592],[-11.58841,13.3261],[-11.58853,13.32676],[-11.59067,13.32916],[-11.59308,13.33268],[-11.59358,13.33354],[-11.59384,13.33434],[-11.59402,13.33567],[-11.59466,13.33894],[-11.59505,13.3418],[-11.5951,13.34307],[-11.59498,13.34607],[-11.5948,13.34733],[-11.59416,13.34966],[-11.59401,13.3509],[-11.59397,13.35272],[-11.59374,13.35472],[-11.59364,13.35652],[-11.59324,13.35963],[-11.59317,13.36183],[-11.59327,13.36316],[-11.59349,13.3642],[-11.59393,13.36507],[-11.59463,13.36594],[-11.59511,13.36634],[-11.59629,13.36689],[-11.59772,13.36715],[-11.59863,13.36714],[-11.60005,13.3668],[-11.60213,13.36566],[-11.60326,13.36519],[-11.60567,13.36362],[-11.61237,13.3606],[-11.61445,13.36065],[-11.61775,13.36149],[-11.61995,13.3621],[-11.62153,13.36244],[-11.62412,13.36268],[-11.62486,13.36259],[-11.62538,13.36289],[-11.62731,13.36327],[-11.62835,13.3634],[-11.63115,13.36324],[-11.63333,13.36321],[-11.6345,13.36327],[-11.63557,13.3635],[-11.63665,13.3643],[-11.63718,13.36534],[-11.63708,13.36633],[-11.63633,13.36769],[-11.63561,13.3686],[-11.6353,13.3692],[-11.6346,13.37009],[-11.63326,13.37114],[-11.6318,13.37205],[-11.62868,13.37441],[-11.62765,13.37563],[-11.62674,13.37696],[-11.62603,13.37814],[-11.62541,13.37944],[-11.62494,13.38092],[-11.62412,13.38435],[-11.6239,13.38563],[-11.62383,13.38699],[-11.62388,13.38968],[-11.62401,13.39142],[-11.62416,13.39238],[-11.62446,13.39339],[-11.62478,13.39391],[-11.62552,13.39461],[-11.62621,13.39497],[-11.62836,13.39577],[-11.62967,13.39611],[-11.63116,13.39632],[-11.63451,13.39638],[-11.63527,13.39625],[-11.63614,13.39588],[-11.63667,13.39582],[-11.64033,13.39609],[-11.64385,13.39602],[-11.64561,13.39606],[-11.64636,13.39596],[-11.64725,13.39564],[-11.64925,13.3947],[-11.65154,13.39387],[-11.65257,13.39309],[-11.65604,13.39195],[-11.65813,13.39141],[-11.66133,13.39047],[-11.66364,13.39006],[-11.66609,13.38946],[-11.66837,13.38911],[-11.66928,13.38886],[-11.67116,13.38872],[-11.67215,13.38909],[-11.67497,13.39036],[-11.67573,13.39063],[-11.67829,13.39116],[-11.68069,13.39145],[-11.68223,13.39147],[-11.68366,13.39133],[-11.68446,13.39113],[-11.68533,13.39073],[-11.68695,13.39029],[-11.68808,13.39011],[-11.68953,13.39003],[-11.69138,13.39029],[-11.69266,13.39093],[-11.69323,13.39155],[-11.6935,13.39232],[-11.69358,13.39353],[-11.69385,13.39516],[-11.69386,13.39627],[-11.693,13.39917],[-11.69283,13.40153],[-11.69268,13.4027],[-11.69275,13.40376],[-11.69347,13.40496],[-11.69399,13.40492],[-11.69402,13.4057],[-11.69541,13.40724],[-11.69627,13.40851],[-11.69736,13.4096],[-11.69855,13.41038],[-11.69937,13.41107],[-11.70066,13.41237],[-11.70259,13.4139],[-11.70386,13.41484],[-11.7054,13.41575],[-11.70627,13.41558],[-11.70761,13.41562],[-11.71047,13.41544],[-11.71235,13.41553],[-11.71509,13.41612],[-11.71565,13.41611],[-11.71706,13.4164],[-11.71902,13.4165],[-11.72286,13.41689],[-11.72396,13.41695],[-11.72579,13.41692],[-11.72653,13.41677],[-11.72799,13.41691],[-11.72917,13.41683],[-11.73128,13.41641],[-11.73381,13.41611],[-11.73485,13.41566],[-11.73624,13.41521],[-11.73803,13.41417],[-11.74055,13.41241],[-11.7429,13.41125],[-11.74399,13.41045],[-11.74453,13.4099],[-11.74514,13.40895],[-11.74547,13.40806],[-11.74608,13.4059],[-11.74616,13.40513],[-11.74603,13.4042],[-11.74627,13.40285],[-11.74621,13.40182],[-11.74595,13.4009],[-11.74549,13.3999],[-11.7455,13.39819],[-11.74508,13.39745],[-11.74463,13.39612],[-11.74408,13.39513],[-11.74329,13.39404],[-11.74272,13.39306],[-11.74236,13.39174],[-11.74235,13.38995],[-11.74284,13.38851],[-11.74367,13.38778],[-11.74581,13.38713],[-11.74654,13.38674],[-11.74744,13.38584],[-11.74803,13.38486],[-11.74827,13.384],[-11.7482,13.38336],[-11.74777,13.38246],[-11.74764,13.38172],[-11.74787,13.381],[-11.7489,13.37948],[-11.74949,13.37809],[-11.75067,13.37708],[-11.75118,13.37643],[-11.75178,13.37511],[-11.75296,13.37339],[-11.75429,13.37211],[-11.75666,13.37037],[-11.75807,13.3692],[-11.75894,13.36821],[-11.7594,13.36728],[-11.75955,13.36653],[-11.7604,13.36554],[-11.76178,13.36168],[-11.76265,13.35866],[-11.76311,13.35671],[-11.76348,13.35447],[-11.7636,13.353],[-11.76361,13.35157],[-11.7638,13.3491],[-11.76406,13.3473],[-11.76441,13.34566],[-11.76524,13.34288],[-11.76581,13.34179],[-11.76658,13.34091],[-11.76793,13.33975],[-11.7691,13.339],[-11.77021,13.33852],[-11.77093,13.33842],[-11.77397,13.33909],[-11.77556,13.33934],[-11.77637,13.33937],[-11.77942,13.33921],[-11.78171,13.33894],[-11.78359,13.33862],[-11.78539,13.33804],[-11.78666,13.33733],[-11.7883,13.33624],[-11.79002,13.33498],[-11.79123,13.33387],[-11.79271,13.33205],[-11.79347,13.33078],[-11.79402,13.32958],[-11.79421,13.32839],[-11.79413,13.32761],[-11.79427,13.32678],[-11.79467,13.32579],[-11.79499,13.32376],[-11.79517,13.32082],[-11.7955,13.31847],[-11.79616,13.31529],[-11.79671,13.31363],[-11.7972,13.31263],[-11.79825,13.31158],[-11.79936,13.311],[-11.80059,13.31058],[-11.80239,13.31029],[-11.80456,13.31039],[-11.80689,13.3108],[-11.80814,13.3111],[-11.80885,13.31114],[-11.80997,13.31099],[-11.812,13.31041],[-11.81417,13.30996],[-11.81626,13.30976],[-11.8178,13.30976],[-11.81965,13.30989],[-11.82183,13.30983],[-11.82583,13.30943],[-11.82736,13.30937],[-11.82908,13.30965],[-11.82998,13.31],[-11.83138,13.31071],[-11.83225,13.3113],[-11.83274,13.31216],[-11.83262,13.31314],[-11.83213,13.31478],[-11.83166,13.31577],[-11.83104,13.31639],[-11.82974,13.31747],[-11.82902,13.31878],[-11.82863,13.32021],[-11.82827,13.32115],[-11.82782,13.3218],[-11.8276,13.32251],[-11.8277,13.32561],[-11.8281,13.32852],[-11.82853,13.32986],[-11.82907,13.33059],[-11.83001,13.33136],[-11.83098,13.33246],[-11.83174,13.33316],[-11.83235,13.33342],[-11.83363,13.33332],[-11.83596,13.33328],[-11.83725,13.33342],[-11.83805,13.33389],[-11.83844,13.33457],[-11.83908,13.33632],[-11.83959,13.33728],[-11.84064,13.33897],[-11.8411,13.33994],[-11.8418,13.34074],[-11.84204,13.34128],[-11.84211,13.34358],[-11.84208,13.34475],[-11.8422,13.34565],[-11.84261,13.34713],[-11.84282,13.34821],[-11.84335,13.34925],[-11.84511,13.35158],[-11.84578,13.35232],[-11.8476,13.35364],[-11.84987,13.35457],[-11.85115,13.35531],[-11.85197,13.35601],[-11.85324,13.35748],[-11.85445,13.3585],[-11.85616,13.35932],[-11.85745,13.35968],[-11.85898,13.3606],[-11.86017,13.36142],[-11.86127,13.36236],[-11.86188,13.36323],[-11.86399,13.3656],[-11.86542,13.36745],[-11.86649,13.36906],[-11.86807,13.372],[-11.86889,13.37393],[-11.86974,13.3771],[-11.87039,13.37841],[-11.87114,13.37961],[-11.87182,13.38052],[-11.87297,13.38154],[-11.87378,13.38206],[-11.87737,13.38259],[-11.87841,13.38256],[-11.87914,13.38227],[-11.88018,13.38241],[-11.88112,13.38279],[-11.88236,13.38368],[-11.88382,13.38453],[-11.8853,13.38557],[-11.88676,13.38793]]]},"properties":{"slug":"saraya","name":"Saraya","department":"Saraya","code":"SN0603","parent":"region-kedougou"}},{"type":"Feature","geometry":{"type":"Polygon","coordinates":[[[-15.71015,13.86516],[-15.71141,13.86509],[-15.71242,13.86516],[-15.7135,13.86538],[-15.71563,13.86595],[-15.71704,13.86624],[-15.72014,13.86651],[-15.72449,13.86665],[-15.72631,13.86681],[-15.72881,13.86728],[-15.73103,13.86791],[-15.7339,13.869],[-15.73541,13.86971],[-15.73966,13.87201],[-15.74209,13.87355],[-15.74472,13.87545],[-15.74715,13.87691],[-15.75004,13.87829],[-15.75251,13.87925],[-15.75522,13.88006],[-15.75691,13.88047],[-15.76007,13.88108],[-15.7637,13.88145],[-15.76561,13.88189],[-15.76801,13.8828],[-15.77013,13.88377],[-15.77327,13.88498],[-15.77736,13.88639],[-15.7791,13.88709],[-15.78113,13.88808],[-15.78354,13.88958],[-15.7854,13.8909],[-15.78781,13.89299],[-15.78818,13.89424],[-15.78889,13.89831],[-15.78926,13.90121],[-15.78966,13.9025],[-15.79071,13.90467],[-15.79149,13.90614],[-15.79211,13.90675],[-15.79386,13.90805],[-15.79468,13.90853],[-15.79596,13.90905],[-15.79713,13.90934],[-15.79833,13.90949],[-15.79922,13.90948],[-15.80071,13.90926],[-15.80173,13.90898],[-15.80459,13.90786],[-15.80816,13.90572],[-15.80919,13.90477],[-15.81012,13.90415],[-15.81262,13.90272],[-15.81395,13.90183],[-15.8158,13.9003],[-15.81678,13.89975],[-15.8179,13.89935],[-15.82,13.89903],[-15.82193,13.89855],[-15.82403,13.89836],[-15.82671,13.89837],[-15.82916,13.8986],[-15.83149,13.89895],[-15.83316,13.89927],[-15.83507,13.89928],[-15.83652,13.89949],[-15.83945,13.90012],[-15.84153,13.90023],[-15.84276,13.90046],[-15.84639,13.90066],[-15.84757,13.90086],[-15.84936,13.90134],[-15.85205,13.90188],[-15.85335,13.90207],[-15.85688,13.90238],[-15.85953,13.90254],[-15.86172,13.9026],[-15.86393,13.90251],[-15.86665,13.90209],[-15.86897,13.90181],[-15.87362,13.90107],[-15.87872,13.90038],[-15.88044,13.89982],[-15.88149,13.89959],[-15.88307,13.89943],[-15.88513,13.89885],[-15.88775,13.89843],[-15.89001,13.89766],[-15.8923,13.89735],[-15.89402,13.89692],[-15.89608,13.89668],[-15.89824,13.89661],[-15.90153,13.89611],[-15.90387,13.89596],[-15.90631,13.896],[-15.91162,13.89627],[-15.91493,13.89613],[-15.91624,13.89613],[-15.91714,13.89601],[-15.9178,13.89566],[-15.92176,13.8929],[-15.92396,13.89159],[-15.92552,13.89093],[-15.92702,13.88962],[-15.92826,13.889],[-15.92961,13.88804],[-15.93103,13.88728],[-15.93244,13.88681],[-15.93407,13.88657],[-15.93637,13.88613],[-15.93843,13.88587],[-15.94109,13.88576],[-15.94362,13.88587],[-15.94647,13.88584],[-15.94834,13.88591],[-15.95007,13.88612],[-15.95138,13.88646],[-15.95353,13.88675],[-15.95512,13.88676],[-15.95777,13.88648],[-15.96147,13.88597],[-15.96247,13.88591],[-15.96367,13.88599],[-15.96917,13.88677],[-15.97322,13.88706],[-15.97493,13.88728],[-15.97763,13.8873],[-15.98167,13.88786],[-15.98431,13.888],[-15.9887,13.88844],[-15.9901,13.88845],[-15.99106,13.88825],[-15.9926,13.88776],[-15.99575,13.88694],[-15.99791,13.88617],[-15.99938,13.88553],[-16.00052,13.88521],[-16.00177,13.88505],[-16.00412,13.88449],[-16.00482,13.88416],[-16.00518,13.88363],[-16.00756,13.88317],[-16.00873,13.88288],[-16.01074,13.88217],[-16.01215,13.88152],[-16.01351,13.88075],[-16.01677,13.87858],[-16.03299,13.87426],[-16.04738,13.87028],[-16.06425,13.86579],[-16.06891,13.85504],[-16.0727,13.85579],[-16.08672,13.85927],[-16.09505,13.86127],[-16.10578,13.86202],[-16.10922,13.86098],[-16.11051,13.86072],[-16.11133,13.8602],[-16.11169,13.85923],[-16.11172,13.85794],[-16.11205,13.85638],[-16.11231,13.85577],[-16.11319,13.85498],[-16.11423,13.85457],[-16.11537,13.85432],[-16.11662,13.85427],[-16.1176,13.85434],[-16.11863,13.85457],[-16.11971,13.85496],[-16.12053,13.85541],[-16.12426,13.85711],[-16.12884,13.85912],[-16.15248,13.85371],[-16.16373,13.8511],[-16.17077,13.85537],[-16.17634,13.85934],[-16.17853,13.86103],[-16.18419,13.86524],[-16.1868,13.86692],[-16.18796,13.86805],[-16.19014,13.86945],[-16.1926,13.87085],[-16.19362,13.87169],[-16.19551,13.87295],[-16.20828,13.87999],[-16.20307,13.8667],[-16.21081,13.86331],[-16.21923,13.85148],[-16.22637,13.84115],[-16.23271,13.83618],[-16.24303,13.82791],[-16.24101,13.81756],[-16.24326,13.79618],[-16.24071,13.79456],[-16.23657,13.79184],[-16.23474,13.79059],[-16.23028,13.78744],[-16.22558,13.78399],[-16.21883,13.77379],[-16.21193,13.76513],[-16.19794,13.75639],[-16.1916,13.75275],[-16.18464,13.74948],[-16.17311,13.74336],[-16.16311,13.75114],[-16.16243,13.74412],[-16.16119,13.73257],[-16.16028,13.72284],[-16.15946,13.71432],[-16.15745,13.69452],[-16.15549,13.67695],[-16.156,13.67462],[-16.15475,13.6739],[-16.15223,13.67097],[-16.15148,13.66965],[-16.15074,13.66788],[-16.1506,13.6671],[-16.15081,13.66573],[-16.15064,13.66524],[-16.15011,13.66503],[-16.15044,13.66433],[-16.15024,13.66346],[-16.14929,13.66346],[-16.14858,13.66292],[-16.14768,13.66252],[-16.14709,13.66127],[-16.14641,13.66054],[-16.14461,13.6596],[-16.14361,13.65848],[-16.14347,13.6579],[-16.14356,13.65726],[-16.14345,13.65605],[-16.14358,13.6549],[-16.1431,13.6549],[-16.14277,13.65571],[-16.14287,13.65709],[-16.14254,13.65742],[-16.14082,13.65661],[-16.13957,13.65581],[-16.1385,13.65559],[-16.13793,13.65528],[-16.13685,13.65421],[-16.13549,13.65232],[-16.13406,13.64953],[-16.13307,13.6475],[-16.13287,13.6464],[-16.13302,13.64543],[-16.13331,13.64468],[-16.13404,13.64373],[-16.13467,13.64325],[-16.13575,13.64268],[-16.13684,13.64223],[-16.13718,13.64165],[-16.13709,13.6406],[-16.13665,13.64005],[-16.13403,13.63961],[-16.13096,13.64025],[-16.12996,13.64031],[-16.12693,13.63982],[-16.12534,13.63936],[-16.12438,13.63888],[-16.12188,13.63685],[-16.12051,13.63554],[-16.12006,13.63496],[-16.13009,13.62533],[-16.13962,13.61607],[-16.14652,13.60927],[-16.14687,13.59065],[-16.09002,13.59064],[-16.00001,13.59061],[-15.94196,13.5906],[-15.89066,13.59053],[-15.87641,13.59051],[-15.80889,13.59011],[-15.77351,13.5903],[-15.73705,13.59041],[-15.72597,13.5902],[-15.71725,13.59055],[-15.6587,13.59007],[-15.62062,13.59017],[-15.60928,13.59028],[-15.60414,13.59004],[-15.60137,13.5903],[-15.59843,13.58999],[-15.5902,13.59008],[-15.57609,13.58996],[-15.51233,13.58985],[-15.48721,13.5899],[-15.47269,13.58913],[-15.47157,13.59655],[-15.4698,13.60732],[-15.46697,13.62112],[-15.4639,13.63755],[-15.45969,13.65367],[-15.45596,13.66699],[-15.4502,13.68406],[-15.44829,13.68875],[-15.44739,13.69082],[-15.44567,13.69457],[-15.44449,13.69701],[-15.44211,13.70172],[-15.44004,13.70567],[-15.43877,13.70797],[-15.43709,13.71087],[-15.43454,13.71493],[-15.43111,13.72003],[-15.42898,13.72299],[-15.42541,13.72756],[-15.42289,13.73064],[-15.42128,13.7325],[-15.41888,13.73512],[-15.4172,13.73685],[-15.4154,13.73862],[-15.412,13.7418],[-15.43562,13.79207],[-15.4364,13.79457],[-15.43748,13.79664],[-15.43911,13.79912],[-15.43971,13.7999],[-15.44066,13.80063],[-15.44165,13.80099],[-15.44315,13.80096],[-15.44543,13.80051],[-15.45103,13.80008],[-15.45512,13.79979],[-15.45857,13.79943],[-15.46071,13.79929],[-15.46354,13.79939],[-15.46503,13.79961],[-15.46637,13.79992],[-15.47008,13.80092],[-15.47203,13.8012],[-15.47358,13.8013],[-15.47614,13.80132],[-15.47899,13.80113],[-15.48238,13.80079],[-15.48525,13.8004],[-15.48886,13.79977],[-15.49174,13.79931],[-15.49642,13.79849],[-15.49804,13.79826],[-15.50051,13.79803],[-15.5048,13.79786],[-15.50839,13.79795],[-15.51058,13.79816],[-15.51324,13.79858],[-15.51716,13.79939],[-15.52008,13.80024],[-15.52245,13.80119],[-15.52428,13.80209],[-15.52656,13.80355],[-15.52782,13.80453],[-15.53087,13.80705],[-15.53255,13.80831],[-15.53465,13.80969],[-15.53718,13.81131],[-15.53928,13.81259],[-15.54401,13.81523],[-15.54622,13.81637],[-15.54905,13.81771],[-15.5541,13.82],[-15.55696,13.82136],[-15.55966,13.82271],[-15.56617,13.82603],[-15.56897,13.82735],[-15.57486,13.82983],[-15.57644,13.83044],[-15.578,13.83093],[-15.58112,13.83292],[-15.58175,13.83213],[-15.58334,13.83046],[-15.58467,13.8289],[-15.58584,13.82796],[-15.59148,13.82447],[-15.59335,13.82339],[-15.5942,13.82263],[-15.59681,13.81922],[-15.59772,13.81792],[-15.59874,13.81618],[-15.59966,13.81419],[-15.60055,13.81136],[-15.60166,13.8083],[-15.60258,13.80659],[-15.60295,13.80549],[-15.60304,13.80463],[-15.60352,13.80284],[-15.6045,13.80071],[-15.60541,13.79935],[-15.6076,13.79764],[-15.60865,13.79661],[-15.60978,13.79566],[-15.61047,13.79476],[-15.61137,13.79413],[-15.61206,13.7938],[-15.61304,13.79313],[-15.61421,13.79197],[-15.61607,13.78872],[-15.61801,13.78546],[-15.61917,13.78433],[-15.62044,13.78367],[-15.62216,13.78318],[-15.62438,13.7822],[-15.62497,13.782],[-15.62735,13.78147],[-15.62935,13.78046],[-15.63156,13.77946],[-15.63299,13.779],[-15.63421,13.77877],[-15.63505,13.77872],[-15.63627,13.77892],[-15.63821,13.77944],[-15.63941,13.77983],[-15.6419,13.7808],[-15.64304,13.78159],[-15.64522,13.78384],[-15.64707,13.78548],[-15.64778,13.78661],[-15.64829,13.78721],[-15.64935,13.78796],[-15.65024,13.78892],[-15.65135,13.79037],[-15.65245,13.79126],[-15.65311,13.79217],[-15.6542,13.79338],[-15.65503,13.79449],[-15.65617,13.79584],[-15.65688,13.79703],[-15.65798,13.79736],[-15.65865,13.79789],[-15.65912,13.79855],[-15.65965,13.79956],[-15.66043,13.8008],[-15.66109,13.80252],[-15.66131,13.80353],[-15.66175,13.8043],[-15.66323,13.80536],[-15.66443,13.8055],[-15.66469,13.80575],[-15.66579,13.80799],[-15.66635,13.80871],[-15.66891,13.81111],[-15.67005,13.81182],[-15.67078,13.81278],[-15.67222,13.81384],[-15.674,13.8148],[-15.67535,13.81599],[-15.67729,13.81782],[-15.67831,13.81843],[-15.67911,13.81914],[-15.6799,13.8201],[-15.68135,13.82145],[-15.68339,13.82356],[-15.68526,13.8251],[-15.68614,13.82551],[-15.68758,13.82587],[-15.68845,13.82595],[-15.68922,13.82624],[-15.68998,13.82682],[-15.69125,13.82751],[-15.69224,13.82785],[-15.69366,13.82814],[-15.69445,13.82845],[-15.69676,13.82955],[-15.69804,13.83022],[-15.69897,13.8309],[-15.70048,13.83246],[-15.70075,13.83284],[-15.70159,13.83451],[-15.70255,13.83607],[-15.70259,13.83652],[-15.70355,13.83911],[-15.70395,13.84072],[-15.70464,13.8446],[-15.70593,13.85046],[-15.70659,13.85321],[-15.7075,13.85663],[-15.70827,13.85934],[-15.70909,13.86196],[-15.71015,13.86516]]]},"properties":{"slug":"nioro-du-rip","name":"Nioro Du Rip","department":"Nioro Du Rip","code":"SN0503","parent":"region-kaolack"}},{"type":"Feature","geometry":{"type":"Polygon","coordinates":[[[-15.85345,14.11504],[-15.85675,14.11644],[-15.85915,14.11646],[-15.86194,14.11547],[-15.86707,14.1156],[-15.87052,14.11488],[-15.87382,14.11468],[-15.8774,14.11397],[-15.88029,14.1133],[-15.88434,14.11342],[-15.88713,14.11316],[-15.88992,14.11346],[-15.89789,14.11255],[-15.90176,14.11202],[-15.90605,14.112],[-15.91015,14.11153],[-15.91449,14.11156],[-15.91953,14.11077],[-15.92345,14.11061],[-15.92689,14.11091],[-15.93162,14.1103],[-15.93526,14.10945],[-15.93757,14.10895],[-15.94115,14.10903],[-15.94549,14.10833],[-15.94968,14.10803],[-15.95389,14.10787],[-15.95732,14.1079],[-15.96024,14.1093],[-15.96268,14.11023],[-15.96484,14.11158],[-15.96823,14.11279],[-15.97105,14.11388],[-15.97373,14.1155],[-15.97834,14.11687],[-15.99907,14.12482],[-16.00042,14.12514],[-16.00582,14.12582],[-16.01749,14.13033],[-16.02148,14.13168],[-16.02876,14.13271],[-16.03756,14.13381],[-16.04549,14.13582],[-16.05264,14.13717],[-16.05559,14.13823],[-16.05722,14.13931],[-16.0578,14.14166],[-16.05851,14.14402],[-16.05818,14.14966],[-16.05625,14.15523],[-16.0532,14.15982],[-16.05026,14.16625],[-16.0481,14.17149],[-16.04669,14.17675],[-16.04686,14.18076],[-16.04746,14.18426],[-16.04869,14.18731],[-16.05201,14.18943],[-16.05604,14.19046],[-16.05613,14.19033],[-16.06716,14.18802],[-16.07646,14.18747],[-16.08485,14.18742],[-16.09177,14.18895],[-16.09702,14.19041],[-16.09922,14.1915],[-16.10625,14.19358],[-16.10697,14.19869],[-16.10768,14.20458],[-16.11023,14.20949],[-16.11317,14.21491],[-16.1156,14.21852],[-16.1192,14.22308],[-16.12174,14.22432],[-16.12472,14.22652],[-16.12687,14.22747],[-16.12884,14.22823],[-16.1305,14.23074],[-16.13126,14.23341],[-16.13097,14.23681],[-16.13081,14.24071],[-16.13074,14.24489],[-16.12792,14.2534],[-16.12513,14.26153],[-16.12488,14.26625],[-16.12977,14.27569],[-16.13387,14.28467],[-16.13424,14.29643],[-16.13259,14.30545],[-16.13021,14.30936],[-16.12574,14.31701],[-16.1179,14.32659],[-16.1112,14.33223],[-16.10271,14.341],[-16.09526,14.34915],[-16.09136,14.36007],[-16.09014,14.36525],[-16.09418,14.36544],[-16.10143,14.36613],[-16.1101,14.36842],[-16.12195,14.36923],[-16.12529,14.37],[-16.12869,14.3698],[-16.13777,14.36765],[-16.14668,14.36351],[-16.1508,14.3623],[-16.16052,14.35808],[-16.1634,14.35788],[-16.1758,14.35395],[-16.1775,14.35301],[-16.18436,14.35161],[-16.19483,14.34761],[-16.20255,14.34553],[-16.2043,14.34445],[-16.20984,14.34229],[-16.21901,14.34064],[-16.2303,14.34029],[-16.23484,14.33964],[-16.24229,14.33934],[-16.24982,14.33616],[-16.25556,14.33257],[-16.25727,14.33103],[-16.25809,14.32943],[-16.26104,14.32605],[-16.26201,14.32335],[-16.26568,14.31847],[-16.2693,14.3152],[-16.27005,14.31506],[-16.27352,14.31256],[-16.27794,14.30847],[-16.2797,14.30748],[-16.28303,14.30351],[-16.28351,14.3019],[-16.28476,14.30003],[-16.29029,14.29328],[-16.29481,14.28909],[-16.2967,14.28791],[-16.29804,14.286],[-16.30352,14.28058],[-16.30793,14.27749],[-16.31219,14.27519],[-16.31542,14.27248],[-16.31607,14.27212],[-16.31687,14.27142],[-16.31774,14.27039],[-16.31855,14.26971],[-16.31899,14.26951],[-16.32039,14.26923],[-16.32268,14.26888],[-16.3242,14.26873],[-16.32562,14.26842],[-16.32677,14.26806],[-16.3293,14.26743],[-16.33114,14.26679],[-16.33295,14.26596],[-16.33489,14.26524],[-16.33608,14.26472],[-16.33904,14.26312],[-16.34069,14.26245],[-16.3415,14.26202],[-16.34258,14.26124],[-16.34456,14.26021],[-16.34594,14.25974],[-16.34828,14.2591],[-16.34945,14.25866],[-16.3512,14.25749],[-16.35174,14.25697],[-16.35287,14.25495],[-16.35369,14.2529],[-16.3539,14.25192],[-16.35431,14.24868],[-16.35392,14.24761],[-16.35353,14.24706],[-16.35341,14.24649],[-16.35359,14.24583],[-16.35406,14.24518],[-16.35442,14.24429],[-16.35441,14.24364],[-16.3541,14.24316],[-16.35338,14.24292],[-16.35262,14.24243],[-16.35226,14.24153],[-16.35235,14.24061],[-16.35285,14.23956],[-16.35373,14.23902],[-16.35518,14.2386],[-16.35658,14.23785],[-16.35786,14.23736],[-16.35857,14.2372],[-16.36086,14.23698],[-16.3616,14.23682],[-16.36194,14.23649],[-16.36174,14.23585],[-16.36063,14.23562],[-16.35933,14.23549],[-16.35831,14.23551],[-16.35731,14.23527],[-16.35558,14.23447],[-16.35474,14.23371],[-16.35351,14.23369],[-16.35236,14.23015],[-16.35232,14.22894],[-16.35255,14.22802],[-16.35323,14.22689],[-16.3543,14.22536],[-16.35459,14.22445],[-16.35519,14.2235],[-16.35618,14.2226],[-16.35767,14.2216],[-16.35868,14.22106],[-16.35934,14.22084],[-16.36049,14.22076],[-16.36139,14.22098],[-16.36264,14.22177],[-16.36369,14.22303],[-16.36431,14.22404],[-16.36499,14.22577],[-16.36542,14.22642],[-16.36624,14.2268],[-16.36743,14.22669],[-16.36802,14.22643],[-16.36857,14.22569],[-16.36842,14.2243],[-16.36806,14.2234],[-16.36702,14.22172],[-16.36659,14.22033],[-16.36544,14.21823],[-16.36447,14.21579],[-16.36438,14.21514],[-16.36445,14.21403],[-16.36469,14.21298],[-16.36517,14.21166],[-16.36574,14.20959],[-16.36604,14.20769],[-16.36618,14.20593],[-16.36652,14.205],[-16.36696,14.20416],[-16.36698,14.2038],[-16.36639,14.20298],[-16.3663,14.20187],[-16.36668,14.20056],[-16.36723,14.19948],[-16.36711,14.19885],[-16.36597,14.19932],[-16.36496,14.19948],[-16.3644,14.19935],[-16.36362,14.19861],[-16.36331,14.19802],[-16.36222,14.19687],[-16.36189,14.19626],[-16.36194,14.19557],[-16.36245,14.19453],[-16.36256,14.19378],[-16.3619,14.19109],[-16.36173,14.18985],[-16.3619,14.18813],[-16.36248,14.18614],[-16.36339,14.18549],[-16.36414,14.18604],[-16.36511,14.18593],[-16.36595,14.18516],[-16.36716,14.18228],[-16.36745,14.18125],[-16.36742,14.18076],[-16.36697,14.18001],[-16.36597,14.17959],[-16.36454,14.17932],[-16.36404,14.17893],[-16.36376,14.1776],[-16.36247,14.17694],[-16.36169,14.17639],[-16.36099,14.17627],[-16.35949,14.17623],[-16.35911,14.17569],[-16.35946,14.17468],[-16.35983,14.17421],[-16.36094,14.174],[-16.36169,14.17445],[-16.36228,14.17503],[-16.36331,14.1757],[-16.36401,14.17635],[-16.36558,14.17715],[-16.36679,14.17746],[-16.36781,14.1775],[-16.36921,14.1773],[-16.37045,14.17656],[-16.37088,14.1759],[-16.37084,14.17395],[-16.37105,14.17215],[-16.37134,14.17179],[-16.37181,14.17181],[-16.37246,14.17267],[-16.3731,14.1733],[-16.37397,14.17377],[-16.37466,14.17387],[-16.37538,14.17374],[-16.37608,14.17325],[-16.37651,14.17218],[-16.37668,14.17095],[-16.37644,14.16857],[-16.37647,14.16767],[-16.37713,14.166],[-16.37732,14.16543],[-16.37745,14.16496],[-16.37757,14.16457],[-16.37824,14.16382],[-16.37881,14.16368],[-16.37938,14.16378],[-16.38086,14.1648],[-16.38151,14.16495],[-16.38245,14.16492],[-16.38322,14.16474],[-16.38403,14.16438],[-16.38542,14.16352],[-16.38617,14.16248],[-16.38644,14.1615],[-16.38622,14.1603],[-16.38499,14.15954],[-16.38326,14.15825],[-16.38216,14.15773],[-16.37997,14.15563],[-16.37884,14.15476],[-16.37739,14.1539],[-16.37661,14.15509],[-16.37584,14.15574],[-16.37405,14.15675],[-16.3713,14.15777],[-16.36978,14.15803],[-16.36794,14.15799],[-16.36528,14.15808],[-16.36378,14.15801],[-16.35893,14.15736],[-16.35611,14.15691],[-16.35404,14.15636],[-16.35287,14.15618],[-16.34951,14.15613],[-16.34828,14.15623],[-16.34626,14.15662],[-16.34165,14.15839],[-16.33995,14.15937],[-16.33859,14.16004],[-16.33646,14.16099],[-16.33441,14.16164],[-16.33319,14.16187],[-16.33128,14.1624],[-16.33004,14.16251],[-16.32998,14.16251],[-16.32773,14.1621],[-16.32544,14.16194],[-16.3234,14.16173],[-16.31937,14.16105],[-16.31709,14.16074],[-16.31541,14.16068],[-16.31392,14.16086],[-16.31109,14.16133],[-16.30952,14.16136],[-16.30769,14.16102],[-16.30548,14.16045],[-16.30228,14.15946],[-16.30056,14.15877],[-16.29925,14.1581],[-16.29836,14.1575],[-16.29565,14.15517],[-16.29286,14.15292],[-16.28752,14.14838],[-16.28608,14.14745],[-16.28463,14.1467],[-16.28339,14.14619],[-16.28236,14.14591],[-16.28059,14.14563],[-16.27948,14.14554],[-16.27922,14.14458],[-16.27842,14.14355],[-16.27626,14.14317],[-16.27,14.1403],[-16.26746,14.13982],[-16.2654,14.1387],[-16.26296,14.13692],[-16.26142,14.13539],[-16.25977,14.13455],[-16.25823,14.13279],[-16.25529,14.13073],[-16.25313,14.12878],[-16.25225,14.12698],[-16.25103,14.12564],[-16.24954,14.12451],[-16.24733,14.12303],[-16.24494,14.12203],[-16.24292,14.1204],[-16.2418,14.11905],[-16.24007,14.11798],[-16.23824,14.11677],[-16.23693,14.11569],[-16.23477,14.11448],[-16.23355,14.11239],[-16.23249,14.10934],[-16.2319,14.10722],[-16.23158,14.1052],[-16.23133,14.10267],[-16.23049,14.1004],[-16.23038,14.09765],[-16.23021,14.0958],[-16.23024,14.09157],[-16.22947,14.08862],[-16.22926,14.08586],[-16.22975,14.08301],[-16.22929,14.08135],[-16.2294,14.07956],[-16.22924,14.07675],[-16.22897,14.07473],[-16.22875,14.07354],[-16.22876,14.07137],[-16.22897,14.06907],[-16.22867,14.06603],[-16.22869,14.06392],[-16.22979,14.06186],[-16.23023,14.06002],[-16.23152,14.05806],[-16.23248,14.05595],[-16.23468,14.05308],[-16.23549,14.0519],[-16.23733,14.05076],[-16.23851,14.0498],[-16.24038,14.04859],[-16.24055,14.04857],[-16.24193,14.04724],[-16.24286,14.04666],[-16.24414,14.04602],[-16.24662,14.04493],[-16.24763,14.04422],[-16.2486,14.04338],[-16.25034,14.04227],[-16.25316,14.04078],[-16.25501,14.03954],[-16.25601,14.03875],[-16.25729,14.03752],[-16.25839,14.03631],[-16.26099,14.0338],[-16.26265,14.03189],[-16.2637,14.03042],[-16.26438,14.02932],[-16.26587,14.02657],[-16.26645,14.02516],[-16.26738,14.02249],[-16.26815,14.0206],[-16.26965,14.01788],[-16.2713,14.01535],[-16.2737,14.01156],[-16.27473,14.00976],[-16.27544,14.00831],[-16.277,14.00493],[-16.27773,14.00288],[-16.27827,14.00033],[-16.27839,13.99925],[-16.2783,13.99872],[-16.27793,13.99812],[-16.27654,13.99697],[-16.27561,13.99642],[-16.27288,13.99517],[-16.2716,13.99469],[-16.26985,13.99424],[-16.26893,13.99409],[-16.26711,13.99401],[-16.26515,13.9941],[-16.26371,13.99433],[-16.26073,13.99525],[-16.25909,13.99565],[-16.25753,13.99585],[-16.25568,13.99598],[-16.24719,13.99554],[-16.2307,13.99659],[-16.22806,13.99551],[-16.22342,13.99377],[-16.22093,13.99292],[-16.21521,13.99108],[-16.21273,13.99036],[-16.20991,13.98959],[-16.20334,13.98317],[-16.20405,13.98174],[-16.20502,13.97947],[-16.20581,13.97696],[-16.20659,13.97372],[-16.20695,13.97129],[-16.20713,13.96873],[-16.20712,13.96664],[-16.20701,13.96514],[-16.20674,13.9594],[-16.20024,13.95002],[-16.19691,13.92237],[-16.19459,13.89887],[-16.19782,13.89478],[-16.20828,13.87999],[-16.19551,13.87295],[-16.19362,13.87169],[-16.1926,13.87085],[-16.19014,13.86945],[-16.18796,13.86805],[-16.1868,13.86692],[-16.18419,13.86524],[-16.17853,13.86103],[-16.17634,13.85934],[-16.17077,13.85537],[-16.16373,13.8511],[-16.15248,13.85371],[-16.12884,13.85912],[-16.12426,13.85711],[-16.12053,13.85541],[-16.11971,13.85496],[-16.11863,13.85457],[-16.1176,13.85434],[-16.11662,13.85427],[-16.11537,13.85432],[-16.11423,13.85457],[-16.11319,13.85498],[-16.11231,13.85577],[-16.11205,13.85638],[-16.11172,13.85794],[-16.11169,13.85923],[-16.11133,13.8602],[-16.11051,13.86072],[-16.10922,13.86098],[-16.10578,13.86202],[-16.09505,13.86127],[-16.08672,13.85927],[-16.0727,13.85579],[-16.06891,13.85504],[-16.06425,13.86579],[-16.04738,13.87028],[-16.03299,13.87426],[-16.01677,13.87858],[-16.01351,13.88075],[-16.01215,13.88152],[-16.01074,13.88217],[-16.00873,13.88288],[-16.00756,13.88317],[-16.00518,13.88363],[-16.00482,13.88416],[-16.00412,13.88449],[-16.00177,13.88505],[-16.00052,13.88521],[-15.99938,13.88553],[-15.99791,13.88617],[-15.99575,13.88694],[-15.9926,13.88776],[-15.99106,13.88825],[-15.9901,13.88845],[-15.9887,13.88844],[-15.98431,13.888],[-15.98167,13.88786],[-15.97763,13.8873],[-15.97493,13.88728],[-15.97322,13.88706],[-15.96917,13.88677],[-15.96367,13.88599],[-15.96247,13.88591],[-15.96147,13.88597],[-15.95777,13.88648],[-15.95512,13.88676],[-15.95353,13.88675],[-15.95138,13.88646],[-15.95007,13.88612],[-15.94834,13.88591],[-15.94647,13.88584],[-15.94362,13.88587],[-15.94109,13.88576],[-15.93843,13.88587],[-15.93637,13.88613],[-15.93407,13.88657],[-15.93244,13.88681],[-15.93103,13.88728],[-15.92961,13.88804],[-15.92826,13.889],[-15.92702,13.88962],[-15.92552,13.89093],[-15.92396,13.89159],[-15.92176,13.8929],[-15.9178,13.89566],[-15.91714,13.89601],[-15.91624,13.89613],[-15.91493,13.89613],[-15.91162,13.89627],[-15.90631,13.896],[-15.90387,13.89596],[-15.90153,13.89611],[-15.89824,13.89661],[-15.89608,13.89668],[-15.89402,13.89692],[-15.8923,13.89735],[-15.89001,13.89766],[-15.88775,13.89843],[-15.88513,13.89885],[-15.88307,13.89943],[-15.88149,13.89959],[-15.88044,13.89982],[-15.87872,13.90038],[-15.87362,13.90107],[-15.86897,13.90181],[-15.86665,13.90209],[-15.86393,13.90251],[-15.86172,13.9026],[-15.85953,13.90254],[-15.85688,13.90238],[-15.85335,13.90207],[-15.85205,13.90188],[-15.84936,13.90134],[-15.84757,13.90086],[-15.84639,13.90066],[-15.84276,13.90046],[-15.84153,13.90023],[-15.83945,13.90012],[-15.83652,13.89949],[-15.83507,13.89928],[-15.83316,13.89927],[-15.83149,13.89895],[-15.82916,13.8986],[-15.82671,13.89837],[-15.82403,13.89836],[-15.82193,13.89855],[-15.82,13.89903],[-15.8179,13.89935],[-15.81678,13.89975],[-15.8158,13.9003],[-15.81395,13.90183],[-15.81262,13.90272],[-15.81012,13.90415],[-15.80919,13.90477],[-15.80816,13.90572],[-15.80459,13.90786],[-15.80173,13.90898],[-15.80071,13.90926],[-15.79922,13.90948],[-15.79833,13.90949],[-15.79713,13.90934],[-15.79596,13.90905],[-15.79468,13.90853],[-15.79386,13.90805],[-15.79211,13.90675],[-15.79149,13.90614],[-15.79071,13.90467],[-15.78966,13.9025],[-15.78926,13.90121],[-15.78889,13.89831],[-15.78818,13.89424],[-15.78781,13.89299],[-15.7854,13.8909],[-15.78354,13.88958],[-15.78113,13.88808],[-15.7791,13.88709],[-15.77736,13.88639],[-15.77327,13.88498],[-15.77013,13.88377],[-15.76801,13.8828],[-15.76561,13.88189],[-15.7637,13.88145],[-15.76007,13.88108],[-15.75691,13.88047],[-15.75522,13.88006],[-15.75251,13.87925],[-15.75004,13.87829],[-15.74715,13.87691],[-15.74472,13.87545],[-15.74209,13.87355],[-15.73966,13.87201],[-15.73541,13.86971],[-15.7339,13.869],[-15.73103,13.86791],[-15.72881,13.86728],[-15.72631,13.86681],[-15.72449,13.86665],[-15.72014,13.86651],[-15.71704,13.86624],[-15.71563,13.86595],[-15.7135,13.86538],[-15.71242,13.86516],[-15.71141,13.86509],[-15.71015,13.86516],[-15.70882,13.8654],[-15.70739,13.86588],[-15.70594,13.86659],[-15.7051,13.86716],[-15.70397,13.86825],[-15.70231,13.87021],[-15.70144,13.87108],[-15.69967,13.87263],[-15.69646,13.87517],[-15.69475,13.87664],[-15.69302,13.87839],[-15.69198,13.87962],[-15.69066,13.88135],[-15.68992,13.88244],[-15.6882,13.88541],[-15.68601,13.88953],[-15.68385,13.89337],[-15.68275,13.89569],[-15.68196,13.89811],[-15.68142,13.90088],[-15.68119,13.90275],[-15.68114,13.9042],[-15.68122,13.90569],[-15.6815,13.90748],[-15.68177,13.90859],[-15.68223,13.91004],[-15.68326,13.91213],[-15.68424,13.91362],[-15.68732,13.91765],[-15.68979,13.92131],[-15.69179,13.92407],[-15.69324,13.92583],[-15.69484,13.92759],[-15.69638,13.92918],[-15.69845,13.93106],[-15.70201,13.93397],[-15.70365,13.93522],[-15.70712,13.93763],[-15.71008,13.93948],[-15.71269,13.941],[-15.7179,13.94398],[-15.72455,13.94789],[-15.73274,13.95253],[-15.73733,13.95519],[-15.73969,13.9565],[-15.74538,13.95958],[-15.74809,13.96114],[-15.75121,13.96318],[-15.7534,13.9648],[-15.75557,13.96659],[-15.75748,13.96831],[-15.75942,13.97028],[-15.76069,13.97167],[-15.76524,13.97689],[-15.7676,13.97944],[-15.77027,13.98215],[-15.77304,13.9849],[-15.77866,13.99037],[-15.77962,13.99202],[-15.7798,13.99274],[-15.77984,13.99487],[-15.77976,14.00001],[-15.7831,14.00367],[-15.78435,14.00546],[-15.78425,14.01662],[-15.78935,14.02324],[-15.78851,14.033],[-15.78811,14.04332],[-15.78945,14.05065],[-15.7903,14.05045],[-15.79081,14.05069],[-15.79146,14.0514],[-15.79201,14.05155],[-15.79252,14.05143],[-15.79275,14.05068],[-15.79321,14.05039],[-15.7943,14.05071],[-15.79536,14.05068],[-15.79611,14.05045],[-15.79664,14.0501],[-15.79696,14.0503],[-15.79672,14.05124],[-15.79693,14.05148],[-15.79784,14.05144],[-15.79808,14.0516],[-15.79825,14.05261],[-15.79851,14.05285],[-15.79941,14.05297],[-15.79999,14.05327],[-15.80045,14.05382],[-15.80122,14.05432],[-15.80172,14.0544],[-15.80252,14.05423],[-15.80398,14.0543],[-15.80472,14.05459],[-15.80596,14.05442],[-15.80646,14.05518],[-15.80707,14.05478],[-15.80745,14.05547],[-15.80814,14.05536],[-15.80851,14.0555],[-15.80879,14.05618],[-15.80959,14.05653],[-15.81045,14.05633],[-15.81085,14.05558],[-15.8114,14.05549],[-15.81208,14.05605],[-15.81258,14.05707],[-15.81354,14.05768],[-15.81389,14.05882],[-15.81465,14.05948],[-15.8155,14.05967],[-15.81646,14.05949],[-15.81704,14.05893],[-15.81762,14.0591],[-15.81776,14.05952],[-15.81829,14.05983],[-15.81935,14.05998],[-15.81968,14.06043],[-15.81982,14.06173],[-15.82096,14.06311],[-15.8215,14.06339],[-15.82209,14.06337],[-15.82329,14.06355],[-15.82541,14.0635],[-15.82767,14.06317],[-15.82899,14.06283],[-15.82983,14.06235],[-15.83048,14.06135],[-15.83256,14.0607],[-15.83354,14.06088],[-15.83551,14.06182],[-15.83746,14.0631],[-15.83885,14.06438],[-15.84133,14.0655],[-15.84239,14.06583],[-15.84294,14.06622],[-15.84334,14.0669],[-15.84365,14.06826],[-15.84396,14.06913],[-15.84398,14.07006],[-15.84459,14.07117],[-15.84601,14.07229],[-15.84667,14.07259],[-15.84688,14.07299],[-15.847,14.07426],[-15.84686,14.07479],[-15.84599,14.07593],[-15.84529,14.07783],[-15.84513,14.07886],[-15.84414,14.07928],[-15.84357,14.07973],[-15.84335,14.08023],[-15.84313,14.08133],[-15.84315,14.08183],[-15.84349,14.08237],[-15.84354,14.08292],[-15.84327,14.08353],[-15.84191,14.08522],[-15.84105,14.08611],[-15.84095,14.0869],[-15.84159,14.08742],[-15.84308,14.08779],[-15.84526,14.08811],[-15.84593,14.08839],[-15.84639,14.08891],[-15.8467,14.09084],[-15.84642,14.09276],[-15.84617,14.09381],[-15.84529,14.09598],[-15.84518,14.09671],[-15.84536,14.09781],[-15.84639,14.09942],[-15.84705,14.10026],[-15.84746,14.10104],[-15.84868,14.10139],[-15.84983,14.10134],[-15.85069,14.10157],[-15.85183,14.10218],[-15.85247,14.10238],[-15.85338,14.10322],[-15.85379,14.10441],[-15.8537,14.10559],[-15.85313,14.10651],[-15.85314,14.10696],[-15.85349,14.10749],[-15.85407,14.10776],[-15.85506,14.10795],[-15.85577,14.10829],[-15.85655,14.10909],[-15.85679,14.10982],[-15.85671,14.1109],[-15.85628,14.11189],[-15.85538,14.11284],[-15.85355,14.11385],[-15.85339,14.11412],[-15.85345,14.11504]]]},"properties":{"slug":"kaolack","name":"Kaolack","department":"Kaolack","code":"SN0502","parent":"region-kaolack"}},{"type":"Feature","geometry":{"type":"Polygon","coordinates":[[[-15.69033,14.29662],[-15.69099,14.29862],[-15.69124,14.29985],[-15.69138,14.30306],[-15.69117,14.30504],[-15.69111,14.30762],[-15.69084,14.31116],[-15.69033,14.31529],[-15.69045,14.31805],[-15.68985,14.32205],[-15.68965,14.32389],[-15.68972,14.32585],[-15.68988,14.32783],[-15.69017,14.33022],[-15.68974,14.33334],[-15.69062,14.33602],[-15.69035,14.33969],[-15.68993,14.34393],[-15.6895,14.34718],[-15.68936,14.34958],[-15.68883,14.35519],[-15.68947,14.35805],[-15.68991,14.36163],[-15.69058,14.36513],[-15.69145,14.36904],[-15.6918,14.37208],[-15.69239,14.37559],[-15.69298,14.37834],[-15.6939,14.38134],[-15.69464,14.38829],[-15.69523,14.39234],[-15.69619,14.39594],[-15.6971,14.39966],[-15.69748,14.40437],[-15.69789,14.40721],[-15.6982,14.41016],[-15.6986,14.41296],[-15.69862,14.41564],[-15.69907,14.41895],[-15.699,14.42254],[-15.6995,14.42461],[-15.70003,14.42769],[-15.69961,14.43108],[-15.69889,14.43377],[-15.69832,14.43814],[-15.69776,14.44168],[-15.69661,14.44607],[-15.69603,14.44791],[-15.69593,14.45175],[-15.69534,14.45395],[-15.69461,14.45716],[-15.69373,14.46033],[-15.69342,14.46359],[-15.69379,14.46442],[-15.69273,14.46735],[-15.69229,14.46974],[-15.69165,14.47282],[-15.6918,14.47787],[-15.69211,14.47943],[-15.6938,14.4811],[-15.69491,14.48337],[-15.69673,14.48531],[-15.69871,14.48703],[-15.70096,14.48915],[-15.70226,14.49073],[-15.70466,14.49287],[-15.70667,14.49417],[-15.70945,14.49575],[-15.71261,14.49683],[-15.71535,14.49736],[-15.71765,14.49788],[-15.71949,14.49804],[-15.72157,14.49832],[-15.72356,14.49682],[-15.72575,14.49482],[-15.72966,14.49016],[-15.73124,14.4876],[-15.73329,14.48504],[-15.73538,14.48262],[-15.73626,14.47991],[-15.73798,14.47662],[-15.73989,14.47429],[-15.74231,14.47288],[-15.74421,14.47041],[-15.74592,14.46882],[-15.74831,14.46649],[-15.75073,14.4637],[-15.75389,14.46065],[-15.75831,14.45664],[-15.7603,14.45444],[-15.76278,14.45272],[-15.76544,14.4502],[-15.76824,14.44728],[-15.772,14.44405],[-15.77395,14.44135],[-15.77738,14.43783],[-15.78128,14.43465],[-15.78351,14.43227],[-15.78641,14.42986],[-15.78846,14.42743],[-15.78928,14.42492],[-15.78968,14.42188],[-15.79012,14.4195],[-15.79152,14.41633],[-15.79292,14.41156],[-15.79697,14.40193],[-15.79842,14.39758],[-15.79957,14.39321],[-15.80098,14.39014],[-15.80171,14.38671],[-15.80272,14.38451],[-15.80343,14.38253],[-15.80324,14.37703],[-15.80861,14.3775],[-15.81354,14.3772],[-15.81861,14.37718],[-15.82325,14.37731],[-15.82702,14.37771],[-15.83094,14.37756],[-15.83573,14.37797],[-15.83978,14.37781],[-15.8463,14.3785],[-15.85007,14.37806],[-15.8534,14.37804],[-15.85645,14.37832],[-15.86182,14.37844],[-15.87008,14.37841],[-15.87428,14.37826],[-15.87862,14.37908],[-15.88225,14.37936],[-15.88475,14.37919],[-15.89399,14.37917],[-15.90099,14.37969],[-15.9046,14.37939],[-15.90867,14.38023],[-15.91056,14.38135],[-15.91361,14.38374],[-15.91565,14.38585],[-15.91782,14.38754],[-15.91899,14.38895],[-15.92103,14.39021],[-15.92263,14.39105],[-15.92408,14.39217],[-15.92565,14.39322],[-15.9303,14.39598],[-15.93393,14.39696],[-15.93816,14.39806],[-15.94121,14.39775],[-15.94393,14.3972],[-15.9474,14.39578],[-15.9496,14.3942],[-15.95191,14.39193],[-15.95186,14.39119],[-15.95346,14.38981],[-15.95881,14.38442],[-15.95911,14.38398],[-15.97134,14.38774],[-15.97368,14.38816],[-15.98246,14.38812],[-15.98685,14.38882],[-15.99359,14.38936],[-15.99666,14.38934],[-15.99798,14.3892],[-15.99902,14.3939],[-16.0034,14.3916],[-16.00982,14.38701],[-16.01464,14.38413],[-16.01902,14.38226],[-16.02164,14.38054],[-16.02281,14.37996],[-16.03173,14.3775],[-16.03786,14.37533],[-16.04181,14.3746],[-16.05274,14.36428],[-16.06021,14.36625],[-16.06416,14.36694],[-16.07133,14.36719],[-16.07704,14.36688],[-16.08099,14.36658],[-16.08698,14.36527],[-16.09014,14.36525],[-16.09136,14.36007],[-16.09526,14.34915],[-16.10271,14.341],[-16.1112,14.33223],[-16.1179,14.32659],[-16.12574,14.31701],[-16.13021,14.30936],[-16.13259,14.30545],[-16.13424,14.29643],[-16.13387,14.28467],[-16.12977,14.27569],[-16.12488,14.26625],[-16.12513,14.26153],[-16.12792,14.2534],[-16.13074,14.24489],[-16.13081,14.24071],[-16.13097,14.23681],[-16.13126,14.23341],[-16.1305,14.23074],[-16.12884,14.22823],[-16.12687,14.22747],[-16.12472,14.22652],[-16.12174,14.22432],[-16.1192,14.22308],[-16.1156,14.21852],[-16.11317,14.21491],[-16.11023,14.20949],[-16.10768,14.20458],[-16.10697,14.19869],[-16.10625,14.19358],[-16.09922,14.1915],[-16.09702,14.19041],[-16.09177,14.18895],[-16.08485,14.18742],[-16.07646,14.18747],[-16.06716,14.18802],[-16.05613,14.19033],[-16.05604,14.19046],[-16.05201,14.18943],[-16.04869,14.18731],[-16.04746,14.18426],[-16.04686,14.18076],[-16.04669,14.17675],[-16.0481,14.17149],[-16.05026,14.16625],[-16.0532,14.15982],[-16.05625,14.15523],[-16.05818,14.14966],[-16.05851,14.14402],[-16.0578,14.14166],[-16.05722,14.13931],[-16.05559,14.13823],[-16.05264,14.13717],[-16.04549,14.13582],[-16.03756,14.13381],[-16.02876,14.13271],[-16.02148,14.13168],[-16.01749,14.13033],[-16.00582,14.12582],[-16.00042,14.12514],[-15.99907,14.12482],[-15.97834,14.11687],[-15.97373,14.1155],[-15.97105,14.11388],[-15.96823,14.11279],[-15.96484,14.11158],[-15.96268,14.11023],[-15.96024,14.1093],[-15.95732,14.1079],[-15.95389,14.10787],[-15.94968,14.10803],[-15.94549,14.10833],[-15.94115,14.10903],[-15.93757,14.10895],[-15.93526,14.10945],[-15.93162,14.1103],[-15.92689,14.11091],[-15.92345,14.11061],[-15.91953,14.11077],[-15.91449,14.11156],[-15.91015,14.11153],[-15.90605,14.112],[-15.90176,14.11202],[-15.89789,14.11255],[-15.88992,14.11346],[-15.88713,14.11316],[-15.88434,14.11342],[-15.88029,14.1133],[-15.8774,14.11397],[-15.87382,14.11468],[-15.87052,14.11488],[-15.86707,14.1156],[-15.86194,14.11547],[-15.85915,14.11646],[-15.85675,14.11644],[-15.85345,14.11504],[-15.85113,14.11668],[-15.85102,14.11926],[-15.8516,14.12289],[-15.85181,14.12661],[-15.85202,14.1292],[-15.85243,14.13306],[-15.85273,14.13652],[-15.8528,14.13937],[-15.85302,14.14213],[-15.85293,14.14654],[-15.85267,14.15087],[-15.85259,14.15436],[-15.85247,14.15762],[-15.85252,14.16438],[-15.85259,14.16719],[-15.85299,14.17028],[-15.85278,14.1728],[-15.85234,14.17514],[-15.85133,14.17766],[-15.84955,14.18303],[-15.84835,14.18532],[-15.84657,14.18853],[-15.84562,14.19137],[-15.84451,14.19412],[-15.84316,14.19701],[-15.84215,14.19981],[-15.84034,14.20324],[-15.83908,14.20668],[-15.83591,14.2131],[-15.83443,14.21663],[-15.83328,14.2197],[-15.83174,14.22249],[-15.83017,14.22547],[-15.82886,14.22883],[-15.82681,14.2324],[-15.82474,14.23731],[-15.82279,14.24041],[-15.82126,14.24344],[-15.81982,14.24559],[-15.81858,14.24838],[-15.81776,14.24976],[-15.81646,14.25292],[-15.81503,14.25581],[-15.81426,14.25806],[-15.8122,14.26158],[-15.80996,14.26589],[-15.80893,14.2697],[-15.80802,14.27195],[-15.80714,14.27488],[-15.80656,14.27773],[-15.80564,14.28052],[-15.80377,14.28437],[-15.8029,14.28699],[-15.80214,14.28873],[-15.80164,14.29052],[-15.8018,14.29292],[-15.79849,14.29376],[-15.77785,14.29431],[-15.74833,14.29508],[-15.72996,14.29557],[-15.69118,14.29658],[-15.69033,14.29662]]]},"properties":{"slug":"guinguineo","name":"Guinguineo","department":"Guinguineo","code":"SN0501","parent":"region-kaolack"}},{"type":"Feature","geometry":{"type":"Polygon","coordinates":[[[-11.88676,13.38793],[-11.88643,13.38935],[-11.88647,13.39033],[-11.88684,13.39322],[-11.8867,13.39395],[-11.88621,13.39524],[-11.8855,13.3962],[-11.88535,13.39688],[-11.88482,13.39779],[-11.88463,13.39875],[-11.88401,13.39983],[-11.88277,13.40155],[-11.88232,13.40233],[-11.88199,13.40322],[-11.8814,13.40534],[-11.88086,13.40654],[-11.8803,13.4073],[-11.87905,13.40931],[-11.87829,13.4111],[-11.87764,13.4135],[-11.87731,13.41513],[-11.87674,13.41644],[-11.87651,13.41732],[-11.8759,13.41838],[-11.876,13.41902],[-11.87502,13.42101],[-11.87432,13.42305],[-11.87413,13.42422],[-11.87389,13.42455],[-11.87329,13.42597],[-11.87225,13.42703],[-11.87116,13.42852],[-11.87041,13.42908],[-11.8688,13.4299],[-11.86803,13.43003],[-11.86754,13.43034],[-11.86735,13.43085],[-11.86623,13.4318],[-11.86555,13.43312],[-11.86455,13.43462],[-11.86423,13.43561],[-11.86377,13.43659],[-11.86328,13.43834],[-11.86329,13.43936],[-11.86354,13.44067],[-11.86359,13.44233],[-11.86353,13.44368],[-11.86329,13.446],[-11.86328,13.44771],[-11.86351,13.45026],[-11.86368,13.45134],[-11.86398,13.45222],[-11.86453,13.45545],[-11.86519,13.45745],[-11.86634,13.46012],[-11.86713,13.4615],[-11.869,13.46379],[-11.86996,13.46521],[-11.87049,13.46644],[-11.87158,13.46744],[-11.87253,13.46852],[-11.87482,13.46991],[-11.87604,13.47047],[-11.87784,13.47103],[-11.88061,13.47161],[-11.88154,13.47197],[-11.88237,13.47267],[-11.88337,13.4744],[-11.88391,13.4752],[-11.88486,13.47594],[-11.88668,13.47655],[-11.8892,13.47698],[-11.8899,13.47739],[-11.8908,13.47817],[-11.89274,13.48023],[-11.89317,13.48092],[-11.89336,13.48157],[-11.89353,13.48318],[-11.8939,13.48434],[-11.89413,13.48554],[-11.89446,13.48665],[-11.89489,13.48887],[-11.8956,13.48989],[-11.89631,13.49045],[-11.89746,13.49085],[-11.8986,13.49074],[-11.8995,13.49134],[-11.90077,13.49259],[-11.90184,13.49338],[-11.90309,13.49409],[-11.90558,13.49531],[-11.90695,13.49604],[-11.90942,13.49671],[-11.91142,13.49744],[-11.91244,13.49772],[-11.91443,13.49815],[-11.91542,13.49868],[-11.9163,13.49947],[-11.91789,13.50066],[-11.9188,13.50124],[-11.91945,13.50186],[-11.92008,13.50292],[-11.92159,13.50484],[-11.923,13.50626],[-11.92338,13.50851],[-11.92398,13.51001],[-11.92547,13.51296],[-11.92614,13.51393],[-11.92694,13.51478],[-11.9279,13.5155],[-11.93043,13.51705],[-11.93206,13.51794],[-11.93472,13.51924],[-11.93566,13.5195],[-11.9379,13.51969],[-11.94027,13.5194],[-11.94119,13.51939],[-11.94253,13.5196],[-11.94438,13.52035],[-11.94527,13.52097],[-11.94589,13.52178],[-11.94619,13.52303],[-11.94702,13.52409],[-11.94756,13.52434],[-11.94851,13.5235],[-11.9494,13.52299],[-11.95023,13.52299],[-11.95232,13.52358],[-11.9534,13.52404],[-11.95409,13.52474],[-11.95518,13.52634],[-11.95568,13.52732],[-11.95657,13.52861],[-11.95764,13.52975],[-11.95883,13.53078],[-11.95986,13.53148],[-11.96147,13.53221],[-11.96192,13.53205],[-11.96261,13.53227],[-11.96522,13.53366],[-11.96854,13.53568],[-11.96934,13.53628],[-11.9704,13.53782],[-11.97071,13.53887],[-11.97051,13.54119],[-11.97055,13.54249],[-11.97077,13.54349],[-11.9713,13.54483],[-11.97238,13.547],[-11.97342,13.54985],[-11.97379,13.55109],[-11.97429,13.55199],[-11.97528,13.553],[-11.97664,13.55477],[-11.97748,13.55542],[-11.97913,13.55651],[-11.98013,13.55754],[-11.98156,13.5594],[-11.98253,13.56078],[-11.98335,13.56173],[-11.98427,13.56255],[-11.98503,13.5634],[-11.98595,13.56406],[-11.98748,13.56494],[-11.98852,13.56531],[-11.98974,13.56551],[-11.9918,13.56568],[-11.99307,13.5659],[-11.99562,13.56677],[-11.99638,13.56739],[-11.99759,13.56908],[-11.99781,13.56979],[-11.99813,13.57213],[-11.99812,13.57309],[-11.99776,13.57494],[-11.99746,13.57552],[-11.99731,13.57668],[-11.99695,13.57767],[-11.99567,13.57975],[-11.9952,13.5816],[-11.99528,13.58332],[-11.9952,13.58394],[-11.99529,13.58483],[-11.99497,13.5858],[-11.99496,13.58747],[-11.99529,13.58862],[-11.99635,13.59082],[-11.99742,13.59183],[-11.99831,13.59302],[-11.99942,13.59345],[-11.99999,13.59379],[-12.00483,13.59606],[-12.00673,13.59766],[-12.00876,13.60035],[-12.00911,13.60103],[-12.00951,13.60232],[-12.01034,13.60356],[-12.01153,13.60406],[-12.01295,13.60524],[-12.01458,13.60678],[-12.01592,13.60772],[-12.01762,13.60883],[-12.01855,13.60976],[-12.01895,13.61055],[-12.0192,13.61142],[-12.0206,13.61205],[-12.02079,13.61193],[-12.02077,13.61074],[-12.02134,13.61041],[-12.02181,13.61079],[-12.02399,13.61211],[-12.02464,13.61273],[-12.02625,13.61499],[-12.02706,13.61578],[-12.02818,13.61602],[-12.02876,13.61591],[-12.02967,13.61609],[-12.0303,13.61675],[-12.03031,13.6177],[-12.03121,13.618],[-12.03235,13.61891],[-12.03315,13.61988],[-12.03398,13.62107],[-12.03558,13.62284],[-12.03599,13.62342],[-12.03712,13.62552],[-12.03749,13.62654],[-12.03783,13.62859],[-12.03784,13.6301],[-12.03765,13.63123],[-12.03704,13.63226],[-12.03701,13.63259],[-12.03738,13.63359],[-12.03719,13.63585],[-12.03695,13.63735],[-12.03604,13.64065],[-12.03577,13.64203],[-12.03542,13.6455],[-12.03568,13.64664],[-12.03535,13.64716],[-12.03472,13.64692],[-12.03446,13.64743],[-12.0347,13.64803],[-12.03562,13.64947],[-12.03593,13.65054],[-12.03746,13.65498],[-12.03782,13.65686],[-12.03812,13.65923],[-12.03823,13.66236],[-12.03857,13.66337],[-12.03915,13.66448],[-12.03945,13.66578],[-12.03949,13.66757],[-12.04006,13.66851],[-12.04083,13.66914],[-12.04232,13.66971],[-12.04286,13.67009],[-12.04401,13.67139],[-12.04495,13.67258],[-12.04661,13.67492],[-12.04692,13.67556],[-12.04719,13.67668],[-12.04779,13.67808],[-12.04789,13.67861],[-12.04743,13.67943],[-12.04679,13.67956],[-12.04681,13.68067],[-12.04712,13.68173],[-12.04748,13.6823],[-12.04894,13.68415],[-12.05063,13.68606],[-12.05142,13.68663],[-12.05351,13.68771],[-12.0558,13.68947],[-12.05626,13.69005],[-12.05648,13.69107],[-12.05636,13.69425],[-12.05671,13.69572],[-12.05765,13.69785],[-12.05885,13.6994],[-12.05944,13.70062],[-12.0606,13.70274],[-12.06112,13.7034],[-12.06167,13.70358],[-12.06256,13.70358],[-12.0635,13.70435],[-12.06394,13.70531],[-12.06549,13.70599],[-12.06619,13.70672],[-12.06658,13.70755],[-12.06682,13.70861],[-12.0671,13.70913],[-12.06816,13.7095],[-12.06864,13.71108],[-12.06903,13.7119],[-12.07006,13.71347],[-12.07038,13.71429],[-12.07049,13.71572],[-12.07065,13.71619],[-12.07176,13.71776],[-12.07239,13.71933],[-12.07344,13.72017],[-12.07257,13.72128],[-12.07004,13.72096],[-12.06929,13.72058],[-12.0688,13.72053],[-12.06818,13.72083],[-12.06762,13.7214],[-12.06607,13.72198],[-12.06472,13.72358],[-12.06392,13.72429],[-12.06398,13.72476],[-12.06443,13.72489],[-12.06466,13.72581],[-12.06451,13.7265],[-12.06396,13.72719],[-12.06302,13.72753],[-12.06204,13.7275],[-12.06174,13.7277],[-12.06164,13.72883],[-12.06127,13.73057],[-12.06086,13.73074],[-12.06036,13.73049],[-12.05959,13.72925],[-12.05854,13.72851],[-12.05808,13.72848],[-12.05749,13.7289],[-12.0578,13.73011],[-12.0575,13.7308],[-12.05607,13.73138],[-12.05476,13.73205],[-12.05351,13.73225],[-12.05271,13.73169],[-12.05242,13.7313],[-12.05182,13.73112],[-12.05105,13.73169],[-12.05074,13.7328],[-12.05073,13.73343],[-12.05033,13.73397],[-12.04946,13.73418],[-12.04831,13.73402],[-12.04802,13.73355],[-12.04802,13.73296],[-12.04766,13.73266],[-12.04664,13.73273],[-12.04591,13.73316],[-12.04573,13.73359],[-12.04574,13.73467],[-12.04491,13.73592],[-12.04437,13.73608],[-12.04288,13.73565],[-12.04243,13.73572],[-12.04179,13.73614],[-12.04151,13.73657],[-12.04097,13.73679],[-12.03969,13.7368],[-12.03902,13.73702],[-12.03837,13.73752],[-12.03759,13.73859],[-12.03709,13.73984],[-12.03664,13.74044],[-12.03528,13.74078],[-12.03423,13.74081],[-12.03193,13.74101],[-12.0304,13.74122],[-12.02964,13.74173],[-12.02887,13.7425],[-12.028,13.74305],[-12.02744,13.74324],[-12.02587,13.74343],[-12.0255,13.74366],[-12.02468,13.74494],[-12.02426,13.74543],[-12.023,13.74584],[-12.022,13.74738],[-12.02134,13.74792],[-12.02003,13.74848],[-12.01959,13.74898],[-12.01937,13.75022],[-12.01893,13.75109],[-12.01812,13.7518],[-12.01749,13.7527],[-12.01647,13.75297],[-12.01454,13.75263],[-12.01234,13.75258],[-12.01109,13.75287],[-12.01035,13.75285],[-12.00989,13.75258],[-12.00918,13.75255],[-12.00846,13.75413],[-12.0062,13.75558],[-12.00577,13.75641],[-12.00596,13.75852],[-12.00558,13.75889],[-12.00448,13.75878],[-12.00387,13.75846],[-12.00341,13.75862],[-12.00342,13.7596],[-12.00403,13.7619],[-12.00476,13.76259],[-12.00521,13.76393],[-12.00488,13.76454],[-12.00409,13.76467],[-12.00314,13.7646],[-12.00258,13.76481],[-12.00194,13.76544],[-12.00049,13.76636],[-11.9978,13.7671],[-11.99672,13.76822],[-11.99581,13.76879],[-11.99543,13.76926],[-11.99303,13.77031],[-11.99209,13.77048],[-11.99164,13.77138],[-11.99096,13.77176],[-11.98993,13.7719],[-11.98836,13.77326],[-11.9888,13.77503],[-11.98815,13.77614],[-11.98797,13.77715],[-11.98796,13.77814],[-11.98701,13.77866],[-11.98658,13.7791],[-11.9861,13.77914],[-11.98582,13.77871],[-11.98574,13.77801],[-11.98516,13.778],[-11.98399,13.77859],[-11.98339,13.77901],[-11.98313,13.77982],[-11.98302,13.78103],[-11.98276,13.78138],[-11.98259,13.78248],[-11.98202,13.78337],[-11.981,13.78524],[-11.97981,13.78678],[-11.97939,13.78761],[-11.97916,13.78897],[-11.97809,13.78993],[-11.97754,13.79005],[-11.97614,13.79065],[-11.97452,13.79115],[-11.97549,13.7924],[-11.97607,13.79356],[-11.97575,13.79391],[-11.97518,13.79386],[-11.9745,13.79406],[-11.97374,13.79465],[-11.9732,13.79548],[-11.97133,13.7949],[-11.97053,13.79507],[-11.96969,13.79625],[-11.96894,13.79677],[-11.96819,13.79653],[-11.96686,13.79634],[-11.96584,13.79657],[-11.96531,13.79709],[-11.96484,13.799],[-11.96407,13.79991],[-11.96448,13.80055],[-11.96431,13.801],[-11.96258,13.80222],[-11.96207,13.80309],[-11.96248,13.80438],[-11.96232,13.80528],[-11.96152,13.80558],[-11.96119,13.80617],[-11.9605,13.80582],[-11.95931,13.80603],[-11.95841,13.80654],[-11.9564,13.80685],[-11.95475,13.80736],[-11.95381,13.80791],[-11.95244,13.80855],[-11.94954,13.80942],[-11.94922,13.80964],[-11.94917,13.81038],[-11.94883,13.81212],[-11.94883,13.81277],[-11.94945,13.81331],[-11.95032,13.81463],[-11.95118,13.81547],[-11.95077,13.81638],[-11.95073,13.81718],[-11.95127,13.81806],[-11.95174,13.81921],[-11.95275,13.82069],[-11.95224,13.82226],[-11.95096,13.82443],[-11.95047,13.82617],[-11.95031,13.82867],[-11.94989,13.83061],[-11.94966,13.83222],[-11.94952,13.83504],[-11.94948,13.83793],[-11.94933,13.83883],[-11.94889,13.84046],[-11.94889,13.84092],[-11.94832,13.84163],[-11.94822,13.84242],[-11.94866,13.84318],[-11.94868,13.84399],[-11.94846,13.84455],[-11.94853,13.8457],[-11.94777,13.84646],[-11.94728,13.84722],[-11.94717,13.84805],[-11.94726,13.8486],[-11.94763,13.84939],[-11.94823,13.85016],[-11.94872,13.85169],[-11.94893,13.85434],[-11.94845,13.85546],[-11.94761,13.85663],[-11.94736,13.85727],[-11.94721,13.85817],[-11.94685,13.85937],[-11.9455,13.86561],[-11.94246,13.88004],[-11.93843,13.89938],[-11.93326,13.92428],[-11.96819,13.95171],[-11.98107,13.9618],[-11.9819,13.9613],[-11.98273,13.96127],[-11.98295,13.9618],[-11.98384,13.96162],[-11.98501,13.96186],[-11.98531,13.96222],[-11.98533,13.9629],[-11.98572,13.96303],[-11.98672,13.96265],[-11.98685,13.96294],[-11.98622,13.96419],[-11.98665,13.9647],[-11.98727,13.96455],[-11.98768,13.96499],[-11.98845,13.96682],[-11.98816,13.96758],[-11.98831,13.96782],[-11.98926,13.96831],[-11.98939,13.96869],[-11.98912,13.97006],[-11.9895,13.9707],[-11.99117,13.97243],[-11.99166,13.97304],[-11.99257,13.97449],[-11.9934,13.97607],[-11.99385,13.97656],[-11.99533,13.97765],[-11.99705,13.97876],[-11.99863,13.98003],[-11.99953,13.98039],[-12.00075,13.98061],[-12.00361,13.98176],[-12.00544,13.98284],[-12.00714,13.984],[-12.00897,13.98576],[-12.00987,13.98733],[-12.01028,13.98848],[-12.00956,13.99059],[-12.00946,13.99271],[-12.0078,13.99579],[-12.00613,13.99876],[-12.00372,14.00062],[-12.00395,14.00173],[-12.00401,14.00372],[-12.00436,14.0049],[-12.00441,14.00613],[-12.00481,14.00779],[-12.00538,14.00893],[-12.00573,14.01062],[-12.0058,14.01183],[-12.00649,14.01267],[-12.00691,14.01443],[-12.00858,14.01768],[-12.0088,14.01863],[-12.00911,14.01921],[-12.01047,14.02063],[-12.01211,14.02248],[-12.01318,14.02393],[-12.0136,14.02527],[-12.01468,14.02704],[-12.01493,14.02764],[-12.015,14.02862],[-12.01488,14.0289],[-12.01386,14.02955],[-12.01163,14.03059],[-12.00899,14.03222],[-12.00825,14.03257],[-12.00719,14.03338],[-12.00677,14.03582],[-12.00689,14.03919],[-12.00739,14.04113],[-12.00742,14.04299],[-12.00757,14.04527],[-12.0081,14.04799],[-12.00833,14.05018],[-12.00807,14.05131],[-12.00739,14.05193],[-12.00585,14.05239],[-12.00455,14.05264],[-12.00301,14.05314],[-12.00176,14.05342],[-12.00105,14.05383],[-12.00062,14.05455],[-12.00034,14.0554],[-11.99968,14.05815],[-11.99885,14.05841],[-11.99805,14.05885],[-11.99691,14.06046],[-11.99663,14.06062],[-11.99589,14.06219],[-11.99543,14.06297],[-11.99428,14.06451],[-11.99416,14.06536],[-11.99439,14.06741],[-11.99492,14.06936],[-11.99576,14.07141],[-11.99625,14.07236],[-11.99646,14.07386],[-11.99753,14.07612],[-11.99767,14.07688],[-11.99774,14.08046],[-11.99785,14.0828],[-11.99768,14.08368],[-11.99687,14.08545],[-11.99642,14.08624],[-11.99563,14.08708],[-11.99403,14.08813],[-11.99276,14.08878],[-11.99083,14.08947],[-11.98832,14.09006],[-11.98776,14.09004],[-11.98723,14.08974],[-11.98633,14.08957],[-11.98508,14.08979],[-11.984,14.08946],[-11.98312,14.08959],[-11.98276,14.09037],[-11.98428,14.11378],[-11.98441,14.11468],[-11.98503,14.11637],[-11.98636,14.11846],[-11.98675,14.11927],[-11.98789,14.12229],[-11.98821,14.12359],[-11.98831,14.12449],[-11.98822,14.12519],[-11.98771,14.12675],[-11.98636,14.12971],[-11.98577,14.13142],[-11.98553,14.1329],[-11.98534,14.13519],[-11.98515,14.1359],[-11.98415,14.13851],[-11.98343,14.13975],[-11.98082,14.14347],[-11.98,14.14542],[-11.97778,14.14764],[-11.97726,14.14839],[-11.97699,14.14921],[-11.97644,14.15246],[-11.97633,14.15335],[-11.97628,14.1562],[-11.97632,14.15705],[-11.97669,14.16189],[-11.97709,14.16392],[-11.97711,14.16545],[-11.97666,14.17013],[-11.97602,14.17378],[-11.97589,14.17618],[-11.97531,14.17909],[-11.97513,14.18118],[-11.97483,14.18341],[-11.97478,14.18431],[-11.97502,14.1858],[-11.97538,14.18664],[-11.9759,14.18726],[-11.97642,14.18762],[-11.98117,14.18894],[-11.98204,14.18927],[-11.98399,14.19042],[-11.98709,14.1918],[-11.98831,14.19261],[-11.98882,14.19336],[-11.98908,14.19486],[-11.98904,14.19563],[-11.98845,14.19943],[-11.98831,14.20098],[-11.98839,14.20282],[-11.98881,14.20445],[-11.98895,14.20625],[-11.98914,14.20689],[-11.98972,14.20757],[-11.99045,14.2081],[-11.99195,14.20845],[-11.9928,14.20876],[-11.99387,14.21],[-11.99738,14.21368],[-11.99847,14.21513],[-11.99918,14.21678],[-12.00016,14.22005],[-12.00235,14.22565],[-12.00456,14.23087],[-12.00708,14.23645],[-12.00758,14.2377],[-12.00955,14.24331],[-12.00977,14.24406],[-12.01159,14.25119],[-12.01165,14.25153],[-12.01514,14.25894],[-12.01814,14.26636],[-12.0186,14.26782],[-12.01925,14.27082],[-12.01998,14.2737],[-12.02167,14.27908],[-12.02397,14.28439],[-12.02429,14.28379],[-12.02496,14.28406],[-12.02531,14.2849],[-12.02562,14.287],[-12.02603,14.28741],[-12.02656,14.28737],[-12.02845,14.28578],[-12.02924,14.28423],[-12.02969,14.28395],[-12.03022,14.28414],[-12.03108,14.28519],[-12.03216,14.28539],[-12.03252,14.28565],[-12.03265,14.28623],[-12.03235,14.28645],[-12.03165,14.28614],[-12.03083,14.28634],[-12.03085,14.28669],[-12.03188,14.28687],[-12.03307,14.28805],[-12.03363,14.28828],[-12.03374,14.28881],[-12.03226,14.28908],[-12.03137,14.28968],[-12.03142,14.29001],[-12.03264,14.29046],[-12.03517,14.29103],[-12.0357,14.29106],[-12.0382,14.29047],[-12.04074,14.28928],[-12.04216,14.28905],[-12.04273,14.28924],[-12.04344,14.29037],[-12.04394,14.29086],[-12.04497,14.29128],[-12.0461,14.29117],[-12.04703,14.29089],[-12.04806,14.2911],[-12.04849,14.29202],[-12.04929,14.29274],[-12.05056,14.29441],[-12.05113,14.29491],[-12.05346,14.29598],[-12.05519,14.29706],[-12.05662,14.29762],[-12.05924,14.29808],[-12.06008,14.29846],[-12.06077,14.2995],[-12.06117,14.29969],[-12.0625,14.29962],[-12.06318,14.29974],[-12.06377,14.2996],[-12.06423,14.29883],[-12.06476,14.29853],[-12.06552,14.29858],[-12.06614,14.29909],[-12.06721,14.29909],[-12.06748,14.29811],[-12.0678,14.29792],[-12.07023,14.29824],[-12.07156,14.29834],[-12.07238,14.2982],[-12.07339,14.29773],[-12.07423,14.29761],[-12.07487,14.29774],[-12.07625,14.29843],[-12.07692,14.29897],[-12.07735,14.29973],[-12.07759,14.30139],[-12.07795,14.30188],[-12.07904,14.30204],[-12.07919,14.30234],[-12.07921,14.30353],[-12.07948,14.30392],[-12.08059,14.30448],[-12.08128,14.3055],[-12.08205,14.30606],[-12.08292,14.30615],[-12.08611,14.30588],[-12.0871,14.30574],[-12.0884,14.30538],[-12.08962,14.30522],[-12.09236,14.30514],[-12.09354,14.30588],[-12.09405,14.30645],[-12.09462,14.30669],[-12.09566,14.3063],[-12.09613,14.30635],[-12.09752,14.3068],[-12.09807,14.30732],[-12.09854,14.30807],[-12.09906,14.3081],[-12.09972,14.30782],[-12.10022,14.30715],[-12.10034,14.30647],[-12.09985,14.30541],[-12.10026,14.30526],[-12.10181,14.30573],[-12.10218,14.3062],[-12.10228,14.30723],[-12.10214,14.308],[-12.1018,14.30858],[-12.10072,14.30863],[-12.10007,14.3093],[-12.09994,14.31021],[-12.10022,14.31091],[-12.10121,14.3109],[-12.10202,14.31023],[-12.10277,14.31016],[-12.10372,14.3106],[-12.10415,14.31123],[-12.10424,14.31221],[-12.10378,14.31317],[-12.10334,14.31353],[-12.10269,14.31368],[-12.1014,14.31362],[-12.10072,14.31256],[-12.10033,14.31242],[-12.0999,14.31307],[-12.09935,14.3134],[-12.0987,14.31354],[-12.09749,14.31344],[-12.09686,14.31392],[-12.09699,14.31463],[-12.09643,14.31527],[-12.09572,14.31475],[-12.09544,14.31501],[-12.09549,14.31563],[-12.0949,14.3172],[-12.09429,14.31771],[-12.09383,14.31895],[-12.09323,14.31969],[-12.09353,14.32028],[-12.09419,14.32055],[-12.09462,14.32047],[-12.09521,14.32102],[-12.09566,14.32094],[-12.09626,14.32116],[-12.09627,14.32163],[-12.09552,14.32222],[-12.09476,14.32225],[-12.09367,14.32179],[-12.09325,14.322],[-12.0929,14.32299],[-12.09261,14.32331],[-12.09192,14.32351],[-12.09117,14.32446],[-12.09121,14.32514],[-12.09156,14.32545],[-12.09303,14.32598],[-12.09377,14.32609],[-12.09514,14.32671],[-12.096,14.32677],[-12.09669,14.32629],[-12.09816,14.32591],[-12.09852,14.32604],[-12.0992,14.32669],[-12.10054,14.32716],[-12.10088,14.32709],[-12.10166,14.3265],[-12.10211,14.3265],[-12.10234,14.32707],[-12.10281,14.32713],[-12.10361,14.32689],[-12.1043,14.32649],[-12.10499,14.32662],[-12.10553,14.32698],[-12.10502,14.32742],[-12.10418,14.32781],[-12.10432,14.32827],[-12.10506,14.32835],[-12.10613,14.32791],[-12.10642,14.32801],[-12.10594,14.32918],[-12.10599,14.32978],[-12.10649,14.33032],[-12.10761,14.33032],[-12.10816,14.33053],[-12.10852,14.33101],[-12.10862,14.33192],[-12.10818,14.3321],[-12.10729,14.33155],[-12.10628,14.33129],[-12.10596,14.33165],[-12.10619,14.33227],[-12.10723,14.33285],[-12.10719,14.33326],[-12.10618,14.33349],[-12.10602,14.3338],[-12.10659,14.33484],[-12.10649,14.33542],[-12.10576,14.33582],[-12.10544,14.33573],[-12.1048,14.33468],[-12.10427,14.33456],[-12.10292,14.33472],[-12.10239,14.33539],[-12.10248,14.33662],[-12.10309,14.33756],[-12.10315,14.33838],[-12.10241,14.33837],[-12.10162,14.33779],[-12.10105,14.33699],[-12.10094,14.33627],[-12.1017,14.33524],[-12.10208,14.3338],[-12.1021,14.33286],[-12.10177,14.33195],[-12.10128,14.33141],[-12.10072,14.33117],[-12.09982,14.33133],[-12.09944,14.33177],[-12.09977,14.33257],[-12.10033,14.3331],[-12.10028,14.33388],[-12.09935,14.33419],[-12.09827,14.33405],[-12.0979,14.33366],[-12.09781,14.33301],[-12.09739,14.33267],[-12.09681,14.33304],[-12.09643,14.33427],[-12.0965,14.33472],[-12.09706,14.33514],[-12.09813,14.33554],[-12.09838,14.33601],[-12.09829,14.33675],[-12.09807,14.33715],[-12.09721,14.33679],[-12.09663,14.33634],[-12.09602,14.33611],[-12.09468,14.336],[-12.09383,14.33653],[-12.09308,14.33621],[-12.09259,14.33555],[-12.09254,14.33514],[-12.09294,14.33476],[-12.09372,14.33474],[-12.09479,14.33529],[-12.09544,14.33479],[-12.09587,14.33369],[-12.09589,14.33268],[-12.0956,14.33167],[-12.0953,14.3312],[-12.09489,14.33106],[-12.09433,14.33158],[-12.0925,14.33275],[-12.09111,14.33473],[-12.09047,14.3359],[-12.09048,14.33652],[-12.09118,14.33745],[-12.09233,14.33788],[-12.09293,14.33774],[-12.09373,14.338],[-12.09483,14.33818],[-12.09513,14.33895],[-12.09473,14.34052],[-12.09484,14.34128],[-12.0962,14.34275],[-12.09701,14.34322],[-12.09885,14.34389],[-12.101,14.34421],[-12.1016,14.34449],[-12.10238,14.34556],[-12.1036,14.34709],[-12.10407,14.34802],[-12.10432,14.34904],[-12.10402,14.34973],[-12.10322,14.3504],[-12.10268,14.35068],[-12.10201,14.35068],[-12.10149,14.3515],[-12.10199,14.35215],[-12.10152,14.35309],[-12.10097,14.35351],[-12.10002,14.35385],[-12.09941,14.35428],[-12.09963,14.35509],[-12.09941,14.35565],[-12.0986,14.35592],[-12.09778,14.35508],[-12.09704,14.35458],[-12.0962,14.35428],[-12.09537,14.3543],[-12.09489,14.35456],[-12.09423,14.35557],[-12.09425,14.35665],[-12.09479,14.35815],[-12.09518,14.3587],[-12.09623,14.35887],[-12.09686,14.35915],[-12.09655,14.35992],[-12.09603,14.36023],[-12.09465,14.3606],[-12.09424,14.36104],[-12.09441,14.36283],[-12.09409,14.36378],[-12.0942,14.36496],[-12.09467,14.36696],[-12.09509,14.36788],[-12.09635,14.36925],[-12.09794,14.37141],[-12.09919,14.3726],[-12.10007,14.37305],[-12.10117,14.37381],[-12.10242,14.37497],[-12.10367,14.37568],[-12.10471,14.37489],[-12.10577,14.37475],[-12.10775,14.3748],[-12.10863,14.37469],[-12.11042,14.37346],[-12.11177,14.3729],[-12.11331,14.37251],[-12.11439,14.37211],[-12.11502,14.37148],[-12.11545,14.37034],[-12.11623,14.36942],[-12.11734,14.3688],[-12.11727,14.36778],[-12.11736,14.36714],[-12.11767,14.36679],[-12.11869,14.3669],[-12.11931,14.36744],[-12.11979,14.36813],[-12.12007,14.36951],[-12.12065,14.37001],[-12.12152,14.36986],[-12.12286,14.3703],[-12.12328,14.37099],[-12.12378,14.37139],[-12.12434,14.37119],[-12.12487,14.37052],[-12.12572,14.37153],[-12.12705,14.37273],[-12.12748,14.37334],[-12.12762,14.37421],[-12.12844,14.37523],[-12.12933,14.37675],[-12.12942,14.37746],[-12.12916,14.37855],[-12.12996,14.38008],[-12.13007,14.3805],[-12.12988,14.38111],[-12.12858,14.38231],[-12.12795,14.38303],[-12.12771,14.38377],[-12.12688,14.38465],[-12.12661,14.38517],[-12.12645,14.38707],[-12.12623,14.38748],[-12.12552,14.38771],[-12.12468,14.38828],[-12.12448,14.38882],[-12.12478,14.38968],[-12.12496,14.39124],[-12.12534,14.39311],[-12.12578,14.39364],[-12.12647,14.39382],[-12.12696,14.39365],[-12.12806,14.39253],[-12.12911,14.39219],[-12.13023,14.39215],[-12.13038,14.39141],[-12.13003,14.39082],[-12.12906,14.38992],[-12.12838,14.38897],[-12.12778,14.38744],[-12.12822,14.38719],[-12.12908,14.38731],[-12.12986,14.38712],[-12.13063,14.38623],[-12.13123,14.38597],[-12.132,14.38607],[-12.13252,14.38638],[-12.13362,14.38632],[-12.1345,14.38657],[-12.13576,14.38763],[-12.1366,14.38798],[-12.13918,14.38823],[-12.13997,14.38809],[-12.14068,14.38724],[-12.14068,14.38622],[-12.14086,14.38519],[-12.14166,14.38449],[-12.14277,14.38423],[-12.14511,14.38414],[-12.14615,14.38425],[-12.14815,14.3846],[-12.15017,14.38458],[-12.15128,14.38449],[-12.15283,14.38415],[-12.15382,14.38411],[-12.15568,14.38448],[-12.15773,14.38541],[-12.15934,14.38642],[-12.16026,14.38675],[-12.16181,14.3868],[-12.16259,14.38714],[-12.16297,14.3878],[-12.16393,14.3884],[-12.16405,14.3889],[-12.16386,14.38939],[-12.16397,14.39026],[-12.16452,14.39127],[-12.1647,14.39227],[-12.16504,14.39277],[-12.16669,14.39372],[-12.16795,14.39468],[-12.16869,14.3951],[-12.16905,14.39577],[-12.16891,14.39634],[-12.16917,14.39747],[-12.16943,14.39927],[-12.16997,14.40022],[-12.17052,14.40048],[-12.17253,14.39961],[-12.17392,14.39952],[-12.1751,14.40048],[-12.17572,14.40075],[-12.17681,14.40095],[-12.17838,14.39991],[-12.17897,14.39905],[-12.17935,14.39724],[-12.17975,14.39668],[-12.1807,14.39629],[-12.18284,14.39664],[-12.18334,14.39683],[-12.18471,14.39786],[-12.18575,14.39794],[-12.18697,14.39821],[-12.1882,14.39909],[-12.18962,14.40083],[-12.19042,14.40163],[-12.19179,14.40278],[-12.19234,14.40302],[-12.19357,14.40327],[-12.19447,14.40383],[-12.19592,14.40427],[-12.19809,14.40535],[-12.19925,14.406],[-12.20018,14.4058],[-12.20012,14.40847],[-12.20036,14.41216],[-12.20069,14.41449],[-12.20107,14.41811],[-12.20118,14.42007],[-12.20113,14.42172],[-12.20083,14.42306],[-12.20006,14.42478],[-12.19825,14.4276],[-12.19752,14.42858],[-12.19646,14.42967],[-12.19393,14.43183],[-12.19316,14.43255],[-12.19075,14.43504],[-12.1896,14.43629],[-12.18911,14.43697],[-12.18847,14.43849],[-12.18839,14.43939],[-12.18863,14.44109],[-12.18894,14.44197],[-12.18933,14.44263],[-12.19059,14.44426],[-12.19306,14.44687],[-12.19483,14.44831],[-12.1976,14.45089],[-12.19887,14.45213],[-12.202,14.45449],[-12.2036,14.45548],[-12.20448,14.45616],[-12.20517,14.45702],[-12.20575,14.45819],[-12.20608,14.45939],[-12.20583,14.46082],[-12.20529,14.46256],[-12.20475,14.46388],[-12.20066,14.47162],[-12.1998,14.47347],[-12.19928,14.47483],[-12.19829,14.47711],[-12.19816,14.47794],[-12.19834,14.47886],[-12.19911,14.48008],[-12.20136,14.48206],[-12.20215,14.48253],[-12.2036,14.48307],[-12.20652,14.4839],[-12.20859,14.4846],[-12.21041,14.48542],[-12.2116,14.48577],[-12.214,14.48677],[-12.2162,14.48804],[-12.21757,14.48909],[-12.21924,14.49071],[-12.22022,14.49197],[-12.22074,14.49307],[-12.22084,14.49388],[-12.22071,14.49713],[-12.22066,14.50209],[-12.22059,14.50456],[-12.2204,14.50652],[-12.21997,14.50878],[-12.21954,14.51005],[-12.2184,14.51224],[-12.21773,14.51378],[-12.21574,14.51725],[-12.21483,14.51908],[-12.21441,14.52019],[-12.21332,14.52367],[-12.21279,14.52487],[-12.21249,14.5258],[-12.21241,14.52657],[-12.21269,14.5278],[-12.21292,14.5299],[-12.21295,14.53151],[-12.21329,14.53363],[-12.2152,14.54178],[-12.21612,14.54653],[-12.21617,14.54715],[-12.216,14.54844],[-12.21532,14.55002],[-12.21416,14.55148],[-12.21271,14.55297],[-12.2113,14.55412],[-12.20975,14.55509],[-12.2077,14.55604],[-12.2066,14.55619],[-12.20484,14.55618],[-12.20153,14.55584],[-12.19923,14.55552],[-12.19715,14.55515],[-12.19492,14.55454],[-12.19311,14.55385],[-12.19135,14.5533],[-12.19032,14.55324],[-12.18939,14.55346],[-12.18687,14.55477],[-12.1857,14.55569],[-12.1853,14.55635],[-12.18507,14.55721],[-12.18507,14.55871],[-12.18493,14.55959],[-12.18497,14.5607],[-12.1852,14.5619],[-12.18546,14.56454],[-12.18543,14.56656],[-12.18516,14.56777],[-12.18425,14.56961],[-12.1828,14.57192],[-12.18231,14.57285],[-12.18192,14.57391],[-12.18125,14.57509],[-12.18015,14.57653],[-12.1769,14.58038],[-12.17598,14.58143],[-12.17525,14.58201],[-12.17399,14.58272],[-12.1725,14.5839],[-12.17196,14.58467],[-12.1709,14.58684],[-12.17078,14.58756],[-12.17095,14.58863],[-12.17131,14.58941],[-12.17141,14.59003],[-12.17141,14.5919],[-12.17155,14.59367],[-12.1715,14.59787],[-12.17157,14.60003],[-12.17189,14.60293],[-12.17194,14.60478],[-12.1721,14.60766],[-12.17229,14.60947],[-12.17226,14.61071],[-12.17182,14.61274],[-12.17114,14.61405],[-12.17003,14.61526],[-12.16859,14.61607],[-12.16746,14.6163],[-12.16492,14.61634],[-12.16259,14.61626],[-12.16082,14.61633],[-12.15796,14.61673],[-12.15578,14.61686],[-12.15497,14.61697],[-12.1536,14.61746],[-12.1529,14.61803],[-12.15212,14.61888],[-12.15077,14.62018],[-12.1495,14.62161],[-12.14882,14.6226],[-12.14814,14.62408],[-12.14761,14.62622],[-12.14713,14.62774],[-12.1456,14.63146],[-12.14476,14.63372],[-12.14418,14.63503],[-12.14379,14.63686],[-12.14387,14.63856],[-12.14362,14.64089],[-12.1437,14.64269],[-12.14353,14.64376],[-12.14358,14.64473],[-12.14403,14.64623],[-12.14428,14.64751],[-12.14461,14.65047],[-12.14489,14.65181],[-12.14525,14.65268],[-12.14585,14.65345],[-12.14768,14.65517],[-12.14997,14.65705],[-12.1507,14.65752],[-12.15256,14.65827],[-12.15407,14.65829],[-12.1552,14.65864],[-12.15692,14.65893],[-12.15924,14.65956],[-12.16258,14.66065],[-12.16444,14.66111],[-12.16608,14.66141],[-12.17011,14.66198],[-12.17256,14.66249],[-12.17446,14.66318],[-12.1751,14.66362],[-12.17602,14.66472],[-12.17665,14.66595],[-12.17705,14.66793],[-12.17706,14.6687],[-12.17652,14.67057],[-12.17605,14.67113],[-12.17432,14.6724],[-12.17372,14.67265],[-12.17143,14.67311],[-12.16926,14.67378],[-12.16651,14.67482],[-12.16512,14.67524],[-12.16382,14.67594],[-12.16256,14.67697],[-12.16079,14.67867],[-12.1601,14.67943],[-12.15901,14.68105],[-12.15863,14.68199],[-12.15844,14.68289],[-12.15841,14.68489],[-12.15881,14.68695],[-12.1592,14.68794],[-12.1597,14.68865],[-12.16061,14.68941],[-12.16143,14.68981],[-12.16244,14.69009],[-12.16317,14.69011],[-12.16399,14.68985],[-12.16592,14.68872],[-12.16793,14.68797],[-12.16973,14.68766],[-12.17119,14.6873],[-12.17214,14.6875],[-12.17272,14.68777],[-12.17373,14.68861],[-12.17491,14.68972],[-12.17876,14.69374],[-12.18012,14.69507],[-12.18199,14.69637],[-12.18414,14.6972],[-12.18491,14.69707],[-12.18655,14.69722],[-12.18796,14.69715],[-12.18906,14.69672],[-12.19097,14.69665],[-12.19383,14.69647],[-12.19677,14.69633],[-12.19785,14.69634],[-12.20178,14.6967],[-12.203,14.69706],[-12.20579,14.69831],[-12.2076,14.6995],[-12.21052,14.70203],[-12.21272,14.7041],[-12.21343,14.7051],[-12.21368,14.70615],[-12.21353,14.70709],[-12.21303,14.708],[-12.21125,14.70992],[-12.21064,14.71083],[-12.20838,14.71538],[-12.2081,14.71655],[-12.20804,14.71773],[-12.20807,14.71985],[-12.20817,14.7208],[-12.20854,14.72244],[-12.20918,14.72495],[-12.20987,14.72809],[-12.2104,14.72994],[-12.21098,14.73118],[-12.21253,14.73306],[-12.21291,14.73337],[-12.21435,14.73417],[-12.21509,14.73488],[-12.21682,14.73603],[-12.21768,14.73641],[-12.21991,14.73694],[-12.22062,14.73717],[-12.22127,14.73715],[-12.22304,14.73736],[-12.22545,14.73728],[-12.22661,14.73691],[-12.22849,14.7368],[-12.23104,14.73714],[-12.23203,14.7375],[-12.23323,14.73821],[-12.23363,14.73869],[-12.23405,14.73974],[-12.23399,14.74151],[-12.23421,14.74266],[-12.23494,14.74446],[-12.23535,14.74571],[-12.2358,14.74772],[-12.23606,14.74933],[-12.23652,14.75171],[-12.23693,14.75427],[-12.23759,14.7576],[-12.23795,14.75902],[-12.23861,14.76113],[-12.2392,14.7627],[-12.24052,14.76522],[-12.24135,14.76662],[-12.24235,14.76693],[-12.24546,14.76775],[-12.24867,14.76833],[-12.25022,14.76864],[-12.25194,14.76919],[-12.25328,14.7692],[-12.25599,14.76999],[-12.2576,14.77037],[-12.26049,14.77138],[-12.2617,14.77153],[-12.26416,14.77206],[-12.26522,14.77235],[-12.26667,14.77262],[-12.26762,14.77296],[-12.26854,14.77311],[-12.26956,14.77356],[-12.27096,14.7739],[-12.27237,14.77469],[-12.27306,14.77493],[-12.27442,14.77571],[-12.27662,14.77714],[-12.27791,14.77768],[-12.27868,14.77817],[-12.27948,14.77889],[-12.28071,14.77969],[-12.28301,14.78094],[-12.28395,14.78188],[-12.285,14.78259],[-12.28588,14.78353],[-12.287,14.78437],[-12.28829,14.78589],[-12.28853,14.78638],[-12.28957,14.78712],[-12.29036,14.78837],[-12.29215,14.79058],[-12.29527,14.79396],[-12.29718,14.79595],[-12.29881,14.79753],[-12.30013,14.7989],[-12.30146,14.80044],[-12.30417,14.8032],[-12.30603,14.80518],[-12.30747,14.80681],[-12.30878,14.80841],[-12.31139,14.81143],[-12.3123,14.81272],[-12.31338,14.81397],[-12.31404,14.8149],[-12.31497,14.81653],[-12.31668,14.81911],[-12.31711,14.81986],[-12.31822,14.82109],[-12.31934,14.82196],[-12.32174,14.82358],[-12.32383,14.82522],[-12.32528,14.82645],[-12.3273,14.82787],[-12.32902,14.82876],[-12.33037,14.82932],[-12.33369,14.83058],[-12.33557,14.83108],[-12.33688,14.83115],[-12.33908,14.83098],[-12.34095,14.83097],[-12.34317,14.83074],[-12.34497,14.83077],[-12.34722,14.8303],[-12.34866,14.83009],[-12.35095,14.82993],[-12.3537,14.82986],[-12.35503,14.83001],[-12.35743,14.83064],[-12.35922,14.83126],[-12.36082,14.83189],[-12.36215,14.83231],[-12.36434,14.83325],[-12.36801,14.83411],[-12.3701,14.8347],[-12.37255,14.83496],[-12.3733,14.83529],[-12.374,14.83577],[-12.37559,14.83635],[-12.37612,14.83699],[-12.3771,14.83785],[-12.37949,14.83964],[-12.38093,14.84084],[-12.38159,14.84154],[-12.38241,14.84202],[-12.38358,14.84236],[-12.38586,14.84336],[-12.38829,14.84433],[-12.38982,14.84487],[-12.39073,14.84505],[-12.39225,14.84507],[-12.39344,14.84486],[-12.39482,14.8452],[-12.39647,14.84613],[-12.39916,14.8481],[-12.40055,14.84919],[-12.4058,14.85354],[-12.40646,14.85397],[-12.40776,14.85462],[-12.40896,14.85545],[-12.41081,14.85707],[-12.4123,14.85791],[-12.41363,14.85902],[-12.41514,14.86051],[-12.41642,14.86191],[-12.41888,14.86472],[-12.42176,14.86788],[-12.42328,14.86967],[-12.42487,14.87132],[-12.42676,14.87302],[-12.42836,14.87459],[-12.43054,14.87684],[-12.43154,14.87798],[-12.43326,14.88007],[-12.43434,14.88121],[-12.4358,14.8824],[-12.43721,14.88373],[-12.43899,14.88486],[-12.44004,14.88583],[-12.44172,14.88703],[-12.44351,14.88766],[-12.44636,14.88962],[-12.44774,14.89043],[-12.44923,14.89088],[-12.44994,14.89122],[-12.45076,14.89187],[-12.45198,14.89334],[-12.4525,14.89413],[-12.45359,14.89613],[-12.45364,14.89711],[-12.45331,14.89767],[-12.45305,14.89877],[-12.4505,14.90397],[-12.45,14.9055],[-12.44953,14.90648],[-12.44913,14.90776],[-12.44882,14.9092],[-12.44855,14.91152],[-12.44831,14.91276],[-12.4483,14.91336],[-12.44853,14.91524],[-12.44884,14.91653],[-12.44968,14.91824],[-12.45022,14.91903],[-12.4511,14.91994],[-12.45159,14.92124],[-12.45187,14.92227],[-12.45221,14.92541],[-12.45309,14.92948],[-12.4533,14.93085],[-12.45344,14.93369],[-12.45367,14.93615],[-12.4536,14.93946],[-12.4537,14.94163],[-12.45397,14.9446],[-12.45428,14.9465],[-12.45468,14.94797],[-12.45492,14.94921],[-12.45601,14.95673],[-12.45613,14.9583],[-12.4564,14.96025],[-12.45739,14.96397],[-12.45785,14.96867],[-12.45848,14.97328],[-12.45892,14.97538],[-12.45955,14.97772],[-12.46047,14.98182],[-12.46108,14.98376],[-12.46191,14.9858],[-12.46238,14.98669],[-12.46325,14.98789],[-12.46377,14.98843],[-12.4649,14.98923],[-12.46542,14.98976],[-12.4662,14.99082],[-12.46782,14.99273],[-12.46954,14.995],[-12.47034,14.9963],[-12.47132,14.9974],[-12.47485,15.00054],[-12.47596,15.00169],[-12.47766,15.00328],[-12.47889,15.00455],[-12.47986,15.00566],[-12.48152,15.00735],[-12.48402,15.00953],[-12.48612,15.01147],[-12.48771,15.01285],[-12.49021,15.01481],[-12.4915,15.01564],[-12.4926,15.01624],[-12.49409,15.01692],[-12.49739,15.01805],[-12.49903,15.01843],[-12.50015,15.01845],[-12.50199,15.01824],[-12.50486,15.01829],[-12.50641,15.01851],[-12.50744,15.01885],[-12.51133,15.02075],[-12.51435,15.02236],[-12.5166,15.02326],[-12.51816,15.02372],[-12.52103,15.02444],[-12.52448,15.02513],[-12.52706,15.02583],[-12.52983,15.02682],[-12.53294,15.02773],[-12.53581,15.02844],[-12.53889,15.0293],[-12.54177,15.03019],[-12.5442,15.03086],[-12.54621,15.03132],[-12.54822,15.03193],[-12.54953,15.03242],[-12.55214,15.03351],[-12.5534,15.03412],[-12.5552,15.03523],[-12.55616,15.03599],[-12.5573,15.03708],[-12.55882,15.03876],[-12.56037,15.04056],[-12.56121,15.04142],[-12.56381,15.0437],[-12.56586,15.04534],[-12.56857,15.04781],[-12.57042,15.04959],[-12.57268,15.05188],[-12.57403,15.05318],[-12.57516,15.05438],[-12.57627,15.05529],[-12.57748,15.05603],[-12.57819,15.05635],[-12.57915,15.05643],[-12.58057,15.05583],[-12.58111,15.05588],[-12.58196,15.05629],[-12.58284,15.05696],[-12.58326,15.05748],[-12.584,15.05887],[-12.58446,15.05951],[-12.58702,15.06158],[-12.588,15.06253],[-12.58947,15.06421],[-12.59033,15.06541],[-12.59089,15.06654],[-12.59209,15.06957],[-12.59312,15.07153],[-12.59409,15.07298],[-12.59722,15.07701],[-12.5987,15.07868],[-12.60002,15.07994],[-12.60469,15.08349],[-12.60637,15.08463],[-12.60768,15.08544],[-12.60868,15.08594],[-12.60993,15.08643],[-12.61424,15.08789],[-12.61704,15.08859],[-12.61869,15.0891],[-12.62043,15.08975],[-12.62271,15.09074],[-12.63125,15.09513],[-12.63303,15.09592],[-12.63534,15.0968],[-12.63698,15.09749],[-12.63936,15.09871],[-12.64183,15.10009],[-12.64744,15.10346],[-12.64922,15.10441],[-12.65063,15.105],[-12.65248,15.10567],[-12.65506,15.10674],[-12.6564,15.10745],[-12.65822,15.10861],[-12.65945,15.10903],[-12.6607,15.10933],[-12.66305,15.11003],[-12.66453,15.11034],[-12.66579,15.11046],[-12.66855,15.11056],[-12.67089,15.1105],[-12.67384,15.11014],[-12.67544,15.10976],[-12.6764,15.10938],[-12.67765,15.1087],[-12.68015,15.10759],[-12.68102,15.107],[-12.68339,15.10507],[-12.68427,15.10429],[-12.68547,15.10283],[-12.68621,15.10132],[-12.68701,15.09881],[-12.68775,15.0959],[-12.68798,15.09413],[-12.68795,15.08971],[-12.68814,15.0888],[-12.68839,15.08837],[-12.68926,15.08739],[-12.62815,15.00243],[-12.62971,15.00202],[-12.63007,15.00003],[-12.62864,14.9988],[-12.62726,14.99846],[-12.62665,14.99802],[-12.626,14.99573],[-12.62621,14.99527],[-12.62695,14.99468],[-12.62706,14.99424],[-12.62689,14.99368],[-12.62633,14.99324],[-12.62525,14.9931],[-12.62507,14.99287],[-12.62515,14.99212],[-12.62456,14.99025],[-12.62426,14.98984],[-12.62324,14.98935],[-12.62286,14.98873],[-12.62265,14.98767],[-12.62268,14.98426],[-12.62306,14.98304],[-12.6228,14.98253],[-12.62221,14.98222],[-12.62126,14.98231],[-12.62104,14.98181],[-12.62203,14.98116],[-12.62219,14.9806],[-12.62197,14.98024],[-12.62067,14.97922],[-12.61943,14.9789],[-12.61829,14.97913],[-12.61772,14.9789],[-12.61724,14.97838],[-12.61718,14.97717],[-12.61657,14.97693],[-12.61556,14.97528],[-12.61557,14.9748],[-12.61618,14.9735],[-12.61663,14.973],[-12.61793,14.9723],[-12.61831,14.97187],[-12.6185,14.97101],[-12.61843,14.97048],[-12.61809,14.97005],[-12.61713,14.96966],[-12.61685,14.96928],[-12.61712,14.96856],[-12.61664,14.96795],[-12.61636,14.96707],[-12.61611,14.96684],[-12.61533,14.96668],[-12.61442,14.96556],[-12.61446,14.96489],[-12.61395,14.96461],[-12.61407,14.96388],[-12.61308,14.96319],[-12.61264,14.96316],[-12.61139,14.96259],[-12.61078,14.96268],[-12.61036,14.96239],[-12.60957,14.96102],[-12.60796,14.96108],[-12.60769,14.95995],[-12.60806,14.9592],[-12.60736,14.95766],[-12.6068,14.95722],[-12.60636,14.95718],[-12.60604,14.95602],[-12.60615,14.95488],[-12.60637,14.95429],[-12.60621,14.9537],[-12.60556,14.9533],[-12.60506,14.95277],[-12.60502,14.95221],[-12.60554,14.95167],[-12.60553,14.95079],[-12.60444,14.95019],[-12.60428,14.94966],[-12.60462,14.94917],[-12.60479,14.94821],[-12.60458,14.94688],[-12.6038,14.94617],[-12.60369,14.94538],[-12.60345,14.94486],[-12.60285,14.94427],[-12.60248,14.9431],[-12.60253,14.94213],[-12.60294,14.94059],[-12.60258,14.9378],[-12.60283,14.93619],[-12.6034,14.93492],[-12.60349,14.93402],[-12.60377,14.93333],[-12.60348,14.93264],[-12.60286,14.93193],[-12.60225,14.93074],[-12.60266,14.9295],[-12.60212,14.92863],[-12.60178,14.92709],[-12.6009,14.92652],[-12.60071,14.92578],[-12.6009,14.92496],[-12.60075,14.92448],[-12.60017,14.92405],[-12.6002,14.92306],[-12.59997,14.92215],[-12.5997,14.92188],[-12.59873,14.92181],[-12.59806,14.92207],[-12.59764,14.92183],[-12.59721,14.92096],[-12.59682,14.91939],[-12.59689,14.91811],[-12.59681,14.91721],[-12.59609,14.9165],[-12.59588,14.91541],[-12.59651,14.91462],[-12.59616,14.91413],[-12.59543,14.91376],[-12.59495,14.91266],[-12.59404,14.91252],[-12.59336,14.9118],[-12.59328,14.91101],[-12.59345,14.90948],[-12.59348,14.90825],[-12.59378,14.90761],[-12.59379,14.90711],[-12.59323,14.90639],[-12.5932,14.90547],[-12.59364,14.90482],[-12.59372,14.90303],[-12.59344,14.90244],[-12.59371,14.90135],[-12.59347,14.9005],[-12.59382,14.89967],[-12.59236,14.89894],[-12.59175,14.89805],[-12.59621,14.88137],[-12.59798,14.87644],[-12.60657,14.84815],[-12.61661,14.81974],[-12.63509,14.76218],[-12.64468,14.73334],[-12.64887,14.7218],[-12.65284,14.70931],[-12.6519,14.70901],[-12.64333,14.70681],[-12.5072,14.67172],[-12.50675,14.64655],[-12.49955,14.33373],[-12.50145,14.3046],[-12.50304,14.28012],[-12.48863,14.27432],[-12.48869,14.26867],[-12.49743,14.26312],[-12.50342,14.24624],[-12.50376,14.21519],[-12.49821,14.19254],[-12.49797,14.18043],[-12.49713,14.18016],[-12.49548,14.17999],[-12.49486,14.17983],[-12.49414,14.17938],[-12.4937,14.17933],[-12.49243,14.17973],[-12.49178,14.18007],[-12.49112,14.18001],[-12.49057,14.17975],[-12.49006,14.17919],[-12.48964,14.17899],[-12.48803,14.17902],[-12.48708,14.17957],[-12.48617,14.17952],[-12.48553,14.17878],[-12.48564,14.17796],[-12.48514,14.1771],[-12.48441,14.17686],[-12.48351,14.17701],[-12.48238,14.17679],[-12.48153,14.17675],[-12.47984,14.17726],[-12.47914,14.1777],[-12.47871,14.17826],[-12.47784,14.17861],[-12.47607,14.17824],[-12.33639,14.17569],[-12.33653,14.17486],[-12.33718,14.17345],[-12.33786,14.1727],[-12.33801,14.17212],[-12.33766,14.1718],[-12.33563,14.17082],[-12.3343,14.17049],[-12.33368,14.17006],[-12.33357,14.16959],[-12.33386,14.16873],[-12.33432,14.16829],[-12.33577,14.16746],[-12.33656,14.16647],[-12.33654,14.16598],[-12.33592,14.16473],[-12.33608,14.16341],[-12.33589,14.16279],[-12.33541,14.1626],[-12.33421,14.16289],[-12.33313,14.16286],[-12.33264,14.16252],[-12.33239,14.16205],[-12.33209,14.16062],[-12.33214,14.1596],[-12.33265,14.15919],[-12.33364,14.15935],[-12.33436,14.15901],[-12.33532,14.1579],[-12.33604,14.15776],[-12.33648,14.1583],[-12.33633,14.15901],[-12.33656,14.15966],[-12.33784,14.15988],[-12.33832,14.1597],[-12.33897,14.15896],[-12.33935,14.15822],[-12.33938,14.15763],[-12.33859,14.1568],[-12.3386,14.15642],[-12.33925,14.15555],[-12.33827,14.15476],[-12.33772,14.15406],[-12.33755,14.15354],[-12.33764,14.153],[-12.33741,14.15236],[-12.33669,14.15131],[-12.33599,14.15088],[-12.33458,14.1505],[-12.33422,14.14989],[-12.33456,14.14878],[-12.33455,14.14819],[-12.33389,14.14695],[-12.33374,14.14551],[-12.33401,14.14478],[-12.3347,14.14411],[-12.3353,14.14324],[-12.3354,14.14285],[-12.33523,14.14203],[-12.33404,14.1401],[-12.33422,14.1394],[-12.33468,14.13902],[-12.33608,14.13872],[-12.33668,14.13846],[-12.33798,14.13763],[-12.3396,14.1375],[-12.34067,14.13708],[-12.34104,14.13648],[-12.34074,14.13545],[-12.33995,14.13484],[-12.33912,14.13494],[-12.3384,14.13482],[-12.3382,14.13456],[-12.3385,14.13328],[-12.33829,14.133],[-12.33769,14.13306],[-12.33727,14.13282],[-12.33696,14.13227],[-12.33693,14.13159],[-12.33762,14.13061],[-12.33817,14.13015],[-12.33969,14.1296],[-12.34067,14.1285],[-12.34133,14.12721],[-12.34168,14.1268],[-12.34175,14.12616],[-12.34095,14.12525],[-12.34165,14.12472],[-12.34255,14.12382],[-12.34372,14.12365],[-12.34448,14.1231],[-12.34492,14.12233],[-12.34493,14.1216],[-12.34458,14.12085],[-12.3436,14.12023],[-12.34262,14.11898],[-12.34172,14.11847],[-12.3413,14.11783],[-12.34128,14.11743],[-12.34176,14.11651],[-12.34137,14.11597],[-12.34083,14.11571],[-12.33973,14.11424],[-12.3396,14.11358],[-12.33983,14.11307],[-12.34085,14.11259],[-12.34133,14.11203],[-12.34151,14.11137],[-12.34133,14.1109],[-12.34078,14.11051],[-12.34026,14.11065],[-12.33984,14.1104],[-12.33969,14.10996],[-12.33991,14.10939],[-12.3404,14.10883],[-12.34095,14.10778],[-12.34101,14.10689],[-12.34062,14.10526],[-12.34029,14.10488],[-12.33893,14.10399],[-12.33848,14.10333],[-12.33766,14.10295],[-12.33749,14.10248],[-12.33789,14.102],[-12.339,14.10154],[-12.33982,14.10078],[-12.34082,14.09908],[-12.34002,14.09798],[-12.3393,14.09779],[-12.33856,14.09735],[-12.33822,14.09695],[-12.33817,14.09625],[-12.33873,14.09561],[-12.33935,14.09546],[-12.33985,14.09436],[-12.34131,14.09273],[-12.34149,14.09207],[-12.34137,14.09131],[-12.34051,14.08936],[-12.34083,14.08854],[-12.34081,14.08815],[-12.34039,14.08778],[-12.3394,14.08784],[-12.33888,14.08716],[-12.33872,14.08661],[-12.33883,14.08586],[-12.33856,14.08535],[-12.33791,14.08501],[-12.3377,14.08465],[-12.33821,14.08373],[-12.33983,14.08305],[-12.34039,14.0822],[-12.34047,14.0809],[-12.34139,14.08044],[-12.34163,14.08012],[-12.34246,14.07968],[-12.34306,14.0792],[-12.34321,14.0788],[-12.34287,14.07786],[-12.34194,14.07718],[-12.34103,14.07692],[-12.33991,14.07637],[-12.33958,14.07596],[-12.33927,14.0741],[-12.33939,14.07296],[-12.33932,14.07234],[-12.33877,14.07167],[-12.33754,14.07116],[-12.33725,14.07129],[-12.3374,14.07243],[-12.33678,14.07256],[-12.33634,14.0723],[-12.33612,14.0717],[-12.33651,14.06984],[-12.33702,14.06941],[-12.33874,14.06905],[-12.33957,14.06928],[-12.34042,14.06927],[-12.34073,14.06889],[-12.34097,14.06785],[-12.3409,14.06752],[-12.34011,14.06691],[-12.34002,14.06595],[-12.34054,14.06515],[-12.34157,14.0647],[-12.34244,14.06404],[-12.34275,14.06346],[-12.34235,14.06308],[-12.34192,14.06321],[-12.34157,14.06369],[-12.34113,14.06353],[-12.34105,14.06298],[-12.34188,14.06219],[-12.34271,14.06214],[-12.34309,14.06154],[-12.34273,14.06029],[-12.34203,14.05989],[-12.34111,14.05997],[-12.34061,14.05972],[-12.3405,14.05906],[-12.34101,14.05845],[-12.34066,14.05819],[-12.34,14.05842],[-12.3395,14.05778],[-12.33952,14.05664],[-12.33927,14.05624],[-12.33791,14.05581],[-12.33772,14.05537],[-12.33811,14.05487],[-12.33802,14.05429],[-12.33705,14.05296],[-12.3368,14.05127],[-12.3365,14.05055],[-12.33661,14.04976],[-12.33725,14.04942],[-12.33738,14.04878],[-12.337,14.04818],[-12.33584,14.04791],[-12.33535,14.04729],[-12.33525,14.04619],[-12.33549,14.04562],[-12.3352,14.04493],[-12.33435,14.04455],[-12.3336,14.04404],[-12.33327,14.04342],[-12.33365,14.04266],[-12.33328,14.04215],[-12.33226,14.04215],[-12.3315,14.04193],[-12.33088,14.04151],[-12.33057,14.04101],[-12.33056,14.03992],[-12.33117,14.0391],[-12.33099,14.03873],[-12.33028,14.03822],[-12.32978,14.03753],[-12.32938,14.03821],[-12.329,14.03829],[-12.32858,14.03768],[-12.32889,14.03712],[-12.32845,14.03653],[-12.32764,14.03618],[-12.32749,14.03558],[-12.32774,14.03496],[-12.32766,14.03342],[-12.32602,14.03323],[-12.32549,14.03353],[-12.32496,14.03339],[-12.32458,14.03236],[-12.32403,14.03196],[-12.32307,14.03206],[-12.32272,14.03191],[-12.32204,14.03081],[-12.32118,14.027],[-12.3212,14.0255],[-12.3214,14.0246],[-12.32231,14.02242],[-12.3228,14.02166],[-12.32382,14.02092],[-12.32443,14.01953],[-12.32491,14.01909],[-12.3261,14.01841],[-12.32576,14.01789],[-12.3249,14.01705],[-12.32496,14.01656],[-12.32584,14.01507],[-12.32636,14.01385],[-12.32677,14.01323],[-12.32745,14.01286],[-12.32856,14.01283],[-12.32905,14.01266],[-12.32976,14.01147],[-12.32976,14.01049],[-12.32873,14.00995],[-12.3285,14.00915],[-12.32918,14.00843],[-12.33034,14.00768],[-12.33092,14.00683],[-12.33094,14.00571],[-12.33068,14.0032],[-12.33084,14.00187],[-12.33078,14.00057],[-12.33179,13.99831],[-12.33289,13.99652],[-12.33335,13.99553],[-12.33361,13.99404],[-12.33382,13.99191],[-12.33403,13.98913],[-12.33409,13.98727],[-12.33403,13.98314],[-12.3344,13.97135],[-12.33383,13.93134],[-12.33411,13.90624],[-12.33361,13.80046],[-12.33414,13.77489],[-12.33426,13.7216],[-12.33418,13.68503],[-12.33417,13.64248],[-12.33437,13.61128],[-12.33449,13.59205],[-12.33417,13.57699],[-12.33428,13.52393],[-12.31468,13.50675],[-12.28487,13.48612],[-12.26307,13.47034],[-12.25348,13.46323],[-12.24565,13.45815],[-12.24475,13.45878],[-12.24351,13.46061],[-12.24211,13.46224],[-12.24128,13.46339],[-12.24081,13.46318],[-12.24062,13.46246],[-12.24033,13.46047],[-12.24034,13.45961],[-12.24009,13.45908],[-12.23958,13.45901],[-12.23833,13.45934],[-12.23745,13.45998],[-12.23635,13.45989],[-12.23601,13.45951],[-12.23567,13.45868],[-12.23482,13.45815],[-12.23339,13.45773],[-12.23113,13.4566],[-12.22972,13.45601],[-12.2294,13.45574],[-12.22869,13.45463],[-12.22816,13.45343],[-12.22779,13.45293],[-12.22672,13.45244],[-12.22566,13.45268],[-12.22388,13.45414],[-12.22289,13.45449],[-12.22209,13.45451],[-12.22164,13.45433],[-12.22039,13.45319],[-12.21914,13.45254],[-12.21758,13.45197],[-12.2163,13.45124],[-12.21462,13.44945],[-12.21366,13.44857],[-12.21145,13.44706],[-12.21044,13.44658],[-12.2084,13.44632],[-12.20715,13.44633],[-12.20611,13.44616],[-12.20424,13.44551],[-12.20283,13.44476],[-12.20086,13.44345],[-12.20023,13.44293],[-12.1996,13.44199],[-12.19867,13.43999],[-12.19807,13.43851],[-12.19778,13.43749],[-12.1971,13.43672],[-12.19586,13.43618],[-12.19525,13.43618],[-12.19432,13.43642],[-12.1935,13.43607],[-12.19265,13.43513],[-12.19196,13.4314],[-12.19157,13.4298],[-12.19122,13.42874],[-12.1909,13.42821],[-12.19042,13.42799],[-12.1886,13.42805],[-12.18733,13.4284],[-12.18657,13.42846],[-12.18571,13.42802],[-12.18505,13.42741],[-12.18445,13.42647],[-12.18414,13.42567],[-12.18399,13.42433],[-12.18357,13.42341],[-12.18323,13.42299],[-12.1826,13.42263],[-12.17821,13.42102],[-12.17768,13.42134],[-12.17727,13.42188],[-12.1768,13.42298],[-12.17577,13.42373],[-12.17485,13.42389],[-12.17326,13.42337],[-12.17147,13.42202],[-12.17078,13.42186],[-12.16881,13.42195],[-12.16701,13.42177],[-12.16588,13.42146],[-12.16438,13.42078],[-12.16279,13.41996],[-12.16072,13.41905],[-12.15954,13.41784],[-12.15822,13.41703],[-12.15728,13.41705],[-12.15567,13.41778],[-12.15467,13.41806],[-12.1534,13.41818],[-12.15162,13.41799],[-12.14991,13.41746],[-12.1478,13.41667],[-12.14605,13.41566],[-12.14502,13.41466],[-12.14478,13.41421],[-12.1445,13.41263],[-12.14412,13.41113],[-12.14394,13.40848],[-12.14402,13.40682],[-12.1444,13.40555],[-12.14446,13.40483],[-12.14401,13.40389],[-12.14306,13.40272],[-12.14126,13.401],[-12.14016,13.40021],[-12.13958,13.3996],[-12.13928,13.39886],[-12.13877,13.3968],[-12.13797,13.39605],[-12.13659,13.39539],[-12.13372,13.39319],[-12.13287,13.39246],[-12.13218,13.39204],[-12.13144,13.39194],[-12.12957,13.39241],[-12.1276,13.39284],[-12.12679,13.39294],[-12.1257,13.39283],[-12.12445,13.39241],[-12.12386,13.39193],[-12.12365,13.39142],[-12.12349,13.39019],[-12.12328,13.38951],[-12.12272,13.38873],[-12.12189,13.388],[-12.12053,13.38737],[-12.11966,13.38725],[-12.11841,13.38744],[-12.11785,13.38738],[-12.11705,13.38668],[-12.11606,13.38519],[-12.11487,13.38304],[-12.11385,13.38167],[-12.11253,13.3802],[-12.11156,13.37883],[-12.1104,13.37617],[-12.10964,13.37467],[-12.10908,13.37395],[-12.10834,13.37382],[-12.10739,13.3743],[-12.10541,13.37576],[-12.10413,13.37632],[-12.10212,13.37636],[-12.10053,13.37594],[-12.09915,13.37527],[-12.09735,13.37402],[-12.09086,13.37204],[-12.08998,13.37187],[-12.08902,13.37194],[-12.08768,13.37224],[-12.0865,13.37235],[-12.08593,13.37229],[-12.08552,13.37193],[-12.08485,13.37068],[-12.0844,13.37047],[-12.08342,13.37034],[-12.08279,13.37066],[-12.08134,13.37193],[-12.08074,13.3722],[-12.07998,13.37219],[-12.0779,13.37273],[-12.07719,13.37273],[-12.07391,13.37239],[-12.0723,13.37282],[-12.07131,13.37251],[-12.0712,13.37219],[-12.07163,13.36972],[-12.07158,13.36882],[-12.07117,13.3677],[-12.0704,13.36684],[-12.06964,13.36621],[-12.06804,13.36523],[-12.06699,13.36483],[-12.06651,13.36452],[-12.06629,13.36379],[-12.06628,13.36211],[-12.06614,13.36148],[-12.06533,13.36066],[-12.06511,13.36021],[-12.065,13.35853],[-12.06462,13.35821],[-12.06368,13.35869],[-12.06273,13.35988],[-12.0619,13.36075],[-12.06107,13.36114],[-12.05959,13.36119],[-12.0585,13.36067],[-12.05741,13.35973],[-12.05635,13.35854],[-12.05532,13.35833],[-12.054,13.35843],[-12.05282,13.35872],[-12.05098,13.35947],[-12.04708,13.36159],[-12.04527,13.3624],[-12.04355,13.36292],[-12.04285,13.36321],[-12.04173,13.36387],[-12.03913,13.36572],[-12.03787,13.36637],[-12.03632,13.36702],[-12.03419,13.36782],[-12.03324,13.36842],[-12.03235,13.36926],[-12.03196,13.37006],[-12.03164,13.37119],[-12.03105,13.37275],[-12.03017,13.37421],[-12.02975,13.37458],[-12.02913,13.37467],[-12.02836,13.37434],[-12.02805,13.37334],[-12.02797,13.37211],[-12.02836,13.36999],[-12.02911,13.36789],[-12.02981,13.36541],[-12.02991,13.36457],[-12.02966,13.36366],[-12.02855,13.3627],[-12.0278,13.36187],[-12.02738,13.3611],[-12.02733,13.36058],[-12.02761,13.35559],[-12.02785,13.35336],[-12.02792,13.35123],[-12.02781,13.34812],[-12.02766,13.34539],[-12.02776,13.34388],[-12.02799,13.34301],[-12.02905,13.34076],[-12.02919,13.33992],[-12.02924,13.3375],[-12.0295,13.33655],[-12.03018,13.33504],[-12.03127,13.33376],[-12.03176,13.333],[-12.0324,13.33111],[-12.03397,13.32887],[-12.03422,13.32813],[-12.03391,13.32738],[-12.03227,13.32525],[-12.03149,13.32407],[-12.03128,13.32296],[-12.03138,13.32176],[-12.03127,13.32066],[-12.03052,13.31649],[-12.03033,13.31501],[-12.03014,13.31437],[-12.02968,13.3137],[-12.02833,13.31266],[-12.02721,13.31213],[-12.02609,13.31183],[-12.02339,13.31171],[-12.02216,13.31146],[-12.02107,13.31147],[-12.02025,13.31175],[-12.01787,13.31289],[-12.01616,13.31341],[-12.01534,13.31388],[-12.01437,13.31477],[-12.01373,13.31577],[-12.01213,13.31742],[-12.0107,13.31928],[-12.00973,13.32109],[-12.00884,13.32231],[-12.00831,13.32344],[-12.00797,13.3247],[-12.00744,13.3262],[-12.00697,13.32693],[-12.00626,13.32759],[-12.00526,13.32784],[-12.00426,13.32785],[-12.00233,13.32751],[-12.00101,13.32701],[-11.9994,13.32612],[-11.99827,13.32608],[-11.99695,13.3267],[-11.9961,13.32805],[-11.99478,13.32966],[-11.99367,13.33052],[-11.99279,13.33096],[-11.99148,13.33132],[-11.98975,13.33118],[-11.98883,13.33129],[-11.98745,13.33206],[-11.98647,13.33291],[-11.9844,13.33509],[-11.98386,13.33606],[-11.98323,13.33779],[-11.98241,13.3389],[-11.98174,13.33954],[-11.98088,13.34002],[-11.97939,13.34063],[-11.97708,13.342],[-11.97501,13.34284],[-11.97386,13.34347],[-11.97318,13.34407],[-11.97197,13.34535],[-11.97011,13.34697],[-11.96926,13.34792],[-11.96791,13.34988],[-11.96697,13.35164],[-11.96595,13.35277],[-11.96462,13.35389],[-11.96298,13.35506],[-11.96252,13.35566],[-11.96161,13.35751],[-11.96076,13.36002],[-11.96037,13.36209],[-11.96012,13.36267],[-11.95953,13.3635],[-11.95823,13.3649],[-11.95734,13.3662],[-11.9568,13.36674],[-11.95589,13.36713],[-11.95411,13.36767],[-11.95295,13.36793],[-11.9516,13.36782],[-11.94622,13.36655],[-11.94546,13.36643],[-11.94392,13.36646],[-11.94288,13.36606],[-11.94202,13.36538],[-11.94144,13.3651],[-11.94016,13.3652],[-11.93906,13.36553],[-11.93735,13.36625],[-11.93643,13.36647],[-11.93448,13.36672],[-11.93287,13.36748],[-11.93204,13.36825],[-11.93107,13.36955],[-11.93004,13.3704],[-11.92812,13.37152],[-11.92652,13.37203],[-11.92559,13.37246],[-11.92463,13.37333],[-11.92394,13.37362],[-11.92349,13.37341],[-11.92248,13.37263],[-11.92116,13.37259],[-11.9191,13.37322],[-11.91697,13.37373],[-11.91527,13.37424],[-11.91331,13.37498],[-11.91206,13.37568],[-11.91114,13.37674],[-11.91058,13.37702],[-11.90982,13.37696],[-11.9081,13.37658],[-11.90676,13.37674],[-11.90578,13.37698],[-11.90396,13.37763],[-11.9026,13.37829],[-11.90118,13.37923],[-11.89994,13.38035],[-11.89941,13.3807],[-11.89757,13.38152],[-11.89575,13.38247],[-11.89408,13.38307],[-11.89317,13.38317],[-11.89169,13.38306],[-11.89117,13.38318],[-11.89025,13.38371],[-11.8894,13.38441],[-11.88863,13.38526],[-11.88764,13.38659],[-11.88676,13.38793]]]},"properties":{"slug":"bakel","name":"Bakel","department":"Bakel","code":"SN1201","parent":"region-tambacounda"}},{"type":"Feature","geometry":{"type":"Polygon","coordinates":[[[-15.58112,13.83292],[-15.5785,13.83662],[-15.57647,13.83962],[-15.57587,13.84063],[-15.57514,13.84222],[-15.57472,13.84363],[-15.57496,13.8446],[-15.57567,13.84569],[-15.57538,13.84644],[-15.57461,13.84713],[-15.57327,13.84805],[-15.56887,13.85208],[-15.56705,13.853],[-15.56531,13.85467],[-15.56481,13.85548],[-15.56441,13.85716],[-15.56467,13.85861],[-15.56397,13.85991],[-15.56352,13.86054],[-15.56063,13.86393],[-15.5601,13.86492],[-15.55956,13.86516],[-15.55871,13.86451],[-15.55773,13.86437],[-15.55672,13.86459],[-15.55539,13.86475],[-15.55476,13.8651],[-15.55413,13.86609],[-15.55313,13.86627],[-15.55265,13.8665],[-15.55182,13.86747],[-15.55059,13.86743],[-15.54892,13.86757],[-15.54742,13.86713],[-15.54651,13.86699],[-15.54441,13.8669],[-15.54336,13.86702],[-15.54263,13.86725],[-15.54169,13.86775],[-15.53906,13.8697],[-15.53768,13.8711],[-15.5371,13.87214],[-15.53627,13.87398],[-15.53563,13.87478],[-15.53421,13.87583],[-15.53356,13.87641],[-15.53289,13.8773],[-15.53242,13.87822],[-15.53203,13.87939],[-15.53181,13.88091],[-15.53125,13.88183],[-15.52904,13.88372],[-15.52859,13.88535],[-15.52736,13.88619],[-15.52669,13.88703],[-15.52549,13.88795],[-15.52266,13.88964],[-15.52094,13.89092],[-15.51733,13.89323],[-15.51553,13.89449],[-15.513,13.89602],[-15.50666,13.90036],[-15.50509,13.90161],[-15.50214,13.90405],[-15.50178,13.90444],[-15.50096,13.90577],[-15.4985,13.90832],[-15.49557,13.9104],[-15.49435,13.91185],[-15.49382,13.91286],[-15.49318,13.91468],[-15.49273,13.91636],[-15.49198,13.91776],[-15.49082,13.91926],[-15.49028,13.92021],[-15.48998,13.92118],[-15.48986,13.92245],[-15.49018,13.92355],[-15.4908,13.92695],[-15.49086,13.92777],[-15.49081,13.92979],[-15.49058,13.9317],[-15.49061,13.93269],[-15.49029,13.93362],[-15.48913,13.93445],[-15.48761,13.93603],[-15.48606,13.93728],[-15.4837,13.93897],[-15.48199,13.94063],[-15.48156,13.94097],[-15.4794,13.94232],[-15.4776,13.94356],[-15.47713,13.94423],[-15.47719,13.94517],[-15.47774,13.94663],[-15.5034,13.99061],[-15.50383,13.99173],[-15.50434,13.99267],[-15.50506,13.99368],[-15.50681,13.9954],[-15.50781,13.99617],[-15.50897,13.99674],[-15.51068,13.9971],[-15.51188,13.99699],[-15.51452,13.99644],[-15.51968,13.99607],[-15.52194,13.99578],[-15.52546,13.99506],[-15.5314,13.99355],[-15.53498,13.99257],[-15.53692,13.99208],[-15.54082,13.9913],[-15.54293,13.991],[-15.54444,13.99085],[-15.54674,13.99076],[-15.54972,13.99089],[-15.55537,13.99132],[-15.55702,13.99148],[-15.56035,13.9919],[-15.56513,13.9926],[-15.57032,13.99315],[-15.57358,13.99364],[-15.57566,13.99417],[-15.57815,13.99509],[-15.58007,13.99603],[-15.58227,13.99743],[-15.58574,14],[-15.58785,14.00242],[-15.58917,14.00373],[-15.59288,14.00965],[-15.59481,14.01511],[-15.59617,14.02293],[-15.59546,14.03141],[-15.59504,14.03607],[-15.59317,14.04116],[-15.59159,14.04597],[-15.59073,14.04922],[-15.58743,14.05728],[-15.58526,14.0611],[-15.58339,14.06534],[-15.58296,14.06705],[-15.58152,14.07001],[-15.58153,14.07157],[-15.58066,14.07439],[-15.57858,14.08471],[-15.57934,14.0852],[-15.58077,14.08797],[-15.58156,14.0906],[-15.58328,14.09372],[-15.58459,14.09795],[-15.58533,14.10075],[-15.58634,14.1036],[-15.58786,14.10771],[-15.58903,14.11152],[-15.59026,14.11496],[-15.59062,14.11562],[-15.59209,14.11985],[-15.59265,14.12339],[-15.59389,14.12556],[-15.5953,14.12768],[-15.59739,14.13028],[-15.59907,14.1325],[-15.60137,14.13477],[-15.60337,14.13644],[-15.60487,14.13825],[-15.60702,14.1401],[-15.61236,14.14434],[-15.61255,14.14444],[-15.61526,14.14671],[-15.61846,14.14986],[-15.6202,14.15183],[-15.62224,14.15437],[-15.62412,14.15606],[-15.62616,14.15747],[-15.62863,14.15972],[-15.63103,14.16289],[-15.63387,14.16595],[-15.63707,14.17264],[-15.63818,14.17537],[-15.63966,14.17841],[-15.64072,14.18104],[-15.64411,14.18842],[-15.64559,14.19138],[-15.64769,14.19507],[-15.64832,14.19733],[-15.64977,14.2001],[-15.65102,14.20204],[-15.6524,14.20541],[-15.65479,14.20883],[-15.6565,14.21202],[-15.65757,14.21474],[-15.65872,14.21746],[-15.66011,14.21986],[-15.66141,14.22337],[-15.66256,14.22684],[-15.66404,14.23062],[-15.66608,14.23454],[-15.66728,14.23736],[-15.66838,14.24068],[-15.67006,14.24354],[-15.67154,14.24658],[-15.67265,14.25009],[-15.67423,14.25314],[-15.67534,14.25641],[-15.67691,14.26024],[-15.67803,14.26282],[-15.67927,14.26591],[-15.68108,14.26988],[-15.68186,14.27223],[-15.68392,14.27599],[-15.6845,14.27906],[-15.68578,14.28288],[-15.68707,14.28662],[-15.68827,14.29072],[-15.68956,14.29427],[-15.69033,14.29662],[-15.69118,14.29658],[-15.72996,14.29557],[-15.74833,14.29508],[-15.77785,14.29431],[-15.79849,14.29376],[-15.8018,14.29292],[-15.80164,14.29052],[-15.80214,14.28873],[-15.8029,14.28699],[-15.80377,14.28437],[-15.80564,14.28052],[-15.80656,14.27773],[-15.80714,14.27488],[-15.80802,14.27195],[-15.80893,14.2697],[-15.80996,14.26589],[-15.8122,14.26158],[-15.81426,14.25806],[-15.81503,14.25581],[-15.81646,14.25292],[-15.81776,14.24976],[-15.81858,14.24838],[-15.81982,14.24559],[-15.82126,14.24344],[-15.82279,14.24041],[-15.82474,14.23731],[-15.82681,14.2324],[-15.82886,14.22883],[-15.83017,14.22547],[-15.83174,14.22249],[-15.83328,14.2197],[-15.83443,14.21663],[-15.83591,14.2131],[-15.83908,14.20668],[-15.84034,14.20324],[-15.84215,14.19981],[-15.84316,14.19701],[-15.84451,14.19412],[-15.84562,14.19137],[-15.84657,14.18853],[-15.84835,14.18532],[-15.84955,14.18303],[-15.85133,14.17766],[-15.85234,14.17514],[-15.85278,14.1728],[-15.85299,14.17028],[-15.85259,14.16719],[-15.85252,14.16438],[-15.85247,14.15762],[-15.85259,14.15436],[-15.85267,14.15087],[-15.85293,14.14654],[-15.85302,14.14213],[-15.8528,14.13937],[-15.85273,14.13652],[-15.85243,14.13306],[-15.85202,14.1292],[-15.85181,14.12661],[-15.8516,14.12289],[-15.85102,14.11926],[-15.85113,14.11668],[-15.85345,14.11504],[-15.85339,14.11412],[-15.85355,14.11385],[-15.85538,14.11284],[-15.85628,14.11189],[-15.85671,14.1109],[-15.85679,14.10982],[-15.85655,14.10909],[-15.85577,14.10829],[-15.85506,14.10795],[-15.85407,14.10776],[-15.85349,14.10749],[-15.85314,14.10696],[-15.85313,14.10651],[-15.8537,14.10559],[-15.85379,14.10441],[-15.85338,14.10322],[-15.85247,14.10238],[-15.85183,14.10218],[-15.85069,14.10157],[-15.84983,14.10134],[-15.84868,14.10139],[-15.84746,14.10104],[-15.84705,14.10026],[-15.84639,14.09942],[-15.84536,14.09781],[-15.84518,14.09671],[-15.84529,14.09598],[-15.84617,14.09381],[-15.84642,14.09276],[-15.8467,14.09084],[-15.84639,14.08891],[-15.84593,14.08839],[-15.84526,14.08811],[-15.84308,14.08779],[-15.84159,14.08742],[-15.84095,14.0869],[-15.84105,14.08611],[-15.84191,14.08522],[-15.84327,14.08353],[-15.84354,14.08292],[-15.84349,14.08237],[-15.84315,14.08183],[-15.84313,14.08133],[-15.84335,14.08023],[-15.84357,14.07973],[-15.84414,14.07928],[-15.84513,14.07886],[-15.84529,14.07783],[-15.84599,14.07593],[-15.84686,14.07479],[-15.847,14.07426],[-15.84688,14.07299],[-15.84667,14.07259],[-15.84601,14.07229],[-15.84459,14.07117],[-15.84398,14.07006],[-15.84396,14.06913],[-15.84365,14.06826],[-15.84334,14.0669],[-15.84294,14.06622],[-15.84239,14.06583],[-15.84133,14.0655],[-15.83885,14.06438],[-15.83746,14.0631],[-15.83551,14.06182],[-15.83354,14.06088],[-15.83256,14.0607],[-15.83048,14.06135],[-15.82983,14.06235],[-15.82899,14.06283],[-15.82767,14.06317],[-15.82541,14.0635],[-15.82329,14.06355],[-15.82209,14.06337],[-15.8215,14.06339],[-15.82096,14.06311],[-15.81982,14.06173],[-15.81968,14.06043],[-15.81935,14.05998],[-15.81829,14.05983],[-15.81776,14.05952],[-15.81762,14.0591],[-15.81704,14.05893],[-15.81646,14.05949],[-15.8155,14.05967],[-15.81465,14.05948],[-15.81389,14.05882],[-15.81354,14.05768],[-15.81258,14.05707],[-15.81208,14.05605],[-15.8114,14.05549],[-15.81085,14.05558],[-15.81045,14.05633],[-15.80959,14.05653],[-15.80879,14.05618],[-15.80851,14.0555],[-15.80814,14.05536],[-15.80745,14.05547],[-15.80707,14.05478],[-15.80646,14.05518],[-15.80596,14.05442],[-15.80472,14.05459],[-15.80398,14.0543],[-15.80252,14.05423],[-15.80172,14.0544],[-15.80122,14.05432],[-15.80045,14.05382],[-15.79999,14.05327],[-15.79941,14.05297],[-15.79851,14.05285],[-15.79825,14.05261],[-15.79808,14.0516],[-15.79784,14.05144],[-15.79693,14.05148],[-15.79672,14.05124],[-15.79696,14.0503],[-15.79664,14.0501],[-15.79611,14.05045],[-15.79536,14.05068],[-15.7943,14.05071],[-15.79321,14.05039],[-15.79275,14.05068],[-15.79252,14.05143],[-15.79201,14.05155],[-15.79146,14.0514],[-15.79081,14.05069],[-15.7903,14.05045],[-15.78945,14.05065],[-15.78811,14.04332],[-15.78851,14.033],[-15.78935,14.02324],[-15.78425,14.01662],[-15.78435,14.00546],[-15.7831,14.00367],[-15.77976,14.00001],[-15.77984,13.99487],[-15.7798,13.99274],[-15.77962,13.99202],[-15.77866,13.99037],[-15.77304,13.9849],[-15.77027,13.98215],[-15.7676,13.97944],[-15.76524,13.97689],[-15.76069,13.97167],[-15.75942,13.97028],[-15.75748,13.96831],[-15.75557,13.96659],[-15.7534,13.9648],[-15.75121,13.96318],[-15.74809,13.96114],[-15.74538,13.95958],[-15.73969,13.9565],[-15.73733,13.95519],[-15.73274,13.95253],[-15.72455,13.94789],[-15.7179,13.94398],[-15.71269,13.941],[-15.71008,13.93948],[-15.70712,13.93763],[-15.70365,13.93522],[-15.70201,13.93397],[-15.69845,13.93106],[-15.69638,13.92918],[-15.69484,13.92759],[-15.69324,13.92583],[-15.69179,13.92407],[-15.68979,13.92131],[-15.68732,13.91765],[-15.68424,13.91362],[-15.68326,13.91213],[-15.68223,13.91004],[-15.68177,13.90859],[-15.6815,13.90748],[-15.68122,13.90569],[-15.68114,13.9042],[-15.68119,13.90275],[-15.68142,13.90088],[-15.68196,13.89811],[-15.68275,13.89569],[-15.68385,13.89337],[-15.68601,13.88953],[-15.6882,13.88541],[-15.68992,13.88244],[-15.69066,13.88135],[-15.69198,13.87962],[-15.69302,13.87839],[-15.69475,13.87664],[-15.69646,13.87517],[-15.69967,13.87263],[-15.70144,13.87108],[-15.70231,13.87021],[-15.70397,13.86825],[-15.7051,13.86716],[-15.70594,13.86659],[-15.70739,13.86588],[-15.70882,13.8654],[-15.71015,13.86516],[-15.70909,13.86196],[-15.70827,13.85934],[-15.7075,13.85663],[-15.70659,13.85321],[-15.70593,13.85046],[-15.70464,13.8446],[-15.70395,13.84072],[-15.70355,13.83911],[-15.70259,13.83652],[-15.70255,13.83607],[-15.70159,13.83451],[-15.70075,13.83284],[-15.70048,13.83246],[-15.69897,13.8309],[-15.69804,13.83022],[-15.69676,13.82955],[-15.69445,13.82845],[-15.69366,13.82814],[-15.69224,13.82785],[-15.69125,13.82751],[-15.68998,13.82682],[-15.68922,13.82624],[-15.68845,13.82595],[-15.68758,13.82587],[-15.68614,13.82551],[-15.68526,13.8251],[-15.68339,13.82356],[-15.68135,13.82145],[-15.6799,13.8201],[-15.67911,13.81914],[-15.67831,13.81843],[-15.67729,13.81782],[-15.67535,13.81599],[-15.674,13.8148],[-15.67222,13.81384],[-15.67078,13.81278],[-15.67005,13.81182],[-15.66891,13.81111],[-15.66635,13.80871],[-15.66579,13.80799],[-15.66469,13.80575],[-15.66443,13.8055],[-15.66323,13.80536],[-15.66175,13.8043],[-15.66131,13.80353],[-15.66109,13.80252],[-15.66043,13.8008],[-15.65965,13.79956],[-15.65912,13.79855],[-15.65865,13.79789],[-15.65798,13.79736],[-15.65688,13.79703],[-15.65617,13.79584],[-15.65503,13.79449],[-15.6542,13.79338],[-15.65311,13.79217],[-15.65245,13.79126],[-15.65135,13.79037],[-15.65024,13.78892],[-15.64935,13.78796],[-15.64829,13.78721],[-15.64778,13.78661],[-15.64707,13.78548],[-15.64522,13.78384],[-15.64304,13.78159],[-15.6419,13.7808],[-15.63941,13.77983],[-15.63821,13.77944],[-15.63627,13.77892],[-15.63505,13.77872],[-15.63421,13.77877],[-15.63299,13.779],[-15.63156,13.77946],[-15.62935,13.78046],[-15.62735,13.78147],[-15.62497,13.782],[-15.62438,13.7822],[-15.62216,13.78318],[-15.62044,13.78367],[-15.61917,13.78433],[-15.61801,13.78546],[-15.61607,13.78872],[-15.61421,13.79197],[-15.61304,13.79313],[-15.61206,13.7938],[-15.61137,13.79413],[-15.61047,13.79476],[-15.60978,13.79566],[-15.60865,13.79661],[-15.6076,13.79764],[-15.60541,13.79935],[-15.6045,13.80071],[-15.60352,13.80284],[-15.60304,13.80463],[-15.60295,13.80549],[-15.60258,13.80659],[-15.60166,13.8083],[-15.60055,13.81136],[-15.59966,13.81419],[-15.59874,13.81618],[-15.59772,13.81792],[-15.59681,13.81922],[-15.5942,13.82263],[-15.59335,13.82339],[-15.59148,13.82447],[-15.58584,13.82796],[-15.58467,13.8289],[-15.58334,13.83046],[-15.58175,13.83213],[-15.58112,13.83292]]]},"properties":{"slug":"birkelane","name":"Birkelane","department":"Birkelane","code":"SN0401","parent":"region-kaffrine"}},{"type":"Feature","geometry":{"type":"Polygon","coordinates":[[[-16.62097,14.63996],[-16.62841,14.64089],[-16.64626,14.6416],[-16.66092,14.64192],[-16.66226,14.64282],[-16.66296,14.64309],[-16.66414,14.64389],[-16.66567,14.64536],[-16.66627,14.64665],[-16.66673,14.64794],[-16.66763,14.6509],[-16.66774,14.65223],[-16.66805,14.65357],[-16.66845,14.65481],[-16.66875,14.6562],[-16.66936,14.65825],[-16.66976,14.65911],[-16.67006,14.66016],[-16.67046,14.66078],[-16.67081,14.66168],[-16.67145,14.66225],[-16.67338,14.66449],[-16.67457,14.66505],[-16.67516,14.66548],[-16.67565,14.66533],[-16.67663,14.66451],[-16.67731,14.66422],[-16.67806,14.6643],[-16.67855,14.66474],[-16.67978,14.66524],[-16.68196,14.66519],[-16.68252,14.66534],[-16.68329,14.66605],[-16.684,14.66635],[-16.68544,14.66613],[-16.68746,14.6653],[-16.68893,14.66505],[-16.69074,14.66513],[-16.69169,14.66474],[-16.69264,14.66389],[-16.693,14.66341],[-16.69361,14.66197],[-16.69424,14.66119],[-16.69598,14.65983],[-16.69797,14.65898],[-16.69859,14.65883],[-16.69975,14.65885],[-16.70074,14.65902],[-16.70166,14.65886],[-16.70343,14.65786],[-16.70407,14.65765],[-16.70616,14.65766],[-16.70653,14.65754],[-16.70808,14.65634],[-16.70943,14.65603],[-16.71042,14.65617],[-16.71156,14.65673],[-16.71266,14.65681],[-16.71398,14.65638],[-16.71472,14.65635],[-16.71555,14.65661],[-16.71665,14.65648],[-16.71821,14.65587],[-16.72011,14.65445],[-16.72164,14.65378],[-16.72222,14.65363],[-16.72372,14.65353],[-16.72479,14.65307],[-16.72672,14.65201],[-16.7277,14.65165],[-16.72896,14.6517],[-16.72985,14.65199],[-16.73152,14.65296],[-16.73315,14.65379],[-16.73454,14.65467],[-16.73562,14.65568],[-16.73605,14.65592],[-16.73664,14.65591],[-16.73761,14.65519],[-16.73889,14.65395],[-16.73998,14.6523],[-16.74087,14.65119],[-16.74205,14.65005],[-16.74313,14.64877],[-16.74597,14.64568],[-16.75215,14.63829],[-16.7579,14.63217],[-16.7645,14.62238],[-16.77037,14.61259],[-16.78227,14.59569],[-16.78858,14.5866],[-16.79963,14.57197],[-16.80781,14.56131],[-16.81197,14.55591],[-16.83245,14.52483],[-16.83834,14.51758],[-16.84523,14.51032],[-16.84852,14.5075],[-16.85307,14.51168],[-16.86124,14.51854],[-16.86634,14.52132],[-16.87681,14.52547],[-16.8848,14.52724],[-16.89205,14.5262],[-16.89795,14.52219],[-16.90066,14.51695],[-16.90384,14.51481],[-16.90673,14.51407],[-16.91066,14.51531],[-16.91431,14.51965],[-16.91756,14.52557],[-16.91749,14.53432],[-16.9161,14.54167],[-16.915,14.54846],[-16.91593,14.55509],[-16.91627,14.56187],[-16.91776,14.56595],[-16.92201,14.57128],[-16.92699,14.57689],[-16.93401,14.58418],[-16.93712,14.59065],[-16.94138,14.59725],[-16.94667,14.60568],[-16.96912,14.63303],[-16.99083,14.64457],[-16.99999,14.64792],[-17.00804,14.6523],[-17.03352,14.66004],[-17.03638,14.67847],[-17.05793,14.68163],[-17.08221,14.68602],[-17.09397,14.68801],[-17.09742,14.68927],[-17.10023,14.68943],[-17.10291,14.68845],[-17.10667,14.68789],[-17.10989,14.68682],[-17.11355,14.68678],[-17.11784,14.68392],[-17.12255,14.68198],[-17.12825,14.68501],[-17.13068,14.68747],[-17.13496,14.68968],[-17.13554,14.68592],[-17.13578,14.6826],[-17.13629,14.67937],[-17.13639,14.67597],[-17.13657,14.67241],[-17.13694,14.66823],[-17.13703,14.66505],[-17.13741,14.66191],[-17.13812,14.65881],[-17.13822,14.65554],[-17.13841,14.65286],[-17.13884,14.64964],[-17.13964,14.64678],[-17.13979,14.64401],[-17.14026,14.64087],[-17.14046,14.63819],[-17.14042,14.63538],[-17.14052,14.63295],[-17.14075,14.62926],[-17.14109,14.62608],[-17.14139,14.62157],[-17.14187,14.61526],[-17.1425,14.61032],[-17.14321,14.60704],[-17.14355,14.60441],[-17.14388,14.60091],[-17.14397,14.59765],[-17.1443,14.59424],[-17.14441,14.59198],[-17.14471,14.58764],[-17.14421,14.58624],[-17.14358,14.58497],[-17.14073,14.57969],[-17.13837,14.57553],[-17.13839,14.57429],[-17.13672,14.572],[-17.13395,14.56861],[-17.13282,14.56701],[-17.13132,14.56536],[-17.13047,14.56463],[-17.12959,14.56461],[-17.12848,14.56436],[-17.12767,14.56401],[-17.12676,14.56341],[-17.12619,14.56288],[-17.12504,14.56139],[-17.12456,14.56037],[-17.12397,14.55951],[-17.12323,14.55886],[-17.12244,14.5584],[-17.12129,14.55789],[-17.12007,14.55756],[-17.11836,14.55683],[-17.11754,14.55618],[-17.11665,14.55512],[-17.11558,14.55426],[-17.11441,14.55364],[-17.113,14.55256],[-17.11013,14.54993],[-17.10902,14.54864],[-17.10759,14.54639],[-17.10679,14.54474],[-17.10566,14.54178],[-17.10486,14.53921],[-17.10375,14.53648],[-17.10296,14.53514],[-17.10181,14.5338],[-17.10113,14.53266],[-17.10054,14.53114],[-17.09854,14.52731],[-17.09786,14.52525],[-17.09737,14.52311],[-17.09646,14.52101],[-17.09563,14.51925],[-17.09502,14.51749],[-17.09468,14.51601],[-17.09422,14.51442],[-17.09288,14.51034],[-17.09212,14.50741],[-17.09183,14.5056],[-17.09135,14.50119],[-17.0912,14.49938],[-17.09129,14.49805],[-17.09108,14.49713],[-17.08877,14.49413],[-17.08815,14.49263],[-17.087,14.49237],[-17.08691,14.49102],[-17.08674,14.49059],[-17.08543,14.48979],[-17.08399,14.48858],[-17.08323,14.48813],[-17.08166,14.48742],[-17.08033,14.48619],[-17.07973,14.48525],[-17.07856,14.48202],[-17.07787,14.47988],[-17.07707,14.47954],[-17.07644,14.47813],[-17.07582,14.47733],[-17.07511,14.47676],[-17.07396,14.47562],[-17.07303,14.47449],[-17.0719,14.47255],[-17.07134,14.47182],[-17.07093,14.47218],[-17.07101,14.47255],[-17.07065,14.47295],[-17.06981,14.47303],[-17.06878,14.47294],[-17.06747,14.47263],[-17.06662,14.47232],[-17.06577,14.47181],[-17.06517,14.47124],[-17.06411,14.46998],[-17.06315,14.46855],[-17.06172,14.46582],[-17.06108,14.46453],[-17.0597,14.46122],[-17.0586,14.4582],[-17.05797,14.45613],[-17.05746,14.4552],[-17.05688,14.45449],[-17.05617,14.45384],[-17.05478,14.45282],[-17.05398,14.45237],[-17.05154,14.45178],[-17.05074,14.45144],[-17.04898,14.4502],[-17.04739,14.44974],[-17.04634,14.44963],[-17.04454,14.44962],[-17.04297,14.44917],[-17.04187,14.44908],[-17.04078,14.44924],[-17.03915,14.44898],[-17.038,14.44854],[-17.03732,14.44814],[-17.03669,14.44732],[-17.03604,14.44759],[-17.03413,14.44801],[-17.03291,14.44804],[-17.03198,14.44862],[-17.03055,14.44879],[-17.02952,14.44855],[-17.02862,14.44808],[-17.02764,14.4474],[-17.02581,14.44544],[-17.02356,14.44232],[-17.02282,14.44178],[-17.02175,14.44137],[-17.02028,14.44054],[-17.01942,14.44044],[-17.01794,14.44052],[-17.0174,14.44042],[-17.01623,14.4395],[-17.0141,14.43819],[-17.01326,14.43758],[-17.01287,14.43761],[-17.01194,14.43846],[-17.01107,14.43881],[-17.00986,14.43861],[-17.00741,14.43736],[-17.00569,14.4362],[-17.00449,14.43523],[-17.00249,14.43317],[-17.00159,14.43213],[-17.00004,14.42999],[-16.9997,14.42982],[-16.99867,14.42871],[-16.99784,14.42764],[-16.9968,14.42563],[-16.9962,14.42488],[-16.99537,14.42407],[-16.99154,14.42161],[-16.98987,14.4201],[-16.98876,14.41893],[-16.98823,14.41818],[-16.98672,14.41732],[-16.98551,14.41617],[-16.98486,14.41567],[-16.98379,14.41536],[-16.98302,14.41568],[-16.98206,14.41552],[-16.98079,14.41458],[-16.98011,14.41392],[-16.97929,14.41249],[-16.97774,14.41095],[-16.97523,14.40907],[-16.97427,14.4085],[-16.97233,14.40829],[-16.97029,14.40735],[-16.96934,14.40663],[-16.96808,14.40545],[-16.96604,14.40317],[-16.96495,14.40161],[-16.96453,14.40076],[-16.96388,14.40005],[-16.96276,14.39918],[-16.96174,14.39805],[-16.9606,14.39638],[-16.95962,14.39446],[-16.95879,14.39127],[-16.95838,14.39012],[-16.95778,14.38944],[-16.95618,14.38685],[-16.95476,14.3849],[-16.9544,14.38472],[-16.95331,14.38493],[-16.95193,14.38414],[-16.95141,14.38361],[-16.94889,14.38043],[-16.94769,14.37841],[-16.94658,14.37603],[-16.94605,14.37531],[-16.94529,14.37294],[-16.9451,14.37185],[-16.94493,14.36998],[-16.9444,14.36786],[-16.94423,14.3664],[-16.94349,14.3655],[-16.94037,14.36291],[-16.93957,14.3617],[-16.93886,14.36111],[-16.93816,14.36081],[-16.93648,14.35814],[-16.93589,14.35697],[-16.93508,14.35486],[-16.93455,14.35413],[-16.93382,14.35242],[-16.93352,14.35133],[-16.93321,14.34942],[-16.93219,14.34406],[-16.93163,14.3406],[-16.93128,14.33728],[-16.93105,14.33304],[-16.93112,14.33074],[-16.93132,14.32848],[-16.9316,14.3268],[-16.9321,14.32479],[-16.93232,14.32312],[-16.93253,14.32062],[-16.93294,14.3149],[-16.93297,14.31279],[-16.93286,14.311],[-16.93256,14.30815],[-16.93241,14.30569],[-16.93217,14.30371],[-16.93179,14.30203],[-16.93157,14.30071],[-16.93146,14.29885],[-16.93152,14.29732],[-16.93178,14.29498],[-16.93156,14.29348],[-16.93115,14.2915],[-16.93062,14.28962],[-16.92999,14.28812],[-16.9298,14.28725],[-16.92979,14.28627],[-16.92914,14.28535],[-16.92861,14.28538],[-16.92684,14.28624],[-16.92546,14.28638],[-16.924,14.28633],[-16.92184,14.28604],[-16.92028,14.28565],[-16.91909,14.28508],[-16.91687,14.28466],[-16.91554,14.28396],[-16.9142,14.28291],[-16.91192,14.28064],[-16.91043,14.27867],[-16.90828,14.27643],[-16.90713,14.27505],[-16.90606,14.27335],[-16.9048,14.27148],[-16.90282,14.2681],[-16.90198,14.26677],[-16.89944,14.26318],[-16.89823,14.2616],[-16.89699,14.26014],[-16.89548,14.25876],[-16.8934,14.25709],[-16.89244,14.25618],[-16.89063,14.2543],[-16.88973,14.25322],[-16.88833,14.25129],[-16.88665,14.24914],[-16.88277,14.24384],[-16.88092,14.24144],[-16.87914,14.23884],[-16.87758,14.23608],[-16.87628,14.23331],[-16.87558,14.23153],[-16.87384,14.22682],[-16.87284,14.22333],[-16.87244,14.22151],[-16.87164,14.21727],[-16.87062,14.21245],[-16.86959,14.20715],[-16.86921,14.20421],[-16.86906,14.2008],[-16.86889,14.19902],[-16.86865,14.19733],[-16.86801,14.1938],[-16.86756,14.19251],[-16.86729,14.19042],[-16.86729,14.18826],[-16.86753,14.18706],[-16.86769,14.18544],[-16.86743,14.18482],[-16.86682,14.18446],[-16.86582,14.18437],[-16.86492,14.18467],[-16.8638,14.18472],[-16.8631,14.18436],[-16.86214,14.18355],[-16.86012,14.18218],[-16.85946,14.18187],[-16.85954,14.1826],[-16.85874,14.18263],[-16.85791,14.18215],[-16.85663,14.18066],[-16.85465,14.17748],[-16.85375,14.17589],[-16.85309,14.17446],[-16.85244,14.17343],[-16.85114,14.17061],[-16.85038,14.16928],[-16.84979,14.16847],[-16.84919,14.16735],[-16.84783,14.16538],[-16.84599,14.16353],[-16.84557,14.16286],[-16.84494,14.16256],[-16.84421,14.16244],[-16.84347,14.16179],[-16.84266,14.16049],[-16.84171,14.15972],[-16.84107,14.15904],[-16.84092,14.1586],[-16.84026,14.15774],[-16.8349,14.15264],[-16.83127,14.14945],[-16.82846,14.14662],[-16.82769,14.14548],[-16.82714,14.14445],[-16.82543,14.14187],[-16.82476,14.14139],[-16.8239,14.14145],[-16.82303,14.14192],[-16.82199,14.1428],[-16.82118,14.14332],[-16.82014,14.14365],[-16.81924,14.14366],[-16.81819,14.14325],[-16.81786,14.14264],[-16.81787,14.14175],[-16.81628,14.1407],[-16.81489,14.13969],[-16.81374,14.13868],[-16.8129,14.13853],[-16.81178,14.13809],[-16.81034,14.1374],[-16.80963,14.13715],[-16.80813,14.13699],[-16.80692,14.13656],[-16.80557,14.13563],[-16.80492,14.13539],[-16.80407,14.13433],[-16.80305,14.13347],[-16.80238,14.13275],[-16.80205,14.13198],[-16.80267,14.1307],[-16.80259,14.1302],[-16.80196,14.12913],[-16.80187,14.12864],[-16.80043,14.12682],[-16.79986,14.12638],[-16.79902,14.12548],[-16.79825,14.12445],[-16.79695,14.1224],[-16.79612,14.12087],[-16.79522,14.1188],[-16.79373,14.11666],[-16.79316,14.11573],[-16.79251,14.11403],[-16.79185,14.11255],[-16.78995,14.10873],[-16.78918,14.10708],[-16.78795,14.10422],[-16.78624,14.09975],[-16.78479,14.09552],[-16.78407,14.09321],[-16.78283,14.08895],[-16.78175,14.08501],[-16.7811,14.08236],[-16.78037,14.07914],[-16.78006,14.07733],[-16.77904,14.07248],[-16.77892,14.07134],[-16.77866,14.07023],[-16.77783,14.06843],[-16.7773,14.06708],[-16.77646,14.06417],[-16.77601,14.06235],[-16.77489,14.05719],[-16.77445,14.05573],[-16.773,14.05661],[-16.77253,14.05708],[-16.77209,14.05787],[-16.77037,14.05948],[-16.76928,14.06076],[-16.7686,14.06189],[-16.76833,14.06265],[-16.76825,14.06362],[-16.76734,14.06558],[-16.76677,14.0665],[-16.7661,14.06715],[-16.76319,14.0692],[-16.76241,14.0696],[-16.76131,14.06979],[-16.76068,14.0697],[-16.75994,14.06935],[-16.7595,14.06872],[-16.75851,14.06795],[-16.75736,14.06749],[-16.7555,14.06707],[-16.75439,14.06703],[-16.75352,14.06751],[-16.75337,14.0684],[-16.75302,14.06942],[-16.7532,14.0709],[-16.75303,14.07241],[-16.75313,14.07317],[-16.75349,14.07394],[-16.75361,14.07516],[-16.75355,14.0789],[-16.75342,14.08017],[-16.75361,14.08194],[-16.75374,14.08391],[-16.75395,14.08514],[-16.75426,14.08616],[-16.75491,14.08756],[-16.75559,14.08853],[-16.75665,14.09026],[-16.75863,14.09249],[-16.76,14.09421],[-16.761,14.09536],[-16.76213,14.09625],[-16.76367,14.09691],[-16.76474,14.09666],[-16.76572,14.09664],[-16.76601,14.09693],[-16.76631,14.09795],[-16.76617,14.0996],[-16.76576,14.10056],[-16.7652,14.1012],[-16.76467,14.10243],[-16.76447,14.10332],[-16.76496,14.10442],[-16.7657,14.10489],[-16.76663,14.10513],[-16.76812,14.10581],[-16.76965,14.10638],[-16.77141,14.10731],[-16.77292,14.10762],[-16.7756,14.10827],[-16.77712,14.1088],[-16.77788,14.10981],[-16.77828,14.11153],[-16.77882,14.11222],[-16.77989,14.11288],[-16.78168,14.11343],[-16.78339,14.11355],[-16.78384,14.11365],[-16.78462,14.11418],[-16.78663,14.11531],[-16.78773,14.116],[-16.78871,14.11637],[-16.78956,14.11687],[-16.79152,14.11839],[-16.79236,14.11954],[-16.79249,14.1205],[-16.79237,14.12158],[-16.79167,14.12432],[-16.79164,14.12624],[-16.79174,14.1269],[-16.79254,14.12785],[-16.79317,14.12919],[-16.79319,14.13008],[-16.79299,14.13043],[-16.79208,14.13092],[-16.79102,14.13082],[-16.78975,14.13012],[-16.78915,14.1301],[-16.78876,14.13079],[-16.78823,14.13433],[-16.78827,14.13561],[-16.788,14.13749],[-16.78649,14.13775],[-16.78599,14.13818],[-16.78499,14.1398],[-16.78435,14.14104],[-16.78297,14.14197],[-16.78229,14.14224],[-16.78101,14.14241],[-16.78011,14.14234],[-16.77879,14.14202],[-16.77786,14.14135],[-16.77702,14.13982],[-16.77661,14.13874],[-16.77624,14.13721],[-16.77579,14.13657],[-16.77518,14.13623],[-16.77451,14.13635],[-16.77343,14.13707],[-16.77256,14.13714],[-16.77183,14.1368],[-16.76994,14.1357],[-16.76901,14.13544],[-16.76701,14.1361],[-16.76584,14.13658],[-16.7635,14.13719],[-16.76279,14.13747],[-16.76119,14.13876],[-16.76068,14.13942],[-16.75969,14.14151],[-16.75906,14.14225],[-16.75827,14.14281],[-16.75713,14.14288],[-16.75457,14.14152],[-16.75396,14.14144],[-16.75296,14.14195],[-16.75267,14.14262],[-16.75263,14.14395],[-16.7529,14.14454],[-16.75348,14.14527],[-16.75417,14.14587],[-16.7552,14.14645],[-16.75664,14.14824],[-16.75736,14.14924],[-16.75908,14.15015],[-16.76061,14.15081],[-16.76097,14.15142],[-16.76184,14.15218],[-16.76319,14.15288],[-16.76431,14.15383],[-16.76516,14.15428],[-16.76589,14.15491],[-16.76617,14.15535],[-16.76637,14.15631],[-16.76614,14.15769],[-16.76587,14.15831],[-16.76503,14.1593],[-16.76274,14.16092],[-16.76108,14.16173],[-16.76015,14.16208],[-16.75904,14.16218],[-16.75792,14.1626],[-16.75721,14.16363],[-16.75653,14.16641],[-16.75572,14.16773],[-16.75484,14.16863],[-16.75377,14.16921],[-16.75196,14.16974],[-16.75036,14.16994],[-16.74922,14.16999],[-16.74803,14.17028],[-16.74761,14.1705],[-16.74603,14.17186],[-16.74531,14.17224],[-16.74414,14.17239],[-16.7421,14.172],[-16.74184,14.17214],[-16.74125,14.17319],[-16.741,14.17396],[-16.74076,14.17754],[-16.74032,14.17875],[-16.7391,14.17984],[-16.73719,14.1807],[-16.73609,14.18075],[-16.7342,14.18014],[-16.73311,14.1799],[-16.73246,14.17991],[-16.73183,14.18075],[-16.73108,14.18149],[-16.73011,14.18218],[-16.72984,14.18319],[-16.72931,14.18452],[-16.72862,14.18659],[-16.72795,14.18764],[-16.72649,14.18815],[-16.72559,14.18868],[-16.72454,14.19029],[-16.72304,14.19144],[-16.72259,14.19204],[-16.72247,14.19306],[-16.72194,14.19511],[-16.72153,14.19635],[-16.72064,14.19837],[-16.71997,14.19914],[-16.7197,14.1999],[-16.72007,14.20102],[-16.72012,14.20309],[-16.72025,14.20438],[-16.72068,14.20665],[-16.721,14.2077],[-16.72199,14.20998],[-16.72227,14.21167],[-16.72287,14.21147],[-16.72379,14.21048],[-16.72546,14.2094],[-16.72633,14.20909],[-16.727,14.20915],[-16.72946,14.21005],[-16.73048,14.21028],[-16.73126,14.21096],[-16.73167,14.21205],[-16.73228,14.213],[-16.73437,14.21382],[-16.73529,14.21433],[-16.73728,14.21592],[-16.73789,14.21683],[-16.73913,14.21751],[-16.74137,14.21906],[-16.74326,14.22124],[-16.74451,14.22409],[-16.74533,14.22565],[-16.74633,14.22719],[-16.74725,14.22929],[-16.74823,14.23081],[-16.74856,14.23162],[-16.74889,14.23325],[-16.74902,14.23458],[-16.74954,14.23741],[-16.74979,14.241],[-16.74929,14.24277],[-16.74926,14.24397],[-16.74874,14.24567],[-16.74777,14.24749],[-16.74716,14.2489],[-16.74606,14.25084],[-16.74555,14.25186],[-16.74522,14.25282],[-16.74442,14.25471],[-16.74376,14.25562],[-16.74256,14.25695],[-16.74111,14.259],[-16.73972,14.26045],[-16.73902,14.26166],[-16.7379,14.26291],[-16.73721,14.26454],[-16.73247,14.26966],[-16.72931,14.27264],[-16.72572,14.27719],[-16.72243,14.28258],[-16.72017,14.28572],[-16.71899,14.28783],[-16.7157,14.2928],[-16.71313,14.29776],[-16.7107,14.30231],[-16.70915,14.30881],[-16.70876,14.31404],[-16.70941,14.32265],[-16.7118,14.33421],[-16.71155,14.33817],[-16.71186,14.34127],[-16.71089,14.34679],[-16.71079,14.35315],[-16.7101,14.35767],[-16.70986,14.36347],[-16.70877,14.37279],[-16.70795,14.38015],[-16.70657,14.38806],[-16.70604,14.39598],[-16.70534,14.3981],[-16.70391,14.40066],[-16.70103,14.40336],[-16.69757,14.40677],[-16.69312,14.4109],[-16.68981,14.41516],[-16.68132,14.42313],[-16.67714,14.42585],[-16.67265,14.42701],[-16.66744,14.42719],[-16.65903,14.42738],[-16.65005,14.42802],[-16.64397,14.42806],[-16.6389,14.42852],[-16.63543,14.42967],[-16.63413,14.43081],[-16.63082,14.43478],[-16.62796,14.43932],[-16.62407,14.4426],[-16.62133,14.44573],[-16.6186,14.44843],[-16.61629,14.44972],[-16.61527,14.44987],[-16.60848,14.45288],[-16.60515,14.45305],[-16.60211,14.45405],[-16.60023,14.45492],[-16.59879,14.45591],[-16.5959,14.45692],[-16.59388,14.45877],[-16.58739,14.46347],[-16.58595,14.46461],[-16.58263,14.46732],[-16.57585,14.47203],[-16.5718,14.4759],[-16.57009,14.47757],[-16.56576,14.48057],[-16.5613,14.48455],[-16.55798,14.48783],[-16.55423,14.49039],[-16.55193,14.49224],[-16.54848,14.49636],[-16.54763,14.50004],[-16.54677,14.50189],[-16.54475,14.50373],[-16.54217,14.50756],[-16.53974,14.51252],[-16.53717,14.51819],[-16.53574,14.52117],[-16.53504,14.524],[-16.53404,14.52683],[-16.53277,14.5315],[-16.53195,14.53941],[-16.53213,14.54435],[-16.53129,14.5493],[-16.52986,14.55213],[-16.52916,14.55482],[-16.5286,14.55779],[-16.52731,14.56048],[-16.52632,14.56431],[-16.52449,14.56791],[-16.52231,14.57182],[-16.5203,14.57536],[-16.51902,14.57961],[-16.51878,14.58554],[-16.51982,14.58977],[-16.52117,14.59626],[-16.52412,14.6043],[-16.52545,14.60746],[-16.52913,14.60753],[-16.5387,14.60761],[-16.54581,14.60699],[-16.5558,14.60566],[-16.56523,14.60503],[-16.57002,14.60557],[-16.57554,14.60666],[-16.58194,14.60901],[-16.58617,14.61167],[-16.58923,14.61334],[-16.59244,14.61685],[-16.5958,14.61993],[-16.59857,14.62204],[-16.60165,14.62512],[-16.60646,14.62932],[-16.61068,14.6317],[-16.61434,14.63534],[-16.61638,14.63703],[-16.61887,14.63927],[-16.62097,14.63996]]]},"properties":{"slug":"mbour","name":"Mbour","department":"Mbour","code":"SN1301","parent":"region-thies"}},{"type":"Feature","geometry":{"type":"Polygon","coordinates":[[[-13.7802,14.41289],[-13.79916,14.41279],[-13.8475,14.41399],[-13.88055,14.43041],[-13.91594,14.44735],[-13.93001,14.45408],[-13.95392,14.46542],[-13.98806,14.48161],[-14.00227,14.48885],[-14.00766,14.48982],[-14.02354,14.49411],[-14.0273,14.49582],[-14.03193,14.49739],[-14.03686,14.4984],[-14.04077,14.49997],[-14.04511,14.50182],[-14.04845,14.50265],[-14.0512,14.50354],[-14.05337,14.5037],[-14.06177,14.50655],[-14.06423,14.50727],[-14.06597,14.50784],[-14.07119,14.50942],[-14.07336,14.51013],[-14.07567,14.51127],[-14.07742,14.5117],[-14.07958,14.51312],[-14.08248,14.5137],[-14.08306,14.51412],[-14.08726,14.51527],[-14.09118,14.51667],[-14.09595,14.51813],[-14.10044,14.51998],[-14.10537,14.52128],[-14.10956,14.52313],[-14.11435,14.52442],[-14.11869,14.52641],[-14.12202,14.52685],[-14.12565,14.52838],[-14.12941,14.52928],[-14.1339,14.53071],[-14.13854,14.53185],[-14.14099,14.53327],[-14.1439,14.53357],[-14.14838,14.53556],[-14.15244,14.53685],[-14.15809,14.5387],[-14.16084,14.53942],[-14.16344,14.54028],[-14.1691,14.54313],[-14.17127,14.54327],[-14.17358,14.5447],[-14.17489,14.54498],[-14.17692,14.5457],[-14.18069,14.54642],[-14.18315,14.54784],[-14.18547,14.54799],[-14.18706,14.54842],[-14.18837,14.54927],[-14.19257,14.55055],[-14.19648,14.55127],[-14.1988,14.55199],[-14.20126,14.55313],[-14.2046,14.55385],[-14.20634,14.55456],[-14.20894,14.55513],[-14.21083,14.5557],[-14.213,14.5567],[-14.21489,14.55713],[-14.2172,14.55856],[-14.2201,14.55913],[-14.22285,14.55998],[-14.22502,14.56084],[-14.22705,14.56113],[-14.23169,14.56312],[-14.23474,14.56355],[-14.23734,14.56498],[-14.24241,14.56683],[-14.24559,14.56741],[-14.24864,14.56868],[-14.25038,14.56926],[-14.25473,14.57125],[-14.25748,14.5721],[-14.26052,14.57226],[-14.26147,14.57308],[-14.26263,14.57367],[-14.26624,14.57438],[-14.26707,14.57462],[-14.26883,14.57534],[-14.27214,14.57633],[-14.27392,14.57701],[-14.27656,14.57823],[-14.27763,14.57901],[-14.27844,14.57997],[-14.28008,14.58087],[-14.28085,14.58155],[-14.28228,14.58308],[-14.28362,14.58409],[-14.28458,14.5846],[-14.28522,14.58512],[-14.28615,14.58689],[-14.28657,14.58731],[-14.28782,14.58726],[-14.28826,14.58736],[-14.28962,14.5882],[-14.29183,14.58988],[-14.29237,14.5901],[-14.29374,14.59027],[-14.29532,14.59064],[-14.29692,14.59114],[-14.29851,14.59202],[-14.29957,14.59285],[-14.30052,14.59386],[-14.30102,14.59426],[-14.30197,14.59441],[-14.30351,14.5942],[-14.30435,14.59442],[-14.3057,14.59497],[-14.30682,14.59512],[-14.30762,14.59538],[-14.30848,14.59607],[-14.30861,14.59713],[-14.30813,14.59853],[-14.30799,14.59932],[-14.30813,14.60024],[-14.30821,14.60236],[-14.30855,14.60361],[-14.30951,14.60538],[-14.31084,14.60694],[-14.31107,14.60738],[-14.311,14.60877],[-14.31085,14.6099],[-14.31055,14.61089],[-14.31084,14.61176],[-14.31164,14.61273],[-14.31224,14.61308],[-14.31336,14.61291],[-14.31386,14.61297],[-14.31585,14.61491],[-14.31677,14.61567],[-14.31803,14.61646],[-14.31998,14.61739],[-14.32319,14.61872],[-14.32383,14.61907],[-14.32438,14.61969],[-14.32512,14.62089],[-14.32658,14.62189],[-14.32783,14.623],[-14.32854,14.62441],[-14.32986,14.62539],[-14.33041,14.62636],[-14.33096,14.62679],[-14.33192,14.62669],[-14.33235,14.62695],[-14.33248,14.62771],[-14.33249,14.63015],[-14.33219,14.63138],[-14.33221,14.63199],[-14.33251,14.63228],[-14.33391,14.6331],[-14.33456,14.63416],[-14.33482,14.63512],[-14.33483,14.6364],[-14.33508,14.63726],[-14.33604,14.63928],[-14.33672,14.6404],[-14.33767,14.64132],[-14.33824,14.64214],[-14.33846,14.6429],[-14.33904,14.64591],[-14.33918,14.64703],[-14.33917,14.64968],[-14.33954,14.65083],[-14.34027,14.65156],[-14.34159,14.65194],[-14.34247,14.65266],[-14.34279,14.65309],[-14.34296,14.65386],[-14.34269,14.65461],[-14.34267,14.65531],[-14.34295,14.6559],[-14.34405,14.65623],[-14.34502,14.65609],[-14.34604,14.65609],[-14.34727,14.65624],[-14.34835,14.65651],[-14.34945,14.65639],[-14.35148,14.65553],[-14.35241,14.65534],[-14.35394,14.65541],[-14.35557,14.65611],[-14.35654,14.65616],[-14.35744,14.65597],[-14.35813,14.65528],[-14.35848,14.65448],[-14.35931,14.65324],[-14.35988,14.65294],[-14.36103,14.65258],[-14.36235,14.65174],[-14.36567,14.64919],[-14.36658,14.64862],[-14.36723,14.64837],[-14.36827,14.64829],[-14.36925,14.6484],[-14.37104,14.64874],[-14.37202,14.64886],[-14.37322,14.64874],[-14.37414,14.64829],[-14.37479,14.64779],[-14.37618,14.64599],[-14.37737,14.64523],[-14.37864,14.64476],[-14.38015,14.64434],[-14.38166,14.64402],[-14.38266,14.64347],[-14.38359,14.64316],[-14.38548,14.64274],[-14.38667,14.64235],[-14.38796,14.64167],[-14.38954,14.64052],[-14.39048,14.63945],[-14.39213,14.63833],[-14.39318,14.63749],[-14.39361,14.6373],[-14.39632,14.63679],[-14.39984,14.63704],[-14.4012,14.63729],[-14.40214,14.63766],[-14.40349,14.63748],[-14.40395,14.63753],[-14.40439,14.63823],[-14.40519,14.63857],[-14.4079,14.6387],[-14.40921,14.63931],[-14.40997,14.64007],[-14.41053,14.6404],[-14.41105,14.64037],[-14.41209,14.63988],[-14.41261,14.6393],[-14.41329,14.63821],[-14.41386,14.63702],[-14.4143,14.63638],[-14.41548,14.63514],[-14.41618,14.63414],[-14.42317,14.62739],[-14.45076,14.59931],[-14.46348,14.58682],[-14.46774,14.5826],[-14.47027,14.58018],[-14.47245,14.57792],[-14.47478,14.57609],[-14.47666,14.57539],[-14.47826,14.57369],[-14.47973,14.57101],[-14.48147,14.56862],[-14.48322,14.56735],[-14.48554,14.5675],[-14.48843,14.56638],[-14.48974,14.56609],[-14.49178,14.56511],[-14.49585,14.56286],[-14.49831,14.56258],[-14.50078,14.56174],[-14.50267,14.56146],[-14.50485,14.56034],[-14.50746,14.56006],[-14.5108,14.55809],[-14.51312,14.55752],[-14.51661,14.55612],[-14.5201,14.55513],[-14.52271,14.5543],[-14.52459,14.55388],[-14.52619,14.5536],[-14.52895,14.55148],[-14.53185,14.55135],[-14.53475,14.55008],[-14.53679,14.54882],[-14.53896,14.54882],[-14.54128,14.54727],[-14.54433,14.54656],[-14.5468,14.54586],[-14.55116,14.54376],[-14.55319,14.54319],[-14.55609,14.54221],[-14.55913,14.5425],[-14.56073,14.54151],[-14.56422,14.54124],[-14.56929,14.54068],[-14.57205,14.54026],[-14.57568,14.53984],[-14.57786,14.53872],[-14.58425,14.53732],[-14.58599,14.53689],[-14.58802,14.53732],[-14.59194,14.5362],[-14.59527,14.53593],[-14.59934,14.53466],[-14.60267,14.53381],[-14.60573,14.53382],[-14.60877,14.53326],[-14.61153,14.53227],[-14.61269,14.53228],[-14.61791,14.5313],[-14.61994,14.53045],[-14.62169,14.52989],[-14.62531,14.53018],[-14.62647,14.52948],[-14.62865,14.5292],[-14.62917,14.52821],[-14.63287,14.46176],[-14.6342,14.45248],[-14.63645,14.40812],[-14.64001,14.35458],[-14.64136,14.32774],[-14.64255,14.31262],[-14.64213,14.30146],[-14.64038,14.2991],[-14.63678,14.29622],[-14.63316,14.29268],[-14.63027,14.28971],[-14.62709,14.28759],[-14.62434,14.28462],[-14.62043,14.2815],[-14.61624,14.27726],[-14.61248,14.27414],[-14.60814,14.2699],[-14.6064,14.26792],[-14.60438,14.26593],[-14.60177,14.26325],[-14.60004,14.26226],[-14.59873,14.26041],[-14.59762,14.25925],[-14.59763,14.25814],[-14.59691,14.25524],[-14.5968,14.25142],[-14.59647,14.24843],[-14.59608,14.24575],[-14.59608,14.24317],[-14.5956,14.24027],[-14.59532,14.23815],[-14.59498,14.23488],[-14.59473,14.23106],[-14.59482,14.22821],[-14.59453,14.22548],[-14.59387,14.22438],[-14.59353,14.22134],[-14.59329,14.21734],[-14.593,14.21566],[-14.59286,14.21327],[-14.59242,14.20919],[-14.59215,14.20563],[-14.59187,14.20267],[-14.59165,14.20121],[-14.5916,14.19896],[-14.59158,14.19586],[-14.59134,14.19444],[-14.59092,14.19282],[-14.59087,14.19079],[-14.59039,14.18591],[-14.59009,14.18342],[-14.58971,14.17845],[-14.58916,14.17511],[-14.58908,14.17215],[-14.5886,14.16924],[-14.58826,14.1663],[-14.5883,14.16385],[-14.58807,14.16205],[-14.58803,14.16112],[-14.58749,14.15515],[-14.58696,14.1527],[-14.58661,14.14939],[-14.58609,14.14405],[-14.58604,14.14161],[-14.58618,14.13963],[-14.58603,14.13783],[-14.58627,14.13673],[-14.58739,14.13258],[-14.58767,14.13072],[-14.58891,14.12395],[-14.58907,14.12329],[-14.59064,14.11156],[-14.59067,14.11096],[-14.59141,14.10785],[-14.59264,14.10498],[-14.59412,14.10187],[-14.59535,14.09948],[-14.59609,14.09518],[-14.59634,14.09135],[-14.59586,14.08537],[-14.59387,14.07142],[-14.59326,14.06813],[-14.59266,14.06394],[-14.59175,14.06006],[-14.59129,14.05527],[-14.58872,14.03747],[-14.58751,14.02797],[-14.58648,14.01838],[-14.58515,14.00922],[-14.58424,14.00426],[-14.58362,14.00145],[-14.58199,13.99557],[-14.58633,13.98265],[-14.59935,13.94571],[-14.59981,13.94456],[-14.60089,13.94231],[-14.60229,13.93973],[-14.60293,13.93879],[-14.60365,13.93802],[-14.60483,13.93711],[-14.60758,13.93567],[-14.61148,13.93332],[-14.61508,13.93119],[-14.66495,13.89857],[-14.66807,13.89762],[-14.67006,13.89689],[-14.67187,13.89591],[-14.67341,13.89481],[-14.67587,13.89282],[-14.67932,13.89031],[-14.68152,13.88893],[-14.68322,13.8881],[-14.68569,13.88711],[-14.68742,13.88636],[-14.68922,13.88572],[-14.6903,13.88521],[-14.69164,13.88411],[-14.69228,13.88323],[-14.69264,13.88249],[-14.69394,13.87926],[-14.69476,13.87706],[-14.69519,13.87565],[-14.70412,13.85437],[-14.71967,13.81731],[-14.72186,13.81686],[-14.72596,13.81615],[-14.72829,13.81582],[-14.73538,13.81489],[-14.74493,13.81361],[-14.74935,13.81307],[-14.75437,13.81249],[-14.80155,13.81038],[-14.80579,13.80751],[-14.80735,13.80568],[-14.81789,13.79037],[-14.83444,13.76852],[-14.83193,13.76672],[-14.8265,13.76263],[-14.82505,13.76151],[-14.8226,13.7595],[-14.82078,13.75786],[-14.8187,13.75576],[-14.81711,13.75398],[-14.81565,13.7522],[-14.81295,13.7485],[-14.81199,13.74725],[-14.80218,13.7352],[-14.7947,13.71976],[-14.79323,13.71572],[-14.78769,13.69474],[-14.78624,13.68063],[-14.7821,13.65424],[-14.78031,13.65288],[-14.75805,13.64169],[-14.7292,13.62516],[-14.71469,13.61709],[-14.71045,13.61485],[-14.70172,13.61524],[-14.69967,13.61692],[-14.69242,13.62262],[-14.68907,13.62508],[-14.68635,13.62689],[-14.68475,13.62789],[-14.68071,13.6303],[-14.67533,13.63366],[-14.67054,13.63676],[-14.66748,13.6387],[-14.66469,13.64038],[-14.66213,13.64184],[-14.6583,13.64389],[-14.65484,13.64566],[-14.65173,13.64719],[-14.64841,13.64872],[-14.64567,13.64989],[-14.64146,13.65147],[-14.63731,13.65289],[-14.63476,13.65373],[-14.63279,13.65432],[-14.63023,13.65496],[-14.6264,13.6557],[-14.62428,13.65598],[-14.62141,13.65624],[-14.61702,13.6568],[-14.61407,13.65722],[-14.59726,13.65631],[-14.58055,13.65517],[-14.57475,13.65397],[-14.55241,13.65042],[-14.54827,13.6488],[-14.54493,13.64741],[-14.54246,13.64634],[-14.53922,13.64486],[-14.53484,13.6428],[-14.53104,13.64095],[-14.52849,13.63963],[-14.52621,13.63839],[-14.52251,13.63627],[-14.51804,13.63355],[-14.51514,13.63162],[-14.51141,13.62896],[-14.50717,13.62581],[-14.5043,13.62356],[-14.50182,13.62147],[-14.49928,13.61913],[-14.49617,13.61602],[-14.49357,13.61325],[-14.49195,13.61141],[-14.48981,13.60875],[-14.48812,13.60645],[-14.48502,13.60194],[-14.48259,13.5981],[-14.48163,13.59649],[-14.48033,13.59414],[-14.47933,13.5922],[-14.47764,13.58857],[-14.4758,13.58411],[-14.47483,13.58162],[-14.47356,13.57815],[-14.47277,13.57586],[-14.47155,13.57197],[-14.47066,13.56857],[-14.47026,13.56684],[-14.46956,13.56318],[-14.469,13.55964],[-14.46864,13.55697],[-14.46833,13.5542],[-14.46814,13.55185],[-14.46735,13.5399],[-14.46549,13.53894],[-14.46256,13.53731],[-14.45899,13.5352],[-14.45704,13.53399],[-14.45381,13.53187],[-14.45019,13.52927],[-14.44285,13.52367],[-14.43975,13.52118],[-14.43792,13.51949],[-14.4363,13.5178],[-14.43469,13.51593],[-14.43379,13.51481],[-14.4323,13.51274],[-14.43031,13.50971],[-14.42862,13.51092],[-14.42606,13.51947],[-14.41437,13.5586],[-14.38034,13.67246],[-14.37307,13.69675],[-14.36943,13.694],[-14.35953,13.6878],[-14.35191,13.68499],[-14.34076,13.68115],[-14.33372,13.67934],[-14.33042,13.6789],[-14.3269,13.67911],[-14.32308,13.68017],[-14.30162,13.68715],[-14.29729,13.6885],[-14.29589,13.68928],[-14.29405,13.69057],[-14.28757,13.69773],[-14.27932,13.70689],[-14.27041,13.71648],[-14.26003,13.728],[-14.2425,13.74638],[-14.21659,13.77177],[-14.19535,13.79228],[-14.19055,13.80016],[-14.18354,13.81138],[-14.17087,13.83258],[-14.16968,13.83456],[-14.16781,13.83712],[-14.17728,13.85844],[-14.17923,13.86203],[-14.17382,13.86871],[-14.17075,13.87169],[-14.17013,13.87325],[-14.17013,13.8742],[-14.16902,13.87516],[-14.16779,13.87623],[-14.16693,13.8773],[-14.16582,13.87909],[-14.16533,13.88041],[-14.18024,13.88727],[-14.18367,13.88872],[-14.17972,13.89768],[-14.17218,13.91739],[-14.14811,13.93692],[-14.1002,13.97478],[-14.0668,14.00088],[-14.0325,14.02766],[-14.00146,14.0516],[-13.997,14.05607],[-13.9907,14.06008],[-13.98809,14.06261],[-13.98517,14.06394],[-13.98163,14.06766],[-13.97826,14.06885],[-13.97657,14.06959],[-13.97227,14.07331],[-13.97011,14.07554],[-13.96827,14.07688],[-13.96581,14.07836],[-13.96396,14.0806],[-13.96212,14.08298],[-13.95935,14.08536],[-13.95765,14.0873],[-13.95704,14.08774],[-13.95855,14.09193],[-13.96068,14.09628],[-13.96234,14.10092],[-13.96401,14.10511],[-13.96628,14.11051],[-13.9684,14.1153],[-13.96992,14.11949],[-13.97113,14.12249],[-13.97341,14.12534],[-13.97432,14.12699],[-13.97462,14.12983],[-13.97568,14.13207],[-13.97644,14.13342],[-13.97766,14.13418],[-13.97796,14.13597],[-13.97811,14.13732],[-13.97687,14.14],[-13.97594,14.14179],[-13.97455,14.14418],[-13.97363,14.14597],[-13.97469,14.14732],[-13.97437,14.15001],[-13.97375,14.15195],[-13.97267,14.15374],[-13.97236,14.15538],[-13.9722,14.15673],[-13.97188,14.15852],[-13.97127,14.15986],[-13.96972,14.1621],[-13.96926,14.16389],[-13.96925,14.16598],[-13.96939,14.16823],[-13.96984,14.16972],[-13.96937,14.17152],[-13.96875,14.17346],[-13.96752,14.17539],[-13.96643,14.17808],[-13.96566,14.17987],[-13.96642,14.18107],[-13.96841,14.18257],[-13.96794,14.18466],[-13.96655,14.18615],[-13.96532,14.18705],[-13.96302,14.18778],[-13.9601,14.18837],[-13.9578,14.18911],[-13.95535,14.19014],[-13.9535,14.19133],[-13.95119,14.19356],[-13.94904,14.19475],[-13.94735,14.19609],[-13.94597,14.19683],[-13.94321,14.19741],[-13.93998,14.1986],[-13.93783,14.19963],[-13.93645,14.20037],[-13.93491,14.20171],[-13.93353,14.20335],[-13.93138,14.20409],[-13.93015,14.20528],[-13.92953,14.20677],[-13.92937,14.20812],[-13.92737,14.20871],[-13.92675,14.2102],[-13.92644,14.21214],[-13.92535,14.21423],[-13.9235,14.21646],[-13.9235,14.21766],[-13.92349,14.219],[-13.92164,14.22154],[-13.91934,14.22242],[-13.91749,14.22331],[-13.91642,14.22405],[-13.91427,14.22509],[-13.91273,14.22598],[-13.91251,14.22633],[-13.91302,14.2269],[-13.91353,14.22741],[-13.91433,14.22884],[-13.91308,14.22999],[-13.9113,14.23235],[-13.91129,14.23407],[-13.91077,14.23493],[-13.90967,14.23571],[-13.90951,14.23722],[-13.90885,14.23815],[-13.90706,14.24151],[-13.90639,14.24345],[-13.90565,14.24474],[-13.90447,14.24581],[-13.90351,14.24731],[-13.9018,14.25075],[-13.90128,14.25211],[-13.90104,14.25462],[-13.90031,14.25483],[-13.89978,14.25597],[-13.89934,14.25726],[-13.89888,14.25963],[-13.89917,14.26114],[-13.89916,14.26293],[-13.89856,14.26616],[-13.89833,14.26774],[-13.89788,14.26982],[-13.89758,14.27158],[-13.89831,14.27331],[-13.89742,14.27488],[-13.89623,14.27631],[-13.89491,14.27717],[-13.89416,14.27874],[-13.89312,14.28046],[-13.89121,14.28088],[-13.88841,14.28202],[-13.88752,14.28273],[-13.88575,14.28444],[-13.88325,14.28415],[-13.88192,14.284],[-13.8803,14.28485],[-13.87868,14.28499],[-13.87706,14.28498],[-13.87618,14.28483],[-13.8747,14.2854],[-13.87293,14.28654],[-13.87205,14.28739],[-13.87071,14.28897],[-13.86938,14.29011],[-13.86746,14.29254],[-13.8673,14.29469],[-13.86626,14.29655],[-13.86478,14.29812],[-13.86389,14.29955],[-13.86285,14.30185],[-13.86181,14.30399],[-13.85899,14.30757],[-13.85884,14.30915],[-13.85854,14.31087],[-13.85691,14.31272],[-13.85704,14.31545],[-13.85806,14.31761],[-13.85775,14.31976],[-13.85671,14.32191],[-13.85611,14.32406],[-13.8564,14.32636],[-13.85697,14.32908],[-13.85652,14.33109],[-13.85592,14.33224],[-13.85562,14.33381],[-13.85576,14.33525],[-13.85472,14.33682],[-13.85295,14.33739],[-13.8503,14.33924],[-13.84838,14.34038],[-13.84587,14.34109],[-13.84262,14.34265],[-13.84086,14.3425],[-13.83792,14.34205],[-13.83495,14.3462],[-13.83303,14.34863],[-13.83198,14.35121],[-13.83065,14.35249],[-13.82769,14.35607],[-13.82621,14.35778],[-13.82502,14.35964],[-13.82457,14.36093],[-13.8219,14.36436],[-13.82072,14.3655],[-13.82042,14.36708],[-13.82085,14.36923],[-13.81847,14.37281],[-13.81478,14.3748],[-13.81286,14.37637],[-13.81153,14.37794],[-13.81048,14.38066],[-13.80959,14.38224],[-13.80958,14.38339],[-13.80854,14.38496],[-13.80751,14.38596],[-13.80544,14.38667],[-13.80338,14.38752],[-13.80234,14.38866],[-13.80027,14.38994],[-13.79865,14.39151],[-13.7979,14.39352],[-13.79326,14.39943],[-13.79079,14.40324],[-13.78856,14.40706],[-13.7802,14.41289]]]},"properties":{"slug":"koumpentoum","name":"Koumpentoum","department":"Koumpentoum","code":"SN1203","parent":"region-tambacounda"}},{"type":"Feature","geometry":{"type":"Polygon","coordinates":[[[-14.83444,13.76852],[-14.81789,13.79037],[-14.80735,13.80568],[-14.80579,13.80751],[-14.80155,13.81038],[-14.75437,13.81249],[-14.74935,13.81307],[-14.74493,13.81361],[-14.73538,13.81489],[-14.72829,13.81582],[-14.72596,13.81615],[-14.72186,13.81686],[-14.71967,13.81731],[-14.70412,13.85437],[-14.69519,13.87565],[-14.69476,13.87706],[-14.69394,13.87926],[-14.69264,13.88249],[-14.69228,13.88323],[-14.69164,13.88411],[-14.6903,13.88521],[-14.68922,13.88572],[-14.68742,13.88636],[-14.68569,13.88711],[-14.68322,13.8881],[-14.68152,13.88893],[-14.67932,13.89031],[-14.67587,13.89282],[-14.67341,13.89481],[-14.67187,13.89591],[-14.67006,13.89689],[-14.66807,13.89762],[-14.66495,13.89857],[-14.61508,13.93119],[-14.61148,13.93332],[-14.60758,13.93567],[-14.60483,13.93711],[-14.60365,13.93802],[-14.60293,13.93879],[-14.60229,13.93973],[-14.60089,13.94231],[-14.59981,13.94456],[-14.59935,13.94571],[-14.58633,13.98265],[-14.58199,13.99557],[-14.58362,14.00145],[-14.58424,14.00426],[-14.58515,14.00922],[-14.58648,14.01838],[-14.58751,14.02797],[-14.58872,14.03747],[-14.59129,14.05527],[-14.59175,14.06006],[-14.59266,14.06394],[-14.59326,14.06813],[-14.59387,14.07142],[-14.59586,14.08537],[-14.59634,14.09135],[-14.59609,14.09518],[-14.59535,14.09948],[-14.59412,14.10187],[-14.59264,14.10498],[-14.59141,14.10785],[-14.59067,14.11096],[-14.59064,14.11156],[-14.58907,14.12329],[-14.58891,14.12395],[-14.58767,14.13072],[-14.58739,14.13258],[-14.58627,14.13673],[-14.58603,14.13783],[-14.58618,14.13963],[-14.58604,14.14161],[-14.58609,14.14405],[-14.58661,14.14939],[-14.58696,14.1527],[-14.58749,14.15515],[-14.58803,14.16112],[-14.58807,14.16205],[-14.5883,14.16385],[-14.58826,14.1663],[-14.5886,14.16924],[-14.58908,14.17215],[-14.58916,14.17511],[-14.58971,14.17845],[-14.59009,14.18342],[-14.59039,14.18591],[-14.59087,14.19079],[-14.59092,14.19282],[-14.59134,14.19444],[-14.59158,14.19586],[-14.5916,14.19896],[-14.59165,14.20121],[-14.59187,14.20267],[-14.59215,14.20563],[-14.59242,14.20919],[-14.59286,14.21327],[-14.593,14.21566],[-14.59329,14.21734],[-14.59353,14.22134],[-14.59387,14.22438],[-14.59453,14.22548],[-14.59482,14.22821],[-14.59473,14.23106],[-14.59498,14.23488],[-14.59532,14.23815],[-14.5956,14.24027],[-14.59608,14.24317],[-14.59608,14.24575],[-14.59647,14.24843],[-14.5968,14.25142],[-14.59691,14.25524],[-14.59763,14.25814],[-14.59762,14.25925],[-14.59873,14.26041],[-14.60004,14.26226],[-14.60177,14.26325],[-14.60438,14.26593],[-14.6064,14.26792],[-14.60814,14.2699],[-14.61248,14.27414],[-14.61624,14.27726],[-14.62043,14.2815],[-14.62434,14.28462],[-14.62709,14.28759],[-14.63027,14.28971],[-14.63316,14.29268],[-14.63678,14.29622],[-14.64038,14.2991],[-14.64213,14.30146],[-14.64255,14.31262],[-14.64136,14.32774],[-14.64001,14.35458],[-14.63645,14.40812],[-14.6342,14.45248],[-14.63287,14.46176],[-14.62917,14.52821],[-14.62704,14.5672],[-14.65386,14.57515],[-14.68185,14.5831],[-14.7097,14.59119],[-14.73754,14.59942],[-14.76569,14.60778],[-14.79267,14.61572],[-14.82124,14.62437],[-14.84976,14.63174],[-14.86969,14.6559],[-14.89,14.67937],[-14.91089,14.70382],[-14.93833,14.68702],[-14.96505,14.67007],[-14.9919,14.65382],[-15.00013,14.64735],[-15.01754,14.63647],[-15.02404,14.61274],[-15.02438,14.6114],[-15.02472,14.61063],[-15.0288,14.59465],[-15.03251,14.5804],[-15.03785,14.56074],[-15.04318,14.54198],[-15.04944,14.51801],[-15.05385,14.50309],[-15.05686,14.49065],[-15.05825,14.485],[-15.06591,14.45788],[-15.06591,14.45313],[-15.06427,14.41808],[-15.06357,14.40723],[-15.06334,14.40316],[-15.0624,14.37333],[-15.06077,14.34756],[-15.06077,14.3297],[-15.05937,14.30573],[-15.05844,14.2933],[-15.05797,14.28042],[-15.05589,14.2551],[-15.05566,14.2499],[-15.05682,14.24357],[-15.05936,14.23429],[-15.06214,14.22841],[-15.067,14.21892],[-15.07094,14.21236],[-15.07998,14.19948],[-15.08462,14.19292],[-15.09457,14.18206],[-15.09805,14.17754],[-15.10129,14.17076],[-15.10221,14.16895],[-15.10986,14.15448],[-15.11241,14.14838],[-15.11356,14.13345],[-15.11494,14.11966],[-15.11609,14.11062],[-15.11931,14.05183],[-15.12648,14.04143],[-15.12926,14.03216],[-15.13458,14.02334],[-15.13527,14.01882],[-15.13689,14.00661],[-15.13432,14.00132],[-15.13238,14.00002],[-15.13137,13.99885],[-15.12987,13.99687],[-15.12851,13.99473],[-15.12731,13.99297],[-15.1269,13.99208],[-15.12666,13.99102],[-15.12663,13.98919],[-15.12693,13.98755],[-15.1274,13.9861],[-15.12903,13.982],[-15.13008,13.97981],[-15.13185,13.97646],[-15.13337,13.97339],[-15.13481,13.97021],[-15.13614,13.96758],[-15.13806,13.9644],[-15.1394,13.96201],[-15.14109,13.95835],[-15.14179,13.95645],[-15.14245,13.95393],[-15.14282,13.952],[-15.14301,13.95004],[-15.14305,13.94866],[-15.14288,13.9454],[-15.14253,13.94168],[-15.14169,13.93566],[-15.14136,13.93403],[-15.14092,13.93238],[-15.13837,13.92497],[-15.13633,13.91944],[-15.13462,13.91444],[-15.1339,13.91248],[-15.13254,13.90927],[-15.13138,13.90681],[-15.13,13.9042],[-15.12595,13.89698],[-15.12284,13.8916],[-15.12121,13.88865],[-15.12026,13.88684],[-15.11863,13.88359],[-15.11624,13.87863],[-15.11476,13.87572],[-15.11333,13.87307],[-15.11067,13.86844],[-15.10959,13.86638],[-15.10802,13.86301],[-15.10682,13.86017],[-15.10587,13.85759],[-15.10458,13.85365],[-15.10425,13.85231],[-15.104,13.8503],[-15.10397,13.84663],[-15.10201,13.84345],[-15.10191,13.83909],[-15.10196,13.83525],[-15.10222,13.83097],[-15.10251,13.82771],[-15.10278,13.8251],[-15.10312,13.82267],[-15.10355,13.81992],[-15.10413,13.81101],[-15.1011,13.81202],[-15.09395,13.81433],[-15.08747,13.81654],[-15.08111,13.81879],[-15.07834,13.81981],[-15.07172,13.82233],[-15.06925,13.82343],[-15.0677,13.824],[-15.0651,13.82472],[-15.06215,13.82541],[-15.06108,13.82552],[-15.05992,13.82547],[-15.05829,13.82507],[-15.05678,13.82448],[-15.00004,13.80385],[-14.99455,13.8026],[-14.97084,13.79515],[-14.95182,13.80008],[-14.94932,13.80077],[-14.94792,13.80099],[-14.94581,13.8011],[-14.94343,13.80104],[-14.93631,13.80104],[-14.92954,13.80088],[-14.92366,13.80024],[-14.92144,13.80004],[-14.91658,13.79949],[-14.91446,13.79919],[-14.91137,13.79866],[-14.90755,13.79792],[-14.90447,13.79726],[-14.90147,13.79653],[-14.89772,13.79557],[-14.89203,13.79406],[-14.88748,13.79275],[-14.88315,13.7914],[-14.87934,13.79011],[-14.87536,13.78867],[-14.87294,13.78776],[-14.86689,13.78538],[-14.86086,13.78294],[-14.85719,13.78134],[-14.85447,13.78008],[-14.85124,13.77848],[-14.84831,13.77693],[-14.8457,13.77547],[-14.84162,13.77312],[-14.83963,13.77192],[-14.83721,13.77039],[-14.83444,13.76852]]]},"properties":{"slug":"koungheul","name":"Koungheul","department":"Koungheul","code":"SN0403","parent":"region-kaffrine"}},{"type":"Feature","geometry":{"type":"Polygon","coordinates":[[[-12.24565,13.45815],[-12.25348,13.46323],[-12.26307,13.47034],[-12.28487,13.48612],[-12.31468,13.50675],[-12.33428,13.52393],[-12.33417,13.57699],[-12.33449,13.59205],[-12.33437,13.61128],[-12.33417,13.64248],[-12.33418,13.68503],[-12.33426,13.7216],[-12.33414,13.77489],[-12.33361,13.80046],[-12.33411,13.90624],[-12.33383,13.93134],[-12.3344,13.97135],[-12.33403,13.98314],[-12.33409,13.98727],[-12.33403,13.98913],[-12.33382,13.99191],[-12.33361,13.99404],[-12.33335,13.99553],[-12.33289,13.99652],[-12.33179,13.99831],[-12.33078,14.00057],[-12.33084,14.00187],[-12.33068,14.0032],[-12.33094,14.00571],[-12.33092,14.00683],[-12.33034,14.00768],[-12.32918,14.00843],[-12.3285,14.00915],[-12.32873,14.00995],[-12.32976,14.01049],[-12.32976,14.01147],[-12.32905,14.01266],[-12.32856,14.01283],[-12.32745,14.01286],[-12.32677,14.01323],[-12.32636,14.01385],[-12.32584,14.01507],[-12.32496,14.01656],[-12.3249,14.01705],[-12.32576,14.01789],[-12.3261,14.01841],[-12.32491,14.01909],[-12.32443,14.01953],[-12.32382,14.02092],[-12.3228,14.02166],[-12.32231,14.02242],[-12.3214,14.0246],[-12.3212,14.0255],[-12.32118,14.027],[-12.32204,14.03081],[-12.32272,14.03191],[-12.32307,14.03206],[-12.32403,14.03196],[-12.32458,14.03236],[-12.32496,14.03339],[-12.32549,14.03353],[-12.32602,14.03323],[-12.32766,14.03342],[-12.32774,14.03496],[-12.32749,14.03558],[-12.32764,14.03618],[-12.32845,14.03653],[-12.32889,14.03712],[-12.32858,14.03768],[-12.329,14.03829],[-12.32938,14.03821],[-12.32978,14.03753],[-12.33028,14.03822],[-12.33099,14.03873],[-12.33117,14.0391],[-12.33056,14.03992],[-12.33057,14.04101],[-12.33088,14.04151],[-12.3315,14.04193],[-12.33226,14.04215],[-12.33328,14.04215],[-12.33365,14.04266],[-12.33327,14.04342],[-12.3336,14.04404],[-12.33435,14.04455],[-12.3352,14.04493],[-12.33549,14.04562],[-12.33525,14.04619],[-12.33535,14.04729],[-12.33584,14.04791],[-12.337,14.04818],[-12.33738,14.04878],[-12.33725,14.04942],[-12.33661,14.04976],[-12.3365,14.05055],[-12.3368,14.05127],[-12.33705,14.05296],[-12.33802,14.05429],[-12.33811,14.05487],[-12.33772,14.05537],[-12.33791,14.05581],[-12.33927,14.05624],[-12.33952,14.05664],[-12.3395,14.05778],[-12.34,14.05842],[-12.34066,14.05819],[-12.34101,14.05845],[-12.3405,14.05906],[-12.34061,14.05972],[-12.34111,14.05997],[-12.34203,14.05989],[-12.34273,14.06029],[-12.34309,14.06154],[-12.34271,14.06214],[-12.34188,14.06219],[-12.34105,14.06298],[-12.34113,14.06353],[-12.34157,14.06369],[-12.34192,14.06321],[-12.34235,14.06308],[-12.34275,14.06346],[-12.34244,14.06404],[-12.34157,14.0647],[-12.34054,14.06515],[-12.34002,14.06595],[-12.34011,14.06691],[-12.3409,14.06752],[-12.34097,14.06785],[-12.34073,14.06889],[-12.34042,14.06927],[-12.33957,14.06928],[-12.33874,14.06905],[-12.33702,14.06941],[-12.33651,14.06984],[-12.33612,14.0717],[-12.33634,14.0723],[-12.33678,14.07256],[-12.3374,14.07243],[-12.33725,14.07129],[-12.33754,14.07116],[-12.33877,14.07167],[-12.33932,14.07234],[-12.33939,14.07296],[-12.33927,14.0741],[-12.33958,14.07596],[-12.33991,14.07637],[-12.34103,14.07692],[-12.34194,14.07718],[-12.34287,14.07786],[-12.34321,14.0788],[-12.34306,14.0792],[-12.34246,14.07968],[-12.34163,14.08012],[-12.34139,14.08044],[-12.34047,14.0809],[-12.34039,14.0822],[-12.33983,14.08305],[-12.33821,14.08373],[-12.3377,14.08465],[-12.33791,14.08501],[-12.33856,14.08535],[-12.33883,14.08586],[-12.33872,14.08661],[-12.33888,14.08716],[-12.3394,14.08784],[-12.34039,14.08778],[-12.34081,14.08815],[-12.34083,14.08854],[-12.34051,14.08936],[-12.34137,14.09131],[-12.34149,14.09207],[-12.34131,14.09273],[-12.33985,14.09436],[-12.33935,14.09546],[-12.33873,14.09561],[-12.33817,14.09625],[-12.33822,14.09695],[-12.33856,14.09735],[-12.3393,14.09779],[-12.34002,14.09798],[-12.34082,14.09908],[-12.33982,14.10078],[-12.339,14.10154],[-12.33789,14.102],[-12.33749,14.10248],[-12.33766,14.10295],[-12.33848,14.10333],[-12.33893,14.10399],[-12.34029,14.10488],[-12.34062,14.10526],[-12.34101,14.10689],[-12.34095,14.10778],[-12.3404,14.10883],[-12.33991,14.10939],[-12.33969,14.10996],[-12.33984,14.1104],[-12.34026,14.11065],[-12.34078,14.11051],[-12.34133,14.1109],[-12.34151,14.11137],[-12.34133,14.11203],[-12.34085,14.11259],[-12.33983,14.11307],[-12.3396,14.11358],[-12.33973,14.11424],[-12.34083,14.11571],[-12.34137,14.11597],[-12.34176,14.11651],[-12.34128,14.11743],[-12.3413,14.11783],[-12.34172,14.11847],[-12.34262,14.11898],[-12.3436,14.12023],[-12.34458,14.12085],[-12.34493,14.1216],[-12.34492,14.12233],[-12.34448,14.1231],[-12.34372,14.12365],[-12.34255,14.12382],[-12.34165,14.12472],[-12.34095,14.12525],[-12.34175,14.12616],[-12.34168,14.1268],[-12.34133,14.12721],[-12.34067,14.1285],[-12.33969,14.1296],[-12.33817,14.13015],[-12.33762,14.13061],[-12.33693,14.13159],[-12.33696,14.13227],[-12.33727,14.13282],[-12.33769,14.13306],[-12.33829,14.133],[-12.3385,14.13328],[-12.3382,14.13456],[-12.3384,14.13482],[-12.33912,14.13494],[-12.33995,14.13484],[-12.34074,14.13545],[-12.34104,14.13648],[-12.34067,14.13708],[-12.3396,14.1375],[-12.33798,14.13763],[-12.33668,14.13846],[-12.33608,14.13872],[-12.33468,14.13902],[-12.33422,14.1394],[-12.33404,14.1401],[-12.33523,14.14203],[-12.3354,14.14285],[-12.3353,14.14324],[-12.3347,14.14411],[-12.33401,14.14478],[-12.33374,14.14551],[-12.33389,14.14695],[-12.33455,14.14819],[-12.33456,14.14878],[-12.33422,14.14989],[-12.33458,14.1505],[-12.33599,14.15088],[-12.33669,14.15131],[-12.33741,14.15236],[-12.33764,14.153],[-12.33755,14.15354],[-12.33772,14.15406],[-12.33827,14.15476],[-12.33925,14.15555],[-12.3386,14.15642],[-12.33859,14.1568],[-12.33938,14.15763],[-12.33935,14.15822],[-12.33897,14.15896],[-12.33832,14.1597],[-12.33784,14.15988],[-12.33656,14.15966],[-12.33633,14.15901],[-12.33648,14.1583],[-12.33604,14.15776],[-12.33532,14.1579],[-12.33436,14.15901],[-12.33364,14.15935],[-12.33265,14.15919],[-12.33214,14.1596],[-12.33209,14.16062],[-12.33239,14.16205],[-12.33264,14.16252],[-12.33313,14.16286],[-12.33421,14.16289],[-12.33541,14.1626],[-12.33589,14.16279],[-12.33608,14.16341],[-12.33592,14.16473],[-12.33654,14.16598],[-12.33656,14.16647],[-12.33577,14.16746],[-12.33432,14.16829],[-12.33386,14.16873],[-12.33357,14.16959],[-12.33368,14.17006],[-12.3343,14.17049],[-12.33563,14.17082],[-12.33766,14.1718],[-12.33801,14.17212],[-12.33786,14.1727],[-12.33718,14.17345],[-12.33653,14.17486],[-12.33639,14.17569],[-12.47607,14.17824],[-12.47784,14.17861],[-12.47871,14.17826],[-12.47914,14.1777],[-12.47984,14.17726],[-12.48153,14.17675],[-12.48238,14.17679],[-12.48351,14.17701],[-12.48441,14.17686],[-12.48514,14.1771],[-12.48564,14.17796],[-12.48553,14.17878],[-12.48617,14.17952],[-12.48708,14.17957],[-12.48803,14.17902],[-12.48964,14.17899],[-12.49006,14.17919],[-12.49057,14.17975],[-12.49112,14.18001],[-12.49178,14.18007],[-12.49243,14.17973],[-12.4937,14.17933],[-12.49414,14.17938],[-12.49486,14.17983],[-12.49548,14.17999],[-12.49713,14.18016],[-12.49797,14.18043],[-12.49821,14.19254],[-12.50376,14.21519],[-12.50342,14.24624],[-12.49743,14.26312],[-12.48869,14.26867],[-12.48863,14.27432],[-12.50304,14.28012],[-12.50145,14.3046],[-12.49955,14.33373],[-12.50675,14.64655],[-12.5072,14.67172],[-12.64333,14.70681],[-12.6519,14.70901],[-12.65284,14.70931],[-12.65529,14.70455],[-12.66916,14.68542],[-12.69875,14.64448],[-12.72085,14.61422],[-12.73749,14.60721],[-12.77832,14.59042],[-12.79697,14.58237],[-12.80327,14.58124],[-12.81986,14.5787],[-12.84045,14.57591],[-12.86656,14.57241],[-12.88854,14.56902],[-12.90467,14.56678],[-12.93355,14.5624],[-12.94722,14.56073],[-12.95228,14.56107],[-12.95611,14.56171],[-12.97172,14.56647],[-12.98675,14.57028],[-12.99802,14.57301],[-13.00953,14.57609],[-13.02888,14.58056],[-13.04236,14.58319],[-13.05242,14.58446],[-13.06762,14.5871],[-13.06896,14.58771],[-13.07006,14.58868],[-13.07152,14.58976],[-13.07347,14.59205],[-13.07419,14.59325],[-13.07541,14.59398],[-13.07835,14.59472],[-13.07921,14.59509],[-13.083,14.59631],[-13.08546,14.59669],[-13.0868,14.59766],[-13.08765,14.59803],[-13.08901,14.59768],[-13.09209,14.59627],[-13.09394,14.59509],[-13.09775,14.59428],[-13.10217,14.5948],[-13.10401,14.59481],[-13.10634,14.59519],[-13.10867,14.59521],[-13.11015,14.5951],[-13.11248,14.59548],[-13.1153,14.59538],[-13.1223,14.59556],[-13.14155,14.59822],[-13.19403,14.60569],[-13.21536,14.61016],[-13.22198,14.612],[-13.22516,14.61334],[-13.2281,14.61372],[-13.23203,14.61327],[-13.2329,14.61268],[-13.23462,14.61198],[-13.23572,14.61246],[-13.23671,14.61259],[-13.23781,14.61236],[-13.2404,14.61118],[-13.242,14.61024],[-13.24372,14.61025],[-13.24482,14.61074],[-13.24747,14.61069],[-13.2561,14.60549],[-13.28178,14.58604],[-13.31143,14.56357],[-13.39808,14.4989],[-13.4943,14.42539],[-13.51015,14.4143],[-13.51009,14.41413],[-13.51887,14.40731],[-13.52044,14.40733],[-13.52097,14.4041],[-13.52154,14.40301],[-13.52325,14.40142],[-13.5235,14.40087],[-13.52365,14.39995],[-13.52366,14.39881],[-13.52352,14.39736],[-13.52382,14.3958],[-13.5249,14.39283],[-13.5263,14.38912],[-13.52732,14.38673],[-13.52758,14.38572],[-13.52772,14.38468],[-13.52772,14.38348],[-13.5268,14.37933],[-13.52637,14.37787],[-13.52467,14.37478],[-13.52435,14.37363],[-13.52411,14.37114],[-13.52376,14.36911],[-13.52322,14.36714],[-13.52247,14.36526],[-13.52231,14.36416],[-13.52228,14.36231],[-13.5226,14.35854],[-13.52257,14.35612],[-13.52274,14.35402],[-13.52316,14.35205],[-13.52382,14.34959],[-13.52435,14.3479],[-13.52486,14.34677],[-13.52508,14.34598],[-13.52513,14.34476],[-13.52502,14.34349],[-13.52422,14.33836],[-13.52364,14.33574],[-13.52309,14.33419],[-13.52233,14.3326],[-13.52034,14.3296],[-13.51998,14.32893],[-13.51889,14.32654],[-13.51832,14.32514],[-13.51775,14.32329],[-13.51717,14.32189],[-13.51691,14.3209],[-13.51678,14.31856],[-13.5163,14.31632],[-13.5161,14.31417],[-13.51622,14.31314],[-13.51654,14.31191],[-13.51684,14.30995],[-13.51725,14.30858],[-13.5179,14.30702],[-13.51819,14.30607],[-13.5183,14.30439],[-13.51848,14.30343],[-13.51923,14.30176],[-13.52019,14.2994],[-13.5211,14.29794],[-13.5216,14.29693],[-13.52229,14.29411],[-13.52303,14.29223],[-13.52335,14.29092],[-13.52331,14.28979],[-13.52343,14.28905],[-13.52439,14.28723],[-13.52522,14.28624],[-13.52561,14.28558],[-13.5257,14.28425],[-13.52614,14.28305],[-13.52697,14.28138],[-13.52753,14.28051],[-13.52842,14.27974],[-13.52857,14.27915],[-13.52841,14.27828],[-13.52874,14.27778],[-13.5299,14.27713],[-13.53136,14.27611],[-13.53193,14.2756],[-13.53248,14.27468],[-13.53332,14.27239],[-13.53385,14.2712],[-13.53528,14.26951],[-13.5359,14.26851],[-13.5362,14.26738],[-13.53673,14.26679],[-13.53777,14.26608],[-13.53814,14.26562],[-13.53891,14.26424],[-13.53969,14.26341],[-13.54073,14.26264],[-13.5416,14.26185],[-13.54322,14.2602],[-13.54468,14.25847],[-13.54603,14.25723],[-13.54823,14.25556],[-13.54859,14.25522],[-13.55044,14.25302],[-13.55138,14.25229],[-13.55291,14.25144],[-13.55355,14.25092],[-13.55471,14.24975],[-13.55523,14.24897],[-13.55593,14.24768],[-13.55651,14.24689],[-13.55674,14.24667],[-13.55682,14.24659],[-13.55691,14.24652],[-13.557,14.24644],[-13.55752,14.24605],[-13.55869,14.24527],[-13.56042,14.24426],[-13.56204,14.24341],[-13.56397,14.24251],[-13.56504,14.24194],[-13.56678,14.24081],[-13.56782,14.24004],[-13.56928,14.23877],[-13.5702,14.23826],[-13.57155,14.23771],[-13.57305,14.23681],[-13.57381,14.23591],[-13.57423,14.23475],[-13.57433,14.23229],[-13.57465,14.23042],[-13.57481,14.22877],[-13.57516,14.22808],[-13.57588,14.22702],[-13.57675,14.22521],[-13.57766,14.22367],[-13.57815,14.22321],[-13.57946,14.22282],[-13.58006,14.22249],[-13.58079,14.22143],[-13.58135,14.22023],[-13.58279,14.21899],[-13.58373,14.21776],[-13.58405,14.21678],[-13.58454,14.21366],[-13.58523,14.21151],[-13.58573,14.21042],[-13.58631,14.20962],[-13.58786,14.20869],[-13.58907,14.20723],[-13.59166,14.20477],[-13.5922,14.20418],[-13.59266,14.2034],[-13.59281,14.2024],[-13.59263,14.19913],[-13.59262,14.19778],[-13.59276,14.19648],[-13.5931,14.19563],[-13.59368,14.19466],[-13.5951,14.19293],[-13.5956,14.19173],[-13.59556,14.19066],[-13.59435,14.1891],[-13.59394,14.18798],[-13.5941,14.18636],[-13.59455,14.18462],[-13.59495,14.1836],[-13.59532,14.1828],[-13.59542,14.18258],[-13.59553,14.18235],[-13.59599,14.18162],[-13.59705,14.18071],[-13.59732,14.18045],[-13.59748,14.18027],[-13.59756,14.18017],[-13.59765,14.18006],[-13.599,14.17801],[-13.60009,14.17653],[-13.60082,14.17566],[-13.60175,14.17486],[-13.60363,14.1736],[-13.60574,14.17229],[-13.60716,14.1713],[-13.60738,14.17115],[-13.60758,14.17102],[-13.608,14.17074],[-13.6085,14.17043],[-13.61075,14.16922],[-13.61269,14.16745],[-13.61376,14.16693],[-13.61597,14.1663],[-13.61868,14.16588],[-13.61998,14.16534],[-13.62068,14.16492],[-13.62282,14.16346],[-13.62441,14.16255],[-13.62527,14.1616],[-13.62586,14.16056],[-13.62711,14.15881],[-13.62907,14.15659],[-13.63042,14.15447],[-13.63186,14.15231],[-13.63589,14.14658],[-13.63911,14.14268],[-13.63979,14.14178],[-13.64023,14.14107],[-13.64043,14.14071],[-13.64056,14.14044],[-13.64067,14.1402],[-13.64135,14.13865],[-13.64259,14.13621],[-13.6433,14.13499],[-13.64461,14.13317],[-13.64533,14.13248],[-13.64728,14.13136],[-13.64884,14.13036],[-13.65045,14.1295],[-13.65164,14.12908],[-13.65254,14.12904],[-13.65278,14.12905],[-13.65302,14.12907],[-13.65358,14.12912],[-13.654,14.12914],[-13.65613,14.12911],[-13.65695,14.12895],[-13.65831,14.12837],[-13.65993,14.12799],[-13.66365,14.12751],[-13.66534,14.12702],[-13.66583,14.12665],[-13.66631,14.12575],[-13.66675,14.1245],[-13.66722,14.12236],[-13.6673,14.12039],[-13.66769,14.11955],[-13.66873,14.11827],[-13.67029,14.11681],[-13.67075,14.11596],[-13.67118,14.11489],[-13.67173,14.11298],[-13.67215,14.11177],[-13.67247,14.11125],[-13.67364,14.11078],[-13.67493,14.11011],[-13.67548,14.10962],[-13.67587,14.10897],[-13.67658,14.10731],[-13.67686,14.10614],[-13.67677,14.10571],[-13.67669,14.10546],[-13.67657,14.10513],[-13.67651,14.10494],[-13.67643,14.10458],[-13.67637,14.1033],[-13.67644,14.102],[-13.67648,14.10127],[-13.67668,14.09999],[-13.67729,14.09856],[-13.6789,14.09426],[-13.67926,14.0931],[-13.6796,14.09113],[-13.67952,14.08968],[-13.67931,14.08924],[-13.67884,14.08902],[-13.6777,14.0888],[-13.67639,14.08808],[-13.67626,14.08794],[-13.6762,14.08787],[-13.67615,14.08779],[-13.67607,14.0876],[-13.67602,14.08718],[-13.67609,14.0865],[-13.67614,14.0863],[-13.67617,14.0862],[-13.67621,14.08609],[-13.67666,14.08514],[-13.67702,14.08259],[-13.67748,14.08148],[-13.67833,14.08033],[-13.67915,14.07975],[-13.67952,14.07912],[-13.67885,14.07669],[-13.67854,14.07519],[-13.67856,14.07399],[-13.67898,14.07101],[-13.67883,14.07015],[-13.67744,14.06929],[-13.67746,14.0686],[-13.67794,14.06758],[-13.67885,14.06626],[-13.6793,14.06528],[-13.67939,14.06436],[-13.6792,14.06236],[-13.67882,14.06164],[-13.67769,14.06119],[-13.6762,14.06085],[-13.67582,14.06055],[-13.67576,14.06044],[-13.67574,14.06039],[-13.67573,14.06034],[-13.6757,14.06023],[-13.67567,14.05999],[-13.67571,14.05828],[-13.67614,14.05729],[-13.67653,14.05687],[-13.67681,14.05678],[-13.67684,14.05678],[-13.67693,14.05679],[-13.67702,14.0568],[-13.67817,14.05714],[-13.68005,14.05809],[-13.68045,14.05805],[-13.68147,14.05718],[-13.68202,14.05644],[-13.68264,14.05527],[-13.68391,14.05317],[-13.68496,14.05156],[-13.68549,14.05039],[-13.68561,14.04942],[-13.68556,14.04817],[-13.68585,14.0463],[-13.68733,14.04397],[-13.68771,14.04313],[-13.68791,14.04216],[-13.68792,14.04184],[-13.68793,14.04126],[-13.68795,14.04083],[-13.68798,14.04049],[-13.688,14.03938],[-13.68833,14.03858],[-13.68935,14.03812],[-13.69056,14.03729],[-13.69118,14.03662],[-13.69209,14.0354],[-13.69285,14.03468],[-13.69315,14.03446],[-13.69355,14.03416],[-13.69378,14.03399],[-13.6943,14.03352],[-13.69471,14.03295],[-13.6948,14.03272],[-13.69483,14.03258],[-13.69485,14.0325],[-13.69486,14.03242],[-13.69487,14.03234],[-13.69492,14.02995],[-13.69526,14.02957],[-13.69755,14.02819],[-13.69821,14.02773],[-13.69834,14.02764],[-13.6985,14.02752],[-13.6987,14.02735],[-13.69933,14.02631],[-13.69955,14.02509],[-13.69955,14.02453],[-13.69953,14.02399],[-13.69952,14.02354],[-13.69984,14.02119],[-13.7008,14.01074],[-13.7006,14.00994],[-13.69958,14.00807],[-13.69898,14.00666],[-13.69875,14.00571],[-13.69864,14.0041],[-13.69839,14.00288],[-13.69768,14.00132],[-13.69739,14.00036],[-13.69712,13.99872],[-13.69714,13.99694],[-13.6974,13.9955],[-13.69768,13.99468],[-13.69859,13.99341],[-13.7,13.99245],[-13.70098,13.99157],[-13.70121,13.9911],[-13.70092,13.98964],[-13.70086,13.98823],[-13.70099,13.98738],[-13.70138,13.98666],[-13.70213,13.98579],[-13.70245,13.98515],[-13.70307,13.98325],[-13.70396,13.98117],[-13.70409,13.98003],[-13.70407,13.9781],[-13.70434,13.97655],[-13.70434,13.97602],[-13.70399,13.97458],[-13.70394,13.97368],[-13.70426,13.97206],[-13.70423,13.97022],[-13.70405,13.96862],[-13.70465,13.96612],[-13.7047,13.96535],[-13.70455,13.96306],[-13.70469,13.9622],[-13.70512,13.96086],[-13.70548,13.95879],[-13.70531,13.95705],[-13.70533,13.95628],[-13.70556,13.95553],[-13.70609,13.95449],[-13.70722,13.95302],[-13.70758,13.9517],[-13.70754,13.95095],[-13.70707,13.94988],[-13.70688,13.9496],[-13.70677,13.94946],[-13.70666,13.94932],[-13.70614,13.94878],[-13.70428,13.94712],[-13.70361,13.94672],[-13.70213,13.94604],[-13.70101,13.9453],[-13.70011,13.94438],[-13.69949,13.9439],[-13.69833,13.94324],[-13.69719,13.94282],[-13.69582,13.9425],[-13.69481,13.94134],[-13.69393,13.94064],[-13.69357,13.94013],[-13.69352,13.93946],[-13.6939,13.93689],[-13.69377,13.93592],[-13.69268,13.93458],[-13.6918,13.93323],[-13.69101,13.93218],[-13.69088,13.93166],[-13.69139,13.92973],[-13.69138,13.9287],[-13.69102,13.927],[-13.69046,13.92618],[-13.68952,13.92531],[-13.68905,13.92446],[-13.68903,13.92277],[-13.68852,13.92134],[-13.68838,13.92021],[-13.6883,13.91741],[-13.68836,13.9162],[-13.68872,13.91467],[-13.68976,13.91302],[-13.69026,13.91112],[-13.69086,13.90966],[-13.6911,13.90872],[-13.6912,13.90696],[-13.69094,13.90553],[-13.69059,13.90485],[-13.68958,13.90372],[-13.68864,13.90247],[-13.68811,13.90204],[-13.68689,13.90137],[-13.6861,13.90112],[-13.68537,13.90122],[-13.68303,13.90208],[-13.68265,13.90219],[-13.68241,13.90225],[-13.68228,13.90228],[-13.68215,13.9023],[-13.67891,13.90278],[-13.67823,13.90276],[-13.67664,13.90229],[-13.67511,13.90158],[-13.67422,13.90054],[-13.67381,13.89953],[-13.67372,13.89925],[-13.67363,13.89892],[-13.67337,13.89757],[-13.67297,13.89623],[-13.67226,13.89555],[-13.6694,13.89571],[-13.66894,13.89563],[-13.66789,13.8949],[-13.66702,13.89257],[-13.66665,13.89213],[-13.66574,13.89189],[-13.66491,13.89121],[-13.66346,13.89019],[-13.66139,13.88886],[-13.66057,13.88886],[-13.65948,13.88953],[-13.65697,13.89059],[-13.65573,13.89093],[-13.65427,13.89104],[-13.65201,13.89083],[-13.65165,13.89104],[-13.65129,13.89149],[-13.65106,13.89185],[-13.65064,13.89205],[-13.65014,13.89192],[-13.64961,13.89206],[-13.64859,13.89272],[-13.64727,13.89303],[-13.64651,13.89355],[-13.64616,13.89413],[-13.64615,13.89489],[-13.64662,13.89602],[-13.64657,13.89639],[-13.64606,13.89677],[-13.64562,13.89671],[-13.64492,13.8963],[-13.64445,13.89552],[-13.64421,13.89464],[-13.64434,13.894],[-13.64477,13.89305],[-13.64474,13.89237],[-13.64435,13.89057],[-13.64414,13.89006],[-13.64236,13.88878],[-13.63965,13.88726],[-13.63794,13.88643],[-13.6361,13.88564],[-13.63564,13.88554],[-13.63488,13.88569],[-13.63409,13.88564],[-13.63342,13.88535],[-13.63276,13.88449],[-13.63232,13.88403],[-13.63216,13.88388],[-13.63203,13.8838],[-13.63161,13.88373],[-13.62985,13.88452],[-13.62925,13.88507],[-13.62844,13.88676],[-13.62788,13.8877],[-13.62716,13.8891],[-13.62699,13.8898],[-13.62712,13.89042],[-13.62755,13.89143],[-13.62766,13.89222],[-13.62748,13.89282],[-13.62656,13.89352],[-13.62532,13.89355],[-13.62442,13.89314],[-13.6235,13.89166],[-13.62328,13.89138],[-13.62292,13.89106],[-13.62158,13.89019],[-13.62061,13.89008],[-13.6199,13.89028],[-13.6192,13.89075],[-13.61855,13.89149],[-13.61784,13.8928],[-13.61752,13.89385],[-13.61754,13.89451],[-13.61717,13.89569],[-13.61705,13.89716],[-13.61716,13.89762],[-13.6174,13.89837],[-13.61803,13.89912],[-13.61904,13.89941],[-13.61979,13.89919],[-13.62059,13.89814],[-13.62169,13.89712],[-13.62263,13.8966],[-13.62363,13.89662],[-13.62503,13.89746],[-13.62528,13.89829],[-13.62505,13.89901],[-13.62495,13.90006],[-13.62443,13.90176],[-13.62416,13.90204],[-13.6234,13.90179],[-13.62245,13.90167],[-13.62099,13.90179],[-13.62047,13.90196],[-13.61963,13.90277],[-13.61906,13.90308],[-13.61772,13.90356],[-13.61719,13.90389],[-13.61638,13.90474],[-13.61488,13.9055],[-13.61373,13.90579],[-13.6128,13.9063],[-13.61235,13.90752],[-13.61213,13.90974],[-13.61167,13.91083],[-13.61063,13.9113],[-13.60962,13.91209],[-13.60931,13.91253],[-13.60883,13.91273],[-13.60727,13.91271],[-13.60637,13.91239],[-13.60481,13.91117],[-13.60421,13.91109],[-13.60274,13.91151],[-13.60259,13.91116],[-13.60276,13.91101],[-13.60343,13.91051],[-13.60404,13.90962],[-13.60469,13.90832],[-13.60563,13.90681],[-13.60754,13.90409],[-13.60794,13.90276],[-13.60795,13.90204],[-13.6077,13.90144],[-13.60733,13.90123],[-13.60619,13.90126],[-13.60276,13.90088],[-13.60162,13.90061],[-13.6009,13.90021],[-13.59952,13.89918],[-13.59832,13.89825],[-13.5976,13.89783],[-13.59729,13.89744],[-13.59723,13.89653],[-13.5981,13.89516],[-13.59915,13.8941],[-13.59994,13.89327],[-13.60046,13.89258],[-13.60079,13.89165],[-13.60079,13.89054],[-13.60055,13.8884],[-13.60077,13.8874],[-13.6012,13.8866],[-13.60175,13.88598],[-13.60223,13.88482],[-13.60218,13.8839],[-13.60131,13.88235],[-13.60089,13.882],[-13.59722,13.88116],[-13.59668,13.88126],[-13.59637,13.88146],[-13.59621,13.88153],[-13.59586,13.88163],[-13.59455,13.88166],[-13.59407,13.8815],[-13.59375,13.88092],[-13.59397,13.87994],[-13.59553,13.87764],[-13.59608,13.87658],[-13.59632,13.87592],[-13.59624,13.87475],[-13.59603,13.8743],[-13.59519,13.87357],[-13.59497,13.87335],[-13.59477,13.87306],[-13.59437,13.87192],[-13.59429,13.8706],[-13.59431,13.87014],[-13.59443,13.86934],[-13.59445,13.86885],[-13.59428,13.86817],[-13.59387,13.86747],[-13.59329,13.86699],[-13.59236,13.8667],[-13.59161,13.86675],[-13.59075,13.86703],[-13.58973,13.86712],[-13.58832,13.86702],[-13.5854,13.86659],[-13.58396,13.86698],[-13.58082,13.86719],[-13.57903,13.86746],[-13.57654,13.86799],[-13.57572,13.86824],[-13.5744,13.8689],[-13.57267,13.86949],[-13.57185,13.86998],[-13.57112,13.87061],[-13.57051,13.87107],[-13.56986,13.8715],[-13.56928,13.87198],[-13.56886,13.87216],[-13.56838,13.87209],[-13.56748,13.87163],[-13.56626,13.87176],[-13.56545,13.87128],[-13.56423,13.87005],[-13.56299,13.8686],[-13.56258,13.86816],[-13.56134,13.86704],[-13.56052,13.8662],[-13.55969,13.86515],[-13.55826,13.86393],[-13.55704,13.86313],[-13.55624,13.86267],[-13.55421,13.86161],[-13.55334,13.86076],[-13.55304,13.86012],[-13.55288,13.8594],[-13.55278,13.85907],[-13.55264,13.85877],[-13.55225,13.85812],[-13.55163,13.85757],[-13.551,13.85739],[-13.55004,13.85759],[-13.54873,13.85806],[-13.54859,13.85815],[-13.54841,13.85834],[-13.54834,13.85854],[-13.54821,13.86011],[-13.54804,13.86055],[-13.54738,13.86113],[-13.54644,13.86158],[-13.54593,13.86164],[-13.54474,13.86121],[-13.54336,13.86094],[-13.54268,13.86094],[-13.54056,13.86123],[-13.53891,13.86155],[-13.53703,13.86211],[-13.53592,13.86211],[-13.53473,13.86179],[-13.53291,13.86121],[-13.5317,13.86088],[-13.52979,13.86061],[-13.5289,13.86041],[-13.52805,13.86099],[-13.52765,13.86198],[-13.52722,13.86417],[-13.52691,13.86508],[-13.52675,13.86565],[-13.52566,13.87022],[-13.52536,13.87087],[-13.52485,13.87142],[-13.52296,13.87275],[-13.52212,13.87307],[-13.5212,13.87323],[-13.52002,13.87313],[-13.51919,13.87293],[-13.51773,13.87218],[-13.51648,13.87111],[-13.51494,13.87001],[-13.51314,13.86931],[-13.51283,13.86929],[-13.51265,13.86928],[-13.51242,13.86929],[-13.51182,13.86941],[-13.511,13.86982],[-13.51012,13.87103],[-13.50965,13.87258],[-13.50946,13.87363],[-13.50971,13.87492],[-13.51017,13.87551],[-13.51112,13.87614],[-13.51175,13.87654],[-13.51243,13.87744],[-13.51248,13.87866],[-13.51209,13.87948],[-13.5118,13.87985],[-13.5112,13.88045],[-13.51073,13.88107],[-13.51036,13.88198],[-13.50953,13.88509],[-13.50927,13.88679],[-13.50943,13.88744],[-13.50987,13.88791],[-13.51122,13.88989],[-13.51173,13.89107],[-13.51187,13.89208],[-13.51205,13.89286],[-13.51216,13.89352],[-13.51203,13.89607],[-13.51089,13.89745],[-13.51033,13.89785],[-13.50905,13.89818],[-13.5078,13.89835],[-13.50707,13.89787],[-13.50465,13.89724],[-13.50372,13.89707],[-13.50291,13.89696],[-13.50107,13.89683],[-13.49957,13.89696],[-13.4981,13.89753],[-13.49644,13.89803],[-13.49569,13.89821],[-13.49533,13.89828],[-13.49426,13.89835],[-13.49339,13.89778],[-13.49272,13.89667],[-13.49211,13.89577],[-13.49169,13.89511],[-13.49105,13.89419],[-13.49039,13.89358],[-13.48994,13.89338],[-13.48904,13.8931],[-13.48804,13.89299],[-13.48719,13.89243],[-13.4863,13.89127],[-13.48581,13.89103],[-13.484,13.89085],[-13.48277,13.89042],[-13.48042,13.88904],[-13.47908,13.8884],[-13.47729,13.88815],[-13.47623,13.88748],[-13.4741,13.88695],[-13.47187,13.88413],[-13.47117,13.88337],[-13.4694,13.88183],[-13.46803,13.88112],[-13.46694,13.88092],[-13.46616,13.8805],[-13.46538,13.87966],[-13.46504,13.87894],[-13.46483,13.87759],[-13.46491,13.87591],[-13.46371,13.87359],[-13.46344,13.87285],[-13.46335,13.87206],[-13.46265,13.87063],[-13.46208,13.86865],[-13.4621,13.86782],[-13.46197,13.86651],[-13.46165,13.86506],[-13.46108,13.86311],[-13.46048,13.8613],[-13.45977,13.85985],[-13.45815,13.85766],[-13.45741,13.85653],[-13.4571,13.85599],[-13.45685,13.85552],[-13.45668,13.85521],[-13.45485,13.85226],[-13.45409,13.85144],[-13.45299,13.85002],[-13.45223,13.84936],[-13.45058,13.84816],[-13.44944,13.84714],[-13.44865,13.84677],[-13.44772,13.84645],[-13.447,13.84622],[-13.44649,13.84604],[-13.44517,13.8455],[-13.44356,13.84498],[-13.44055,13.84436],[-13.43862,13.84375],[-13.43604,13.84263],[-13.43519,13.8424],[-13.43356,13.84246],[-13.43222,13.84238],[-13.43159,13.84209],[-13.43072,13.84122],[-13.42943,13.84065],[-13.42775,13.84019],[-13.42632,13.84011],[-13.42472,13.83984],[-13.42325,13.83939],[-13.42066,13.83824],[-13.41855,13.83716],[-13.41369,13.83459],[-13.41086,13.83329],[-13.4093,13.83242],[-13.40712,13.83101],[-13.40656,13.8306],[-13.40606,13.83021],[-13.40519,13.8295],[-13.40446,13.82886],[-13.40406,13.82859],[-13.40323,13.82823],[-13.40121,13.82758],[-13.39943,13.82733],[-13.39856,13.82721],[-13.39808,13.82713],[-13.39744,13.82697],[-13.39606,13.82651],[-13.39431,13.82631],[-13.3932,13.82573],[-13.39229,13.82549],[-13.39054,13.82455],[-13.38985,13.82407],[-13.38923,13.82346],[-13.38868,13.82245],[-13.38866,13.82109],[-13.38786,13.81893],[-13.38688,13.81763],[-13.38608,13.81709],[-13.38498,13.8164],[-13.38455,13.815],[-13.3843,13.81378],[-13.38424,13.81191],[-13.38385,13.81001],[-13.38371,13.80897],[-13.38295,13.80774],[-13.38164,13.80624],[-13.38013,13.80313],[-13.37934,13.80082],[-13.37658,13.79614],[-13.37295,13.79016],[-13.37093,13.7852],[-13.36985,13.78261],[-13.367,13.78094],[-13.36408,13.77819],[-13.36165,13.77439],[-13.36026,13.77367],[-13.3593,13.77245],[-13.35789,13.77018],[-13.35714,13.76987],[-13.35593,13.7687],[-13.35536,13.76671],[-13.35405,13.7666],[-13.35381,13.76493],[-13.35378,13.76402],[-13.35419,13.76054],[-13.35428,13.75717],[-13.35451,13.75561],[-13.35461,13.75509],[-13.35464,13.75485],[-13.35432,13.75357],[-13.35399,13.75313],[-13.35376,13.75294],[-13.35324,13.75258],[-13.35253,13.75187],[-13.35218,13.75108],[-13.35217,13.75084],[-13.3522,13.75035],[-13.35215,13.74985],[-13.35131,13.74717],[-13.35101,13.74665],[-13.35038,13.74625],[-13.34989,13.74592],[-13.3497,13.74575],[-13.34945,13.74541],[-13.34933,13.74506],[-13.34924,13.74452],[-13.34891,13.74392],[-13.34843,13.7434],[-13.34794,13.74278],[-13.34736,13.74179],[-13.34682,13.74131],[-13.34541,13.73978],[-13.34428,13.7394],[-13.34372,13.73861],[-13.34355,13.73783],[-13.34298,13.73696],[-13.34204,13.73603],[-13.3407,13.73403],[-13.34094,13.72827],[-13.34257,13.72823],[-13.34362,13.72792],[-13.34494,13.72705],[-13.3461,13.72588],[-13.34735,13.72548],[-13.34823,13.725],[-13.3494,13.72416],[-13.35016,13.72382],[-13.35134,13.72358],[-13.35181,13.72333],[-13.3525,13.72265],[-13.35336,13.72223],[-13.35368,13.72185],[-13.35583,13.72087],[-13.35666,13.72069],[-13.35725,13.71994],[-13.35829,13.71973],[-13.35919,13.71902],[-13.35969,13.71832],[-13.36027,13.71778],[-13.3611,13.71734],[-13.36248,13.71679],[-13.36441,13.71622],[-13.36536,13.71577],[-13.36625,13.7151],[-13.36683,13.71436],[-13.36736,13.71345],[-13.36784,13.713],[-13.36989,13.71163],[-13.3713,13.71033],[-13.37204,13.70936],[-13.37238,13.70866],[-13.37258,13.70834],[-13.37285,13.70798],[-13.37383,13.70684],[-13.37424,13.70601],[-13.37469,13.70474],[-13.37521,13.70362],[-13.37565,13.70209],[-13.37606,13.70121],[-13.37656,13.7005],[-13.3774,13.69969],[-13.37928,13.69849],[-13.38001,13.69781],[-13.38072,13.69738],[-13.38161,13.69704],[-13.38313,13.69666],[-13.38385,13.69662],[-13.38512,13.69678],[-13.38635,13.69659],[-13.38802,13.69565],[-13.38911,13.69535],[-13.39023,13.69416],[-13.39101,13.69366],[-13.39169,13.69344],[-13.39368,13.69261],[-13.39448,13.69216],[-13.39526,13.6913],[-13.39598,13.69096],[-13.39719,13.69105],[-13.39818,13.69082],[-13.40062,13.69002],[-13.40169,13.68959],[-13.40264,13.68868],[-13.40313,13.68836],[-13.40435,13.68799],[-13.40598,13.68735],[-13.40632,13.68726],[-13.407,13.68709],[-13.40736,13.68698],[-13.40838,13.6864],[-13.40936,13.68603],[-13.41043,13.68526],[-13.41152,13.68416],[-13.41221,13.68408],[-13.41319,13.68428],[-13.41409,13.68463],[-13.41556,13.68498],[-13.41672,13.68515],[-13.418,13.68525],[-13.41984,13.6853],[-13.4218,13.6855],[-13.42461,13.68562],[-13.42595,13.68595],[-13.42728,13.68684],[-13.42784,13.68741],[-13.42885,13.68818],[-13.43038,13.68876],[-13.43176,13.68863],[-13.43275,13.68807],[-13.43403,13.68843],[-13.43452,13.68831],[-13.43562,13.68727],[-13.43599,13.68674],[-13.43616,13.68609],[-13.43636,13.68555],[-13.43699,13.6844],[-13.43803,13.68364],[-13.43838,13.68355],[-13.4391,13.68339],[-13.44119,13.68334],[-13.44177,13.68311],[-13.44331,13.68207],[-13.44562,13.67893],[-13.44672,13.67765],[-13.4472,13.67698],[-13.44818,13.67642],[-13.44853,13.67572],[-13.44862,13.67463],[-13.44919,13.67397],[-13.45028,13.67299],[-13.45283,13.6705],[-13.45334,13.66938],[-13.4536,13.66748],[-13.45448,13.66625],[-13.45561,13.66438],[-13.45669,13.66316],[-13.45852,13.66173],[-13.45997,13.66182],[-13.46147,13.66111],[-13.46257,13.66028],[-13.46356,13.65941],[-13.46521,13.65764],[-13.46689,13.65547],[-13.46736,13.65512],[-13.46759,13.6546],[-13.46774,13.65257],[-13.46827,13.65166],[-13.46869,13.65122],[-13.46984,13.65055],[-13.47039,13.65002],[-13.47171,13.64818],[-13.4725,13.64718],[-13.4731,13.6449],[-13.47341,13.64423],[-13.47396,13.64356],[-13.47449,13.6426],[-13.47478,13.64243],[-13.47602,13.64233],[-13.4781,13.64161],[-13.47865,13.64109],[-13.47888,13.63997],[-13.47949,13.63813],[-13.48118,13.63648],[-13.48153,13.63587],[-13.48187,13.63463],[-13.48253,13.63351],[-13.48327,13.63253],[-13.4841,13.63122],[-13.48486,13.62979],[-13.48558,13.62909],[-13.48615,13.62791],[-13.48623,13.62736],[-13.48604,13.62677],[-13.48608,13.62648],[-13.48637,13.62604],[-13.48651,13.626],[-13.48686,13.62597],[-13.48696,13.62594],[-13.48723,13.62533],[-13.48682,13.6245],[-13.48649,13.6243],[-13.48607,13.62435],[-13.4859,13.62434],[-13.48531,13.62409],[-13.4845,13.62342],[-13.48389,13.62275],[-13.48351,13.62204],[-13.48321,13.6212],[-13.48276,13.62044],[-13.48166,13.61895],[-13.48102,13.61823],[-13.47927,13.61661],[-13.47763,13.61466],[-13.47508,13.61255],[-13.47262,13.61016],[-13.47152,13.60937],[-13.4702,13.60865],[-13.46927,13.60825],[-13.46829,13.60779],[-13.46732,13.60693],[-13.46646,13.60556],[-13.46588,13.60488],[-13.465,13.60417],[-13.46427,13.60336],[-13.46351,13.60234],[-13.46239,13.60106],[-13.46165,13.60009],[-13.46076,13.59917],[-13.45936,13.59797],[-13.45674,13.59593],[-13.45602,13.59568],[-13.45575,13.59565],[-13.45555,13.59565],[-13.45535,13.59566],[-13.45474,13.59579],[-13.45313,13.59592],[-13.45229,13.59584],[-13.45139,13.59559],[-13.45052,13.59552],[-13.44891,13.59562],[-13.44789,13.59551],[-13.44646,13.59576],[-13.44561,13.59602],[-13.44452,13.59615],[-13.44314,13.59612],[-13.44137,13.59597],[-13.43777,13.59537],[-13.43559,13.59478],[-13.43427,13.59455],[-13.4338,13.59421],[-13.43271,13.59232],[-13.43188,13.59161],[-13.43062,13.59102],[-13.42866,13.59055],[-13.42749,13.59007],[-13.42554,13.58892],[-13.42453,13.58856],[-13.42223,13.58816],[-13.42147,13.58834],[-13.42126,13.58786],[-13.42115,13.58692],[-13.42129,13.58549],[-13.42117,13.58386],[-13.42072,13.58234],[-13.41997,13.58125],[-13.4193,13.57972],[-13.41908,13.57888],[-13.41893,13.57766],[-13.41811,13.57425],[-13.41731,13.57228],[-13.41693,13.57184],[-13.41603,13.57125],[-13.41527,13.5697],[-13.41486,13.56913],[-13.41342,13.56821],[-13.41146,13.56505],[-13.41109,13.56396],[-13.41029,13.56232],[-13.40975,13.56164],[-13.40837,13.56031],[-13.40691,13.55835],[-13.4057,13.55772],[-13.4045,13.55693],[-13.40382,13.55626],[-13.40272,13.55473],[-13.40166,13.55368],[-13.40019,13.55258],[-13.39891,13.55203],[-13.39843,13.55147],[-13.39793,13.55187],[-13.397,13.55176],[-13.39659,13.55236],[-13.39591,13.55297],[-13.39508,13.5532],[-13.39446,13.55371],[-13.39342,13.55421],[-13.39208,13.55546],[-13.39155,13.55646],[-13.39021,13.55731],[-13.38963,13.55817],[-13.3888,13.55887],[-13.38602,13.55729],[-13.3853,13.55668],[-13.38412,13.55596],[-13.38258,13.55519],[-13.38144,13.55509],[-13.3798,13.55392],[-13.37573,13.55288],[-13.37537,13.55247],[-13.37392,13.55232],[-13.37125,13.55142],[-13.3688,13.55119],[-13.36672,13.55058],[-13.36485,13.55074],[-13.36352,13.54986],[-13.35797,13.54996],[-13.35608,13.55042],[-13.35411,13.55029],[-13.35247,13.55043],[-13.3507,13.5505],[-13.34894,13.55013],[-13.34661,13.54927],[-13.34583,13.54843],[-13.34449,13.549],[-13.34345,13.54909],[-13.34274,13.54898],[-13.34176,13.54846],[-13.34065,13.54756],[-13.34056,13.54699],[-13.33981,13.5454],[-13.33946,13.5445],[-13.33922,13.54267],[-13.3393,13.54164],[-13.33959,13.54026],[-13.33958,13.5389],[-13.33926,13.53767],[-13.33869,13.53641],[-13.33857,13.53489],[-13.3383,13.53406],[-13.33774,13.53318],[-13.3376,13.53263],[-13.33762,13.53165],[-13.33788,13.5307],[-13.33884,13.5287],[-13.33912,13.52794],[-13.33923,13.52688],[-13.33921,13.52551],[-13.33961,13.52412],[-13.34015,13.52313],[-13.3413,13.52181],[-13.34175,13.52087],[-13.34216,13.51965],[-13.34252,13.51796],[-13.34277,13.51722],[-13.34413,13.515],[-13.34545,13.51272],[-13.34602,13.51143],[-13.34645,13.5092],[-13.34692,13.50718],[-13.34795,13.50381],[-13.34799,13.50275],[-13.3479,13.50133],[-13.34818,13.49922],[-13.34856,13.49786],[-13.3494,13.49592],[-13.35009,13.49371],[-13.35069,13.49091],[-13.34959,13.49075],[-13.34879,13.49024],[-13.34842,13.48972],[-13.34787,13.48835],[-13.34755,13.48659],[-13.34687,13.48503],[-13.34642,13.48377],[-13.34594,13.48314],[-13.34423,13.48176],[-13.34385,13.48118],[-13.34368,13.48004],[-13.34382,13.47901],[-13.34371,13.47785],[-13.34351,13.47728],[-13.34302,13.47658],[-13.3414,13.47533],[-13.34069,13.47429],[-13.3404,13.47339],[-13.33896,13.47004],[-13.3381,13.46833],[-13.33684,13.46546],[-13.33681,13.46435],[-13.33728,13.46313],[-13.33731,13.46225],[-13.33701,13.46139],[-13.33552,13.46007],[-13.33527,13.45947],[-13.33532,13.45893],[-13.33507,13.4575],[-13.33503,13.45671],[-13.33516,13.45601],[-13.33506,13.45544],[-13.33438,13.45472],[-13.33406,13.45404],[-13.334,13.45256],[-13.33439,13.45028],[-13.33452,13.44976],[-13.33475,13.44931],[-13.33461,13.44881],[-13.33447,13.44875],[-13.33411,13.44868],[-13.33395,13.44862],[-13.33338,13.4479],[-13.33343,13.44726],[-13.3322,13.44537],[-13.3312,13.44484],[-13.33058,13.44375],[-13.33049,13.44327],[-13.33099,13.44226],[-13.33093,13.44136],[-13.33035,13.44044],[-13.32926,13.44005],[-13.32906,13.43979],[-13.32896,13.43867],[-13.32822,13.43794],[-13.32771,13.43624],[-13.32726,13.43531],[-13.32756,13.43402],[-13.32697,13.43307],[-13.327,13.43249],[-13.32769,13.4316],[-13.32764,13.43132],[-13.32682,13.43103],[-13.32614,13.43036],[-13.32597,13.42988],[-13.32626,13.42807],[-13.32613,13.42734],[-13.32525,13.42787],[-13.32376,13.42833],[-13.32262,13.42767],[-13.3216,13.42714],[-13.32031,13.42655],[-13.31978,13.42621],[-13.31924,13.42603],[-13.31818,13.42595],[-13.3166,13.42539],[-13.31586,13.42501],[-13.31477,13.42473],[-13.31413,13.42482],[-13.31165,13.42587],[-13.31116,13.42638],[-13.31079,13.42717],[-13.31072,13.42781],[-13.31067,13.43041],[-13.31071,13.43141],[-13.31093,13.4328],[-13.31139,13.43452],[-13.31124,13.43743],[-13.31134,13.43851],[-13.31132,13.43956],[-13.31112,13.4406],[-13.31042,13.4421],[-13.30998,13.44268],[-13.30976,13.44335],[-13.30991,13.4439],[-13.31091,13.44562],[-13.31149,13.44648],[-13.31209,13.44713],[-13.31422,13.44903],[-13.31454,13.44955],[-13.31508,13.45145],[-13.31541,13.45219],[-13.31589,13.45278],[-13.31597,13.45292],[-13.31603,13.45304],[-13.31608,13.45322],[-13.31607,13.45376],[-13.31574,13.45487],[-13.31549,13.45522],[-13.31479,13.45564],[-13.313,13.45633],[-13.31229,13.45698],[-13.31116,13.4587],[-13.31033,13.45933],[-13.30949,13.45952],[-13.30795,13.4593],[-13.30682,13.45953],[-13.30564,13.46015],[-13.30492,13.46069],[-13.30445,13.4608],[-13.30364,13.46065],[-13.30338,13.46052],[-13.303,13.46018],[-13.30275,13.45931],[-13.30315,13.45863],[-13.30391,13.458],[-13.30485,13.45744],[-13.30601,13.4565],[-13.30636,13.45606],[-13.30669,13.45513],[-13.30676,13.45373],[-13.3064,13.45271],[-13.3058,13.45219],[-13.30419,13.45128],[-13.3036,13.45112],[-13.3028,13.45115],[-13.29939,13.45235],[-13.2981,13.45267],[-13.29591,13.453],[-13.29338,13.45319],[-13.29104,13.45325],[-13.28997,13.45311],[-13.28924,13.45316],[-13.28768,13.45394],[-13.2871,13.45408],[-13.28546,13.45418],[-13.2843,13.45439],[-13.28247,13.45487],[-13.28203,13.45493],[-13.28121,13.45499],[-13.28101,13.45499],[-13.27999,13.45452],[-13.27857,13.45266],[-13.27827,13.45196],[-13.27835,13.45031],[-13.27872,13.44889],[-13.27914,13.44778],[-13.27951,13.44633],[-13.27969,13.44503],[-13.27986,13.44433],[-13.28002,13.44388],[-13.28021,13.44347],[-13.28113,13.44195],[-13.28181,13.44027],[-13.28218,13.43823],[-13.2821,13.43772],[-13.28122,13.43627],[-13.28032,13.43557],[-13.27845,13.4351],[-13.27754,13.43508],[-13.27656,13.43547],[-13.27556,13.43633],[-13.27435,13.43693],[-13.27305,13.43725],[-13.27212,13.43722],[-13.27108,13.43701],[-13.26995,13.43692],[-13.26836,13.4363],[-13.26742,13.43559],[-13.26639,13.43501],[-13.26536,13.43476],[-13.26445,13.43485],[-13.26357,13.43528],[-13.26311,13.43583],[-13.26277,13.43692],[-13.26283,13.43947],[-13.26276,13.44122],[-13.26289,13.44198],[-13.26352,13.44412],[-13.2636,13.44477],[-13.26333,13.44626],[-13.2632,13.44655],[-13.26266,13.44762],[-13.26172,13.44843],[-13.26044,13.44878],[-13.25998,13.44875],[-13.25949,13.44861],[-13.25851,13.44782],[-13.25817,13.4473],[-13.25777,13.44642],[-13.25722,13.44535],[-13.25682,13.44419],[-13.25663,13.44296],[-13.25606,13.44099],[-13.25514,13.43873],[-13.25398,13.43638],[-13.25329,13.43513],[-13.25283,13.43396],[-13.2524,13.43324],[-13.25152,13.43277],[-13.25081,13.4327],[-13.24987,13.43211],[-13.24941,13.43092],[-13.24897,13.43046],[-13.24695,13.42921],[-13.24522,13.4284],[-13.24434,13.42784],[-13.24354,13.42706],[-13.24291,13.42692],[-13.24139,13.42703],[-13.24025,13.4272],[-13.23842,13.42787],[-13.23739,13.4281],[-13.23612,13.42806],[-13.23551,13.42816],[-13.23518,13.42847],[-13.23533,13.42945],[-13.23525,13.43116],[-13.23535,13.43237],[-13.23583,13.4337],[-13.23665,13.43485],[-13.23682,13.43516],[-13.23697,13.43551],[-13.23719,13.43632],[-13.23776,13.43729],[-13.23862,13.43836],[-13.23925,13.43939],[-13.23976,13.44047],[-13.24001,13.44199],[-13.23988,13.44264],[-13.23886,13.44459],[-13.2386,13.44494],[-13.23806,13.44539],[-13.23679,13.44583],[-13.23633,13.44613],[-13.23554,13.4471],[-13.23386,13.44795],[-13.23329,13.44814],[-13.23188,13.44833],[-13.23091,13.44892],[-13.23008,13.44977],[-13.22992,13.4502],[-13.22965,13.45197],[-13.22922,13.45268],[-13.2284,13.45319],[-13.22722,13.4532],[-13.22575,13.45295],[-13.22454,13.4531],[-13.22347,13.45286],[-13.22144,13.45169],[-13.22064,13.4515],[-13.21911,13.45146],[-13.21811,13.45132],[-13.21716,13.45103],[-13.21601,13.4509],[-13.21553,13.4509],[-13.21507,13.45093],[-13.21333,13.45124],[-13.21253,13.45163],[-13.21224,13.45201],[-13.21225,13.45397],[-13.21166,13.45569],[-13.21159,13.45649],[-13.21165,13.45866],[-13.21112,13.46054],[-13.21073,13.46094],[-13.20936,13.46173],[-13.20856,13.46306],[-13.20647,13.46472],[-13.20485,13.46561],[-13.20424,13.46605],[-13.20323,13.46645],[-13.20111,13.46692],[-13.20013,13.46728],[-13.1994,13.46807],[-13.19925,13.46884],[-13.19932,13.46958],[-13.19998,13.47091],[-13.20036,13.47202],[-13.20084,13.47299],[-13.20156,13.47384],[-13.20253,13.4746],[-13.20312,13.47573],[-13.20329,13.47697],[-13.20313,13.47739],[-13.20229,13.47821],[-13.2011,13.47894],[-13.19992,13.4795],[-13.19821,13.48003],[-13.1972,13.47996],[-13.1967,13.47976],[-13.19533,13.47869],[-13.19425,13.47826],[-13.19228,13.47799],[-13.19169,13.47766],[-13.19126,13.47721],[-13.19095,13.47672],[-13.19058,13.47626],[-13.1904,13.47606],[-13.18955,13.47553],[-13.18833,13.47525],[-13.18679,13.47523],[-13.18528,13.4756],[-13.1846,13.47602],[-13.18403,13.47686],[-13.18387,13.4781],[-13.18397,13.47892],[-13.18432,13.48],[-13.18457,13.48117],[-13.18511,13.48244],[-13.18516,13.48268],[-13.18519,13.48302],[-13.18522,13.48356],[-13.18459,13.48468],[-13.18385,13.48539],[-13.18246,13.48608],[-13.18202,13.48575],[-13.18182,13.48502],[-13.18145,13.48461],[-13.18028,13.48367],[-13.17997,13.48306],[-13.18003,13.48212],[-13.1796,13.48136],[-13.17858,13.48071],[-13.17773,13.47997],[-13.17693,13.47885],[-13.17596,13.47815],[-13.17416,13.47754],[-13.17338,13.47772],[-13.17251,13.47825],[-13.17143,13.47975],[-13.1709,13.47987],[-13.16966,13.47952],[-13.16874,13.47967],[-13.16804,13.4801],[-13.16743,13.48038],[-13.16687,13.4804],[-13.16655,13.48019],[-13.16648,13.48003],[-13.16649,13.47991],[-13.16653,13.47977],[-13.16691,13.4791],[-13.16661,13.47836],[-13.16603,13.47805],[-13.16494,13.47782],[-13.16284,13.47699],[-13.16181,13.47679],[-13.16049,13.477],[-13.15945,13.47699],[-13.15881,13.47704],[-13.15854,13.47703],[-13.15622,13.47613],[-13.15531,13.47604],[-13.15396,13.47647],[-13.15146,13.47792],[-13.15095,13.47856],[-13.15046,13.47967],[-13.14993,13.48009],[-13.14839,13.48016],[-13.14795,13.47968],[-13.14776,13.47855],[-13.14787,13.47678],[-13.14823,13.47529],[-13.148,13.4745],[-13.14726,13.47362],[-13.14593,13.47297],[-13.14553,13.47301],[-13.14511,13.47391],[-13.14445,13.47442],[-13.14375,13.47437],[-13.14338,13.47467],[-13.1435,13.47529],[-13.14315,13.47583],[-13.14256,13.47618],[-13.14194,13.47606],[-13.14161,13.47502],[-13.14095,13.47455],[-13.14003,13.47363],[-13.13908,13.47342],[-13.13872,13.47295],[-13.13879,13.4721],[-13.13831,13.47141],[-13.13669,13.47168],[-13.13489,13.47252],[-13.13408,13.47323],[-13.13371,13.47328],[-13.13306,13.47264],[-13.13282,13.47158],[-13.13235,13.47046],[-13.13185,13.46974],[-13.1309,13.46966],[-13.13019,13.47017],[-13.12936,13.47043],[-13.12844,13.47026],[-13.12767,13.46983],[-13.12673,13.46962],[-13.12604,13.46895],[-13.12589,13.46832],[-13.12514,13.46858],[-13.12514,13.46919],[-13.12486,13.46963],[-13.12438,13.46977],[-13.12315,13.46958],[-13.12212,13.46992],[-13.12117,13.47076],[-13.1202,13.47094],[-13.11846,13.47043],[-13.11651,13.47058],[-13.1162,13.47014],[-13.11652,13.46827],[-13.11657,13.46732],[-13.11635,13.46665],[-13.11585,13.46603],[-13.11523,13.46574],[-13.114,13.46605],[-13.11307,13.46557],[-13.1126,13.46401],[-13.11239,13.46371],[-13.11127,13.46292],[-13.11014,13.46155],[-13.10968,13.46049],[-13.10926,13.46021],[-13.10813,13.46034],[-13.10695,13.4609],[-13.10637,13.46075],[-13.10541,13.45935],[-13.10466,13.45907],[-13.10352,13.45936],[-13.10245,13.45944],[-13.1021,13.45921],[-13.10195,13.45837],[-13.10217,13.45768],[-13.10197,13.45715],[-13.09986,13.45417],[-13.09943,13.45395],[-13.09898,13.4539],[-13.09816,13.45425],[-13.09804,13.45435],[-13.09786,13.45457],[-13.09776,13.45465],[-13.09744,13.45477],[-13.09681,13.4548],[-13.0964,13.45472],[-13.09626,13.45471],[-13.09589,13.45476],[-13.09565,13.45492],[-13.09562,13.45504],[-13.09566,13.45513],[-13.09588,13.45581],[-13.09549,13.45647],[-13.09503,13.45676],[-13.0944,13.45678],[-13.09359,13.45611],[-13.09309,13.45591],[-13.09202,13.45589],[-13.0916,13.45592],[-13.09121,13.45598],[-13.08996,13.45637],[-13.08971,13.4565],[-13.08937,13.45673],[-13.08899,13.4571],[-13.08722,13.45828],[-13.0855,13.45877],[-13.08427,13.45872],[-13.08369,13.45805],[-13.08356,13.45796],[-13.08344,13.45789],[-13.08248,13.45785],[-13.08174,13.45704],[-13.08157,13.45619],[-13.08104,13.45548],[-13.08015,13.45535],[-13.0795,13.45573],[-13.07925,13.45636],[-13.07928,13.45828],[-13.07877,13.45894],[-13.07794,13.45934],[-13.07717,13.45982],[-13.07617,13.46022],[-13.0754,13.46017],[-13.07438,13.45956],[-13.07319,13.45782],[-13.07195,13.45638],[-13.07104,13.45494],[-13.07084,13.45423],[-13.07091,13.45349],[-13.07157,13.45255],[-13.07316,13.45117],[-13.0744,13.45037],[-13.07566,13.44982],[-13.07614,13.44945],[-13.07635,13.44869],[-13.07611,13.44836],[-13.07525,13.44787],[-13.07471,13.44778],[-13.07369,13.44796],[-13.07272,13.44862],[-13.07198,13.44856],[-13.07183,13.44798],[-13.07214,13.4468],[-13.07241,13.44631],[-13.07306,13.44586],[-13.07358,13.44488],[-13.07515,13.4432],[-13.07569,13.44288],[-13.07675,13.44297],[-13.07769,13.44254],[-13.07842,13.44198],[-13.0792,13.44158],[-13.08052,13.44113],[-13.08121,13.44107],[-13.08186,13.44116],[-13.08238,13.4413],[-13.08335,13.44133],[-13.08396,13.44118],[-13.08559,13.44036],[-13.08686,13.44029],[-13.08703,13.43966],[-13.08659,13.4391],[-13.08514,13.43849],[-13.08434,13.43846],[-13.08376,13.43826],[-13.08269,13.43746],[-13.08256,13.43734],[-13.08245,13.43721],[-13.08225,13.43657],[-13.08256,13.43582],[-13.08305,13.4355],[-13.08331,13.43526],[-13.084,13.43289],[-13.08394,13.43281],[-13.08378,13.43264],[-13.08378,13.43224],[-13.084,13.43198],[-13.08423,13.43167],[-13.08439,13.43148],[-13.08633,13.42952],[-13.08756,13.42774],[-13.0874,13.42679],[-13.08769,13.42631],[-13.08839,13.42616],[-13.0892,13.42624],[-13.08996,13.42605],[-13.09065,13.4255],[-13.09083,13.42468],[-13.09053,13.42385],[-13.09045,13.4225],[-13.09028,13.42197],[-13.08953,13.42132],[-13.08922,13.42086],[-13.08894,13.41987],[-13.08888,13.41892],[-13.08905,13.41707],[-13.08894,13.41633],[-13.08845,13.41496],[-13.08786,13.41451],[-13.08733,13.41465],[-13.08683,13.41446],[-13.086,13.41355],[-13.08551,13.41331],[-13.0848,13.41354],[-13.08502,13.41467],[-13.08473,13.4156],[-13.08407,13.4166],[-13.08366,13.41702],[-13.08338,13.41754],[-13.08321,13.4185],[-13.08277,13.41874],[-13.08119,13.4183],[-13.08069,13.41834],[-13.07981,13.41905],[-13.07925,13.41918],[-13.07636,13.41819],[-13.07535,13.41745],[-13.0746,13.4159],[-13.07378,13.41515],[-13.07368,13.41458],[-13.07319,13.41365],[-13.07306,13.41283],[-13.07337,13.41218],[-13.07496,13.41187],[-13.07575,13.41154],[-13.07636,13.41108],[-13.07692,13.41005],[-13.07705,13.40957],[-13.07703,13.40842],[-13.07731,13.40741],[-13.07793,13.40654],[-13.07844,13.40493],[-13.07892,13.40114],[-13.07918,13.40079],[-13.07965,13.40062],[-13.07993,13.40046],[-13.08006,13.40034],[-13.08013,13.39973],[-13.07932,13.39844],[-13.07863,13.39784],[-13.07817,13.39764],[-13.0773,13.39746],[-13.07585,13.39706],[-13.0748,13.39644],[-13.07428,13.39627],[-13.07357,13.3963],[-13.07239,13.39685],[-13.0716,13.39685],[-13.07098,13.39663],[-13.06944,13.39669],[-13.06908,13.39628],[-13.0688,13.39513],[-13.06878,13.39393],[-13.0693,13.39183],[-13.06941,13.39109],[-13.06926,13.39068],[-13.06863,13.39075],[-13.0683,13.3904],[-13.06846,13.38982],[-13.0688,13.38945],[-13.06878,13.38872],[-13.0681,13.38847],[-13.06782,13.38813],[-13.06779,13.38758],[-13.06721,13.387],[-13.06647,13.38695],[-13.06595,13.38715],[-13.06546,13.38684],[-13.06574,13.38629],[-13.06556,13.38566],[-13.06574,13.38534],[-13.06619,13.38498],[-13.06662,13.3846],[-13.06754,13.38391],[-13.06855,13.38374],[-13.06883,13.38312],[-13.06821,13.38287],[-13.0675,13.38293],[-13.06683,13.38218],[-13.06618,13.38188],[-13.06577,13.38147],[-13.06571,13.38073],[-13.0663,13.37966],[-13.06651,13.37893],[-13.06719,13.37841],[-13.06738,13.378],[-13.06714,13.37736],[-13.06593,13.37625],[-13.06542,13.37555],[-13.06396,13.37438],[-13.06316,13.37461],[-13.06282,13.37523],[-13.06243,13.37531],[-13.06123,13.37514],[-13.06035,13.37538],[-13.05971,13.37589],[-13.05894,13.37707],[-13.05879,13.37724],[-13.0586,13.37741],[-13.05652,13.37827],[-13.05623,13.37785],[-13.05663,13.37631],[-13.05639,13.37544],[-13.05543,13.37427],[-13.0554,13.37376],[-13.05545,13.37362],[-13.05552,13.37347],[-13.0559,13.37298],[-13.0553,13.37226],[-13.05388,13.37159],[-13.0532,13.37111],[-13.05324,13.37075],[-13.05357,13.37031],[-13.05382,13.3699],[-13.05422,13.3695],[-13.0549,13.36954],[-13.05563,13.37009],[-13.0592,13.37152],[-13.05986,13.37133],[-13.06053,13.37014],[-13.06193,13.36924],[-13.06286,13.36843],[-13.06316,13.36746],[-13.06293,13.36651],[-13.06233,13.36619],[-13.06102,13.3666],[-13.06055,13.36638],[-13.06021,13.3655],[-13.06021,13.36409],[-13.05995,13.36347],[-13.05919,13.36266],[-13.05854,13.36223],[-13.05836,13.36127],[-13.05856,13.36051],[-13.05869,13.35973],[-13.05889,13.35932],[-13.05907,13.35914],[-13.05925,13.35903],[-13.05943,13.35898],[-13.0606,13.35859],[-13.06141,13.35768],[-13.06138,13.35662],[-13.06096,13.35611],[-13.06057,13.35592],[-13.06035,13.35566],[-13.06083,13.35485],[-13.06108,13.35475],[-13.0616,13.35467],[-13.06253,13.35413],[-13.06296,13.35271],[-13.06351,13.35183],[-13.06333,13.3509],[-13.06298,13.3506],[-13.06167,13.35018],[-13.06004,13.35014],[-13.05922,13.35031],[-13.05848,13.35064],[-13.05789,13.35083],[-13.05513,13.35153],[-13.05283,13.3523],[-13.05149,13.35293],[-13.05007,13.35342],[-13.04878,13.35358],[-13.04775,13.35326],[-13.04681,13.35237],[-13.0465,13.35138],[-13.04671,13.35001],[-13.04648,13.34932],[-13.04557,13.34866],[-13.04508,13.34858],[-13.04451,13.34945],[-13.04393,13.34985],[-13.04339,13.34995],[-13.04321,13.3499],[-13.04283,13.34972],[-13.04256,13.34969],[-13.04177,13.35033],[-13.04171,13.351],[-13.04169,13.35112],[-13.04163,13.3513],[-13.04148,13.35151],[-13.04061,13.35263],[-13.04057,13.35336],[-13.04175,13.35526],[-13.04196,13.35595],[-13.04174,13.35761],[-13.04186,13.35816],[-13.04225,13.35857],[-13.04262,13.35928],[-13.0427,13.35993],[-13.04257,13.36056],[-13.04189,13.36165],[-13.04162,13.36315],[-13.04127,13.36346],[-13.04023,13.36338],[-13.03937,13.36298],[-13.03854,13.36278],[-13.03828,13.36202],[-13.03852,13.36105],[-13.03811,13.36003],[-13.03791,13.35862],[-13.03761,13.35836],[-13.03672,13.35851],[-13.03602,13.35882],[-13.03507,13.35953],[-13.03409,13.36066],[-13.0333,13.36177],[-13.03272,13.36184],[-13.03232,13.36242],[-13.03255,13.36287],[-13.0332,13.36332],[-13.03334,13.36444],[-13.03302,13.36584],[-13.03273,13.36639],[-13.03191,13.36732],[-13.03154,13.36813],[-13.03111,13.3683],[-13.03044,13.36782],[-13.03008,13.3668],[-13.02965,13.36658],[-13.02837,13.3665],[-13.02788,13.36606],[-13.0278,13.36539],[-13.02836,13.36513],[-13.02878,13.3647],[-13.02876,13.36432],[-13.02818,13.36366],[-13.02756,13.36347],[-13.02706,13.36356],[-13.02594,13.36458],[-13.02527,13.36466],[-13.02418,13.36401],[-13.02335,13.36434],[-13.02352,13.36529],[-13.02473,13.36638],[-13.02545,13.36733],[-13.02675,13.36999],[-13.02683,13.37283],[-13.02696,13.37362],[-13.02761,13.37527],[-13.02758,13.37618],[-13.02736,13.3767],[-13.02673,13.37755],[-13.02589,13.38032],[-13.02519,13.38136],[-13.0244,13.38177],[-13.02384,13.38189],[-13.02344,13.38177],[-13.02331,13.38175],[-13.02303,13.38181],[-13.02285,13.38192],[-13.02256,13.38222],[-13.02202,13.38268],[-13.02121,13.38328],[-13.0205,13.38337],[-13.01986,13.38298],[-13.01967,13.38276],[-13.01941,13.38227],[-13.01925,13.38204],[-13.01824,13.38134],[-13.01654,13.3807],[-13.01435,13.37954],[-13.01363,13.37975],[-13.01306,13.38078],[-13.01274,13.38099],[-13.01193,13.3811],[-13.01119,13.38141],[-13.01034,13.38151],[-13.01016,13.38246],[-13.00974,13.38305],[-13.00879,13.38343],[-13.00786,13.38347],[-13.00568,13.38302],[-13.00473,13.3827],[-13.00379,13.38272],[-13.00309,13.38323],[-13.00283,13.38414],[-13.0024,13.3844],[-13.00086,13.38433],[-13.00014,13.38491],[-13.00015,13.38593],[-13.00022,13.3866],[-13.00029,13.38686],[-13.00065,13.38794],[-13.00043,13.39083],[-12.99984,13.39143],[-12.9986,13.39224],[-12.99833,13.39215],[-12.9982,13.39088],[-12.99786,13.3903],[-12.9971,13.38998],[-12.99636,13.39022],[-12.99506,13.39027],[-12.99407,13.39002],[-12.99366,13.38977],[-12.99317,13.38884],[-12.99291,13.38861],[-12.99271,13.38853],[-12.99252,13.38846],[-12.99214,13.38844],[-12.99154,13.38873],[-12.99111,13.38947],[-12.99036,13.3902],[-12.99036,13.39112],[-12.99076,13.39149],[-12.99162,13.39136],[-12.99198,13.39171],[-12.99244,13.39267],[-12.99276,13.39386],[-12.99307,13.3955],[-12.99326,13.39586],[-12.99342,13.39605],[-12.99362,13.39621],[-12.99579,13.39748],[-12.99619,13.39798],[-12.9963,13.39852],[-12.99622,13.39963],[-12.99593,13.40091],[-12.99601,13.40228],[-12.99642,13.40306],[-12.99636,13.40368],[-12.99555,13.40436],[-12.99541,13.40445],[-12.99523,13.40465],[-12.99506,13.40492],[-12.99506,13.40524],[-12.99528,13.40543],[-12.99567,13.40554],[-12.99576,13.4056],[-12.99585,13.40571],[-12.99583,13.40603],[-12.9953,13.40678],[-12.99479,13.40726],[-12.99461,13.40738],[-12.99441,13.40743],[-12.99386,13.407],[-12.99348,13.40697],[-12.99289,13.40764],[-12.99293,13.40883],[-12.99273,13.40925],[-12.99264,13.40951],[-12.99229,13.40982],[-12.99214,13.40982],[-12.99199,13.4098],[-12.99183,13.40951],[-12.99181,13.40772],[-12.99157,13.40738],[-12.99058,13.40743],[-12.98919,13.40784],[-12.98883,13.40852],[-12.98958,13.40975],[-12.9898,13.4107],[-12.99013,13.41129],[-12.99019,13.41152],[-12.99023,13.41184],[-12.98997,13.41288],[-12.98955,13.41333],[-12.98868,13.41353],[-12.98838,13.41349],[-12.98814,13.41341],[-12.98685,13.41284],[-12.98556,13.41288],[-12.98497,13.41274],[-12.98439,13.41233],[-12.98348,13.41222],[-12.98192,13.41248],[-12.98157,13.41301],[-12.98155,13.41538],[-12.98134,13.41606],[-12.98055,13.41619],[-12.97939,13.41689],[-12.97889,13.41762],[-12.97897,13.41827],[-12.97938,13.41862],[-12.97985,13.41821],[-12.98029,13.41828],[-12.98051,13.41903],[-12.98053,13.4198],[-12.98035,13.42021],[-12.97976,13.42077],[-12.97795,13.4233],[-12.97763,13.42449],[-12.97666,13.42553],[-12.97592,13.42573],[-12.97518,13.42566],[-12.97468,13.42605],[-12.97428,13.42654],[-12.97406,13.42688],[-12.97388,13.42706],[-12.9735,13.42703],[-12.97342,13.42698],[-12.9731,13.42667],[-12.97262,13.42634],[-12.97234,13.4258],[-12.9724,13.4246],[-12.97218,13.42412],[-12.97148,13.42375],[-12.97089,13.42372],[-12.97036,13.42405],[-12.96999,13.4246],[-12.96936,13.42446],[-12.96846,13.42515],[-12.96818,13.42599],[-12.96795,13.42755],[-12.96796,13.42841],[-12.96791,13.42873],[-12.96785,13.42885],[-12.96778,13.42897],[-12.96716,13.42955],[-12.96673,13.42955],[-12.96659,13.42945],[-12.96649,13.42932],[-12.96626,13.42896],[-12.96479,13.42787],[-12.96451,13.42741],[-12.9639,13.42589],[-12.96352,13.42553],[-12.96215,13.42527],[-12.9613,13.42499],[-12.96068,13.42459],[-12.95935,13.42429],[-12.95864,13.42465],[-12.95837,13.42538],[-12.95855,13.42609],[-12.95854,13.42706],[-12.95808,13.42824],[-12.95753,13.42887],[-12.95685,13.42923],[-12.95603,13.42936],[-12.95373,13.43044],[-12.95299,13.43001],[-12.95257,13.42997],[-12.9515,13.43068],[-12.95108,13.43083],[-12.95013,13.43062],[-12.94933,13.43092],[-12.94892,13.43137],[-12.94858,13.43208],[-12.94853,13.43298],[-12.94816,13.43354],[-12.94744,13.43412],[-12.94628,13.4347],[-12.94555,13.4348],[-12.94537,13.43559],[-12.94566,13.43616],[-12.94614,13.43663],[-12.94634,13.43685],[-12.94697,13.43779],[-12.94718,13.43834],[-12.947,13.43892],[-12.94642,13.43945],[-12.94517,13.44022],[-12.9448,13.44068],[-12.94476,13.44155],[-12.94414,13.44234],[-12.94371,13.44257],[-12.94256,13.44273],[-12.93936,13.44265],[-12.93774,13.44238],[-12.93725,13.4418],[-12.93674,13.44171],[-12.93271,13.44271],[-12.93171,13.44277],[-12.93131,13.4433],[-12.93117,13.4443],[-12.93122,13.44523],[-12.93099,13.44581],[-12.93052,13.44615],[-12.92973,13.44643],[-12.92885,13.4465],[-12.92811,13.44641],[-12.92726,13.44665],[-12.92652,13.44718],[-12.92525,13.44765],[-12.92395,13.44791],[-12.92239,13.44813],[-12.92106,13.44814],[-12.91925,13.44835],[-12.91874,13.4485],[-12.91814,13.4491],[-12.91773,13.45017],[-12.9169,13.44988],[-12.91616,13.44918],[-12.91576,13.44908],[-12.91504,13.44937],[-12.91434,13.4494],[-12.91359,13.44924],[-12.91319,13.44921],[-12.91279,13.44915],[-12.91235,13.44916],[-12.91193,13.44935],[-12.9118,13.44948],[-12.91147,13.44983],[-12.91122,13.45003],[-12.9103,13.45025],[-12.91009,13.45071],[-12.91042,13.45144],[-12.91091,13.45195],[-12.9111,13.45249],[-12.91117,13.45354],[-12.91097,13.45498],[-12.91132,13.45535],[-12.91254,13.45553],[-12.9127,13.45563],[-12.91301,13.45586],[-12.91337,13.45619],[-12.91401,13.457],[-12.91521,13.4577],[-12.9155,13.45852],[-12.91553,13.46141],[-12.91539,13.46169],[-12.91442,13.4617],[-12.91375,13.46138],[-12.9128,13.46113],[-12.91188,13.46118],[-12.91141,13.46146],[-12.91091,13.46227],[-12.91007,13.46288],[-12.90895,13.46287],[-12.90852,13.46345],[-12.90851,13.46533],[-12.90847,13.46566],[-12.90834,13.46647],[-12.90826,13.46709],[-12.90781,13.46815],[-12.90745,13.4686],[-12.9066,13.46913],[-12.90559,13.46931],[-12.90496,13.46916],[-12.90391,13.46954],[-12.90314,13.46959],[-12.90277,13.46946],[-12.90255,13.46929],[-12.90231,13.46843],[-12.90143,13.46752],[-12.90116,13.46694],[-12.90123,13.46629],[-12.90097,13.46573],[-12.90056,13.46545],[-12.90006,13.4656],[-12.89955,13.46608],[-12.89922,13.46694],[-12.89958,13.46785],[-12.90044,13.46863],[-12.90101,13.46973],[-12.90099,13.47034],[-12.90095,13.47049],[-12.9009,13.47062],[-12.90028,13.47163],[-12.90034,13.47267],[-12.89985,13.47343],[-12.89905,13.47371],[-12.89831,13.4736],[-12.89751,13.47323],[-12.89711,13.47325],[-12.89624,13.47375],[-12.89504,13.47519],[-12.89409,13.47584],[-12.89342,13.47583],[-12.89276,13.4755],[-12.89261,13.4755],[-12.89235,13.47554],[-12.89209,13.47565],[-12.8905,13.47666],[-12.88974,13.47706],[-12.88952,13.47736],[-12.88946,13.47751],[-12.88934,13.47795],[-12.88922,13.47859],[-12.88892,13.47951],[-12.88837,13.48202],[-12.88745,13.48321],[-12.88706,13.48412],[-12.88672,13.48533],[-12.88652,13.48657],[-12.88587,13.48694],[-12.88456,13.48685],[-12.88378,13.48693],[-12.88317,13.48719],[-12.88229,13.48702],[-12.88193,13.48653],[-12.88183,13.48575],[-12.88155,13.4852],[-12.88111,13.48486],[-12.87991,13.48502],[-12.8795,13.48529],[-12.87884,13.48625],[-12.87863,13.48761],[-12.87876,13.48818],[-12.87937,13.48888],[-12.88031,13.48964],[-12.88051,13.49057],[-12.87988,13.49125],[-12.87936,13.4914],[-12.87832,13.49131],[-12.87747,13.49166],[-12.8771,13.49216],[-12.8767,13.49391],[-12.87582,13.4946],[-12.87395,13.49489],[-12.87317,13.49489],[-12.87219,13.49459],[-12.87183,13.49475],[-12.87141,13.4954],[-12.8706,13.49619],[-12.87001,13.49651],[-12.86979,13.49687],[-12.86996,13.4983],[-12.86978,13.49902],[-12.86915,13.50019],[-12.86841,13.50041],[-12.86703,13.49953],[-12.86606,13.4995],[-12.86551,13.49933],[-12.86499,13.49867],[-12.86499,13.49836],[-12.86559,13.49654],[-12.86572,13.49559],[-12.86552,13.49501],[-12.86508,13.49476],[-12.86352,13.49481],[-12.86276,13.49461],[-12.86132,13.4946],[-12.86056,13.49495],[-12.8602,13.4955],[-12.86005,13.49649],[-12.85926,13.49926],[-12.85918,13.49998],[-12.85936,13.5011],[-12.85947,13.5014],[-12.85977,13.50198],[-12.85986,13.50237],[-12.85972,13.50285],[-12.85946,13.5032],[-12.85918,13.50347],[-12.85857,13.50378],[-12.85755,13.50382],[-12.85658,13.50334],[-12.856,13.50359],[-12.85573,13.50412],[-12.85617,13.5048],[-12.85656,13.50577],[-12.85699,13.50722],[-12.85708,13.50816],[-12.85674,13.50993],[-12.85612,13.51161],[-12.85586,13.51272],[-12.85579,13.51384],[-12.85556,13.51481],[-12.85523,13.51552],[-12.85482,13.51584],[-12.85382,13.516],[-12.85294,13.51634],[-12.85242,13.51698],[-12.85239,13.51759],[-12.85373,13.5193],[-12.85448,13.52003],[-12.85524,13.52053],[-12.856,13.52134],[-12.85618,13.52167],[-12.85639,13.52223],[-12.85623,13.52294],[-12.85549,13.52305],[-12.85535,13.52301],[-12.85521,13.52295],[-12.85509,13.52287],[-12.85476,13.52257],[-12.85457,13.52168],[-12.85424,13.52105],[-12.8538,13.5208],[-12.85317,13.52095],[-12.85283,13.5218],[-12.85231,13.52232],[-12.85088,13.5231],[-12.85063,13.52329],[-12.8504,13.52353],[-12.8501,13.52437],[-12.84995,13.52541],[-12.84959,13.52616],[-12.84848,13.52763],[-12.84783,13.52789],[-12.84707,13.52766],[-12.84656,13.52726],[-12.84601,13.5265],[-12.84558,13.52522],[-12.84483,13.52467],[-12.84306,13.52446],[-12.84207,13.52455],[-12.84156,13.52442],[-12.84131,13.52417],[-12.84111,13.52383],[-12.841,13.52367],[-12.84044,13.52316],[-12.8397,13.52306],[-12.83928,13.52403],[-12.83919,13.5242],[-12.83909,13.52434],[-12.83879,13.52466],[-12.83777,13.52537],[-12.83564,13.52599],[-12.83458,13.52677],[-12.83282,13.52679],[-12.83196,13.52709],[-12.83112,13.52775],[-12.83072,13.52842],[-12.8305,13.52936],[-12.83043,13.53106],[-12.83026,13.53148],[-12.82962,13.53181],[-12.82851,13.53165],[-12.82705,13.53088],[-12.82625,13.53069],[-12.82423,13.5305],[-12.8229,13.53025],[-12.82167,13.52987],[-12.82054,13.52968],[-12.81979,13.52968],[-12.81893,13.52994],[-12.81836,13.52965],[-12.8183,13.52904],[-12.81869,13.52823],[-12.81831,13.52764],[-12.81726,13.52725],[-12.81574,13.52627],[-12.81545,13.52598],[-12.81515,13.52558],[-12.81502,13.52545],[-12.81472,13.52527],[-12.81393,13.52536],[-12.81368,13.52564],[-12.81363,13.52586],[-12.81366,13.52626],[-12.81387,13.52682],[-12.81378,13.52758],[-12.81353,13.52789],[-12.81261,13.52815],[-12.81165,13.52822],[-12.81025,13.52867],[-12.80959,13.52816],[-12.80976,13.52759],[-12.81046,13.52727],[-12.81077,13.5266],[-12.81038,13.52624],[-12.81023,13.52619],[-12.81009,13.52617],[-12.80859,13.52637],[-12.80794,13.5271],[-12.80784,13.52762],[-12.80775,13.52791],[-12.80764,13.52852],[-12.80743,13.52864],[-12.80733,13.52863],[-12.80711,13.52858],[-12.80684,13.52867],[-12.80665,13.52897],[-12.80617,13.53056],[-12.80617,13.53084],[-12.80623,13.53104],[-12.80687,13.53134],[-12.80759,13.53107],[-12.80805,13.53164],[-12.80805,13.53227],[-12.80772,13.53299],[-12.80728,13.53335],[-12.80629,13.53355],[-12.80546,13.5334],[-12.80471,13.5341],[-12.80425,13.53431],[-12.80302,13.53447],[-12.80253,13.53452],[-12.80104,13.53446],[-12.80056,13.53485],[-12.80031,13.53566],[-12.79917,13.53813],[-12.79893,13.53844],[-12.79769,13.53875],[-12.79736,13.53943],[-12.79761,13.54038],[-12.799,13.54109],[-12.79947,13.54184],[-12.79958,13.5422],[-12.79964,13.54261],[-12.79961,13.54382],[-12.79937,13.54421],[-12.79871,13.54441],[-12.79792,13.54521],[-12.79626,13.54615],[-12.79607,13.54616],[-12.79589,13.54613],[-12.79571,13.54609],[-12.79489,13.54586],[-12.79372,13.54597],[-12.79298,13.54643],[-12.79263,13.54686],[-12.79256,13.54706],[-12.79253,13.54728],[-12.79253,13.54741],[-12.79256,13.54789],[-12.79232,13.54809],[-12.7904,13.54889],[-12.78955,13.54942],[-12.78891,13.54957],[-12.78821,13.54934],[-12.78808,13.54924],[-12.78796,13.54912],[-12.78766,13.54869],[-12.78735,13.54751],[-12.7867,13.54738],[-12.78638,13.54816],[-12.78593,13.5487],[-12.78531,13.54915],[-12.78491,13.54977],[-12.78488,13.5503],[-12.78484,13.55049],[-12.78463,13.55081],[-12.78352,13.55134],[-12.78204,13.55254],[-12.78146,13.55288],[-12.78059,13.55316],[-12.78005,13.5535],[-12.77957,13.55405],[-12.77956,13.55541],[-12.77916,13.55607],[-12.7784,13.55627],[-12.77823,13.55651],[-12.77824,13.55757],[-12.77786,13.55786],[-12.77701,13.55808],[-12.77486,13.55817],[-12.77447,13.55843],[-12.77373,13.55936],[-12.77332,13.55931],[-12.77132,13.55802],[-12.77087,13.55802],[-12.77003,13.55938],[-12.76938,13.56003],[-12.76826,13.56061],[-12.76677,13.56076],[-12.76543,13.56064],[-12.76404,13.56087],[-12.76339,13.56128],[-12.76294,13.56195],[-12.76197,13.56201],[-12.76122,13.56225],[-12.76054,13.56299],[-12.76019,13.56368],[-12.75962,13.564],[-12.75896,13.56394],[-12.75787,13.56422],[-12.75654,13.56496],[-12.75559,13.56475],[-12.7553,13.56407],[-12.75464,13.56337],[-12.75412,13.56304],[-12.75391,13.56294],[-12.75364,13.56283],[-12.7531,13.56268],[-12.75145,13.56242],[-12.75015,13.56271],[-12.74967,13.56327],[-12.74976,13.56386],[-12.74952,13.56458],[-12.74924,13.56474],[-12.74889,13.56447],[-12.74881,13.56399],[-12.74872,13.56365],[-12.74863,13.563],[-12.74797,13.56238],[-12.7475,13.56234],[-12.7474,13.56238],[-12.7473,13.56246],[-12.7471,13.56265],[-12.74674,13.56247],[-12.74707,13.56202],[-12.74724,13.56168],[-12.74719,13.56127],[-12.74678,13.56047],[-12.74628,13.55989],[-12.74492,13.55906],[-12.744,13.55878],[-12.74326,13.55834],[-12.74248,13.55759],[-12.74218,13.55696],[-12.74176,13.55689],[-12.74167,13.55696],[-12.74157,13.5571],[-12.74108,13.5578],[-12.74077,13.55833],[-12.74054,13.55857],[-12.73961,13.55881],[-12.73947,13.55837],[-12.73965,13.55757],[-12.73948,13.55687],[-12.73858,13.55497],[-12.73784,13.55424],[-12.73611,13.55353],[-12.73557,13.55346],[-12.73491,13.55361],[-12.7345,13.55392],[-12.73398,13.55473],[-12.73384,13.55537],[-12.73339,13.55568],[-12.73298,13.55538],[-12.73265,13.55476],[-12.73279,13.55378],[-12.73235,13.55283],[-12.73171,13.55241],[-12.73002,13.55174],[-12.72922,13.55191],[-12.72872,13.55254],[-12.7281,13.55279],[-12.72766,13.55239],[-12.728,13.55032],[-12.72771,13.54972],[-12.72681,13.54941],[-12.72567,13.54818],[-12.72505,13.54822],[-12.72452,13.54878],[-12.724,13.54876],[-12.72342,13.54823],[-12.72331,13.54769],[-12.72338,13.54658],[-12.72291,13.54577],[-12.72122,13.54401],[-12.72077,13.54345],[-12.71977,13.54142],[-12.71918,13.53954],[-12.71827,13.53702],[-12.71801,13.53532],[-12.71779,13.53446],[-12.71724,13.53292],[-12.71723,13.53214],[-12.71693,13.53175],[-12.7158,13.53171],[-12.71537,13.53197],[-12.7148,13.53309],[-12.71372,13.53351],[-12.7124,13.5331],[-12.71126,13.53388],[-12.71073,13.53375],[-12.70944,13.53261],[-12.70868,13.53255],[-12.70767,13.53314],[-12.7073,13.53375],[-12.70678,13.53403],[-12.7058,13.53407],[-12.70509,13.53392],[-12.70336,13.53402],[-12.70269,13.53379],[-12.70123,13.53306],[-12.69952,13.53191],[-12.69927,13.53162],[-12.69933,13.5309],[-12.7002,13.5306],[-12.70101,13.53093],[-12.70164,13.53072],[-12.7013,13.53024],[-12.69912,13.52967],[-12.69798,13.52903],[-12.69733,13.52905],[-12.69703,13.52964],[-12.69634,13.52985],[-12.69537,13.52953],[-12.69341,13.52794],[-12.69258,13.5275],[-12.69102,13.52724],[-12.6908,13.52712],[-12.69065,13.52699],[-12.68993,13.52624],[-12.68926,13.52632],[-12.68899,13.5266],[-12.68883,13.52672],[-12.68822,13.52686],[-12.68747,13.52672],[-12.68653,13.52627],[-12.68627,13.52593],[-12.6862,13.52526],[-12.68648,13.52462],[-12.68695,13.52412],[-12.68729,13.52335],[-12.68719,13.52219],[-12.6865,13.52057],[-12.68567,13.51974],[-12.68468,13.51939],[-12.68343,13.51946],[-12.68114,13.51849],[-12.68006,13.51827],[-12.67943,13.51805],[-12.67909,13.51786],[-12.67879,13.5177],[-12.67751,13.51675],[-12.67615,13.51555],[-12.67558,13.5152],[-12.67497,13.51448],[-12.67487,13.51397],[-12.67491,13.51325],[-12.67489,13.51307],[-12.67485,13.51288],[-12.67441,13.51218],[-12.6739,13.5118],[-12.6736,13.51166],[-12.67274,13.51126],[-12.67217,13.51092],[-12.67074,13.50953],[-12.66967,13.50867],[-12.66814,13.50778],[-12.66698,13.50683],[-12.66655,13.5062],[-12.66628,13.50508],[-12.66626,13.50348],[-12.66632,13.50318],[-12.66655,13.50237],[-12.66661,13.50207],[-12.66606,13.5017],[-12.66562,13.50189],[-12.66528,13.50201],[-12.66443,13.50238],[-12.66305,13.50236],[-12.66178,13.50155],[-12.66138,13.50093],[-12.66132,13.50008],[-12.66165,13.49909],[-12.66161,13.49788],[-12.66153,13.49757],[-12.66141,13.49728],[-12.66053,13.49571],[-12.66026,13.49465],[-12.66024,13.49331],[-12.66046,13.49261],[-12.66091,13.49176],[-12.66089,13.49109],[-12.66024,13.49031],[-12.65855,13.49028],[-12.65792,13.49039],[-12.65629,13.49098],[-12.65595,13.49106],[-12.65567,13.49108],[-12.65499,13.49096],[-12.65431,13.4906],[-12.6536,13.48993],[-12.65326,13.48933],[-12.65302,13.4883],[-12.65287,13.48784],[-12.6527,13.48743],[-12.65237,13.48673],[-12.65217,13.48612],[-12.65143,13.48571],[-12.65072,13.4858],[-12.64989,13.48604],[-12.64875,13.48601],[-12.64812,13.48579],[-12.64732,13.48524],[-12.64647,13.48404],[-12.64588,13.48356],[-12.64476,13.48302],[-12.64373,13.48204],[-12.64311,13.48163],[-12.64243,13.48088],[-12.64145,13.4792],[-12.64119,13.47861],[-12.64121,13.47781],[-12.64263,13.47697],[-12.64291,13.47666],[-12.64301,13.47648],[-12.64311,13.47628],[-12.64319,13.47592],[-12.64299,13.47506],[-12.6426,13.47474],[-12.64093,13.47404],[-12.64056,13.47392],[-12.64021,13.47384],[-12.63888,13.47363],[-12.63793,13.47333],[-12.63734,13.47283],[-12.63676,13.47178],[-12.63696,13.471],[-12.63751,13.47032],[-12.63785,13.47],[-12.63799,13.46979],[-12.63776,13.46933],[-12.63691,13.46925],[-12.63659,13.4691],[-12.63628,13.4689],[-12.63529,13.4679],[-12.63468,13.46699],[-12.63416,13.46691],[-12.63361,13.46709],[-12.63296,13.46741],[-12.63268,13.46702],[-12.63282,13.46663],[-12.63284,13.4663],[-12.63253,13.46578],[-12.63174,13.4655],[-12.6307,13.46613],[-12.63049,13.46637],[-12.63005,13.46707],[-12.62949,13.46764],[-12.62889,13.4678],[-12.62799,13.46669],[-12.62679,13.46628],[-12.62375,13.4639],[-12.62265,13.46415],[-12.62226,13.46445],[-12.62205,13.4648],[-12.62187,13.46529],[-12.62177,13.46551],[-12.6209,13.46666],[-12.61987,13.46701],[-12.61924,13.46692],[-12.61868,13.46661],[-12.6174,13.46464],[-12.61699,13.46437],[-12.61646,13.46436],[-12.61566,13.46475],[-12.61501,13.46548],[-12.61433,13.46567],[-12.61385,13.4656],[-12.61181,13.46493],[-12.61117,13.46485],[-12.6101,13.46517],[-12.60979,13.46509],[-12.60899,13.46443],[-12.60828,13.46426],[-12.6074,13.46437],[-12.60623,13.46489],[-12.60531,13.46457],[-12.60432,13.46466],[-12.60309,13.46513],[-12.60233,13.46508],[-12.60135,13.46429],[-12.6004,13.46416],[-12.59932,13.46464],[-12.59834,13.46463],[-12.59586,13.4641],[-12.59475,13.46378],[-12.59356,13.4631],[-12.59238,13.4622],[-12.59058,13.46059],[-12.58907,13.45941],[-12.58838,13.45898],[-12.58702,13.45867],[-12.58273,13.45876],[-12.58223,13.45459],[-12.58091,13.453],[-12.57975,13.45179],[-12.57853,13.45025],[-12.57752,13.44838],[-12.57711,13.44714],[-12.57698,13.44543],[-12.57668,13.44413],[-12.57593,13.443],[-12.57489,13.44202],[-12.5742,13.44113],[-12.57356,13.43964],[-12.57281,13.43847],[-12.57203,13.43783],[-12.57058,13.43695],[-12.56778,13.43495],[-12.56683,13.43394],[-12.566,13.43263],[-12.56521,13.43171],[-12.56418,13.4309],[-12.56299,13.43015],[-12.56197,13.42947],[-12.56022,13.42849],[-12.55923,13.42783],[-12.55853,13.42723],[-12.5574,13.42594],[-12.55628,13.42418],[-12.55646,13.42331],[-12.55531,13.42123],[-12.5548,13.42046],[-12.55383,13.41944],[-12.55162,13.41799],[-12.55039,13.41663],[-12.54959,13.41534],[-12.54906,13.41386],[-12.54835,13.41242],[-12.54768,13.41148],[-12.54503,13.40827],[-12.54418,13.40668],[-12.54385,13.40556],[-12.54331,13.40296],[-12.54318,13.40189],[-12.54303,13.39995],[-12.54292,13.39886],[-12.5429,13.39719],[-12.54279,13.39667],[-12.54219,13.39569],[-12.54169,13.39526],[-12.54023,13.39445],[-12.53955,13.39402],[-12.53862,13.39348],[-12.53814,13.39318],[-12.53537,13.39116],[-12.53413,13.39038],[-12.5328,13.38928],[-12.53201,13.3884],[-12.53126,13.38735],[-12.53033,13.38568],[-12.52924,13.38329],[-12.52861,13.38149],[-12.5283,13.37964],[-12.52799,13.379],[-12.52743,13.37841],[-12.52635,13.37759],[-12.52574,13.3768],[-12.5254,13.37613],[-12.52459,13.37404],[-12.52447,13.37324],[-12.52416,13.37258],[-12.52335,13.37222],[-12.52189,13.37209],[-12.52068,13.37126],[-12.51967,13.37002],[-12.51857,13.36896],[-12.51769,13.36845],[-12.51588,13.36772],[-12.5152,13.36728],[-12.5145,13.36639],[-12.51428,13.36499],[-12.51399,13.36421],[-12.51328,13.36371],[-12.51257,13.36361],[-12.51095,13.36359],[-12.5096,13.36307],[-12.5086,13.3625],[-12.50766,13.36176],[-12.50619,13.3604],[-12.50499,13.35953],[-12.50164,13.35725],[-12.50084,13.35664],[-12.50009,13.35584],[-12.49937,13.35472],[-12.49895,13.35349],[-12.49848,13.35266],[-12.49792,13.352],[-12.49705,13.3513],[-12.49267,13.34823],[-12.49017,13.34622],[-12.488,13.34421],[-12.48705,13.34318],[-12.48602,13.34242],[-12.485,13.34194],[-12.48406,13.34134],[-12.48298,13.34032],[-12.47973,13.33869],[-12.47605,13.33277],[-12.4739,13.32999],[-12.47313,13.3283],[-12.47292,13.32685],[-12.47293,13.32619],[-12.47295,13.32604],[-12.47299,13.32574],[-12.47338,13.32295],[-12.4736,13.31852],[-12.47361,13.31712],[-12.47344,13.31472],[-12.47325,13.3135],[-12.47255,13.31012],[-12.46817,13.30736],[-12.46858,13.30691],[-12.46893,13.3062],[-12.46901,13.30519],[-12.46818,13.30327],[-12.46734,13.30194],[-12.46705,13.30067],[-12.46726,13.2997],[-12.46782,13.29832],[-12.46798,13.29736],[-12.46776,13.29602],[-12.46733,13.29457],[-12.46699,13.29289],[-12.46655,13.29237],[-12.46594,13.29195],[-12.46542,13.29089],[-12.46533,13.28935],[-12.46478,13.28788],[-12.46364,13.2859],[-12.46299,13.28502],[-12.46195,13.28382],[-12.46088,13.28198],[-12.46032,13.28053],[-12.4602,13.27982],[-12.46015,13.27845],[-12.46027,13.27772],[-12.46113,13.27695],[-12.4624,13.2769],[-12.46298,13.27716],[-12.46358,13.27716],[-12.46389,13.2765],[-12.46381,13.27519],[-12.4639,13.27454],[-12.46474,13.27314],[-12.46581,13.27212],[-12.46775,13.27062],[-12.46853,13.27015],[-12.46984,13.2694],[-12.47152,13.26853],[-12.4711,13.26798],[-12.47104,13.26674],[-12.47169,13.26441],[-12.47172,13.26358],[-12.47115,13.26088],[-12.47128,13.25993],[-12.47218,13.25878],[-12.47258,13.25813],[-12.47245,13.25734],[-12.47191,13.25693],[-12.47051,13.25634],[-12.46996,13.25583],[-12.46976,13.25465],[-12.47003,13.25318],[-12.47007,13.25051],[-12.47017,13.24867],[-12.47043,13.24676],[-12.47047,13.24557],[-12.47023,13.24321],[-12.46953,13.24015],[-12.46925,13.23938],[-12.46842,13.23848],[-12.46694,13.23792],[-12.46639,13.23758],[-12.46511,13.2363],[-12.46447,13.23793],[-12.46344,13.23896],[-12.46302,13.23909],[-12.4612,13.23894],[-12.4608,13.23915],[-12.46076,13.24161],[-12.46113,13.24341],[-12.46107,13.2441],[-12.4606,13.24626],[-12.45998,13.24773],[-12.4591,13.24892],[-12.45707,13.25088],[-12.45653,13.25149],[-12.45559,13.2531],[-12.45517,13.25417],[-12.45402,13.25671],[-12.45336,13.25747],[-12.45274,13.25733],[-12.45178,13.25589],[-12.45104,13.25551],[-12.45066,13.25552],[-12.44958,13.25645],[-12.44881,13.25745],[-12.44803,13.2588],[-12.44684,13.26005],[-12.44611,13.26065],[-12.44472,13.2616],[-12.44243,13.26327],[-12.4414,13.26412],[-12.44045,13.26477],[-12.43772,13.2662],[-12.43684,13.26679],[-12.43553,13.26787],[-12.43468,13.26843],[-12.43356,13.26883],[-12.43151,13.26887],[-12.4302,13.26947],[-12.42745,13.27019],[-12.42553,13.27091],[-12.42369,13.27207],[-12.42294,13.27242],[-12.42209,13.27259],[-12.42104,13.27314],[-12.42077,13.27359],[-12.42023,13.27571],[-12.42019,13.27721],[-12.41987,13.27892],[-12.41947,13.27986],[-12.41886,13.28094],[-12.41675,13.28423],[-12.41578,13.28481],[-12.41394,13.28523],[-12.41283,13.28521],[-12.41194,13.28494],[-12.41136,13.28459],[-12.41088,13.28394],[-12.41028,13.28255],[-12.40995,13.28204],[-12.40906,13.2815],[-12.40767,13.28138],[-12.40497,13.28186],[-12.40409,13.28222],[-12.4032,13.28284],[-12.40019,13.28459],[-12.39845,13.28537],[-12.39772,13.2856],[-12.39487,13.28616],[-12.39357,13.28623],[-12.39234,13.28588],[-12.39139,13.28529],[-12.39013,13.2848],[-12.38959,13.28475],[-12.38831,13.28499],[-12.38752,13.28544],[-12.38676,13.28617],[-12.38634,13.28688],[-12.38527,13.28918],[-12.38444,13.28999],[-12.38383,13.29025],[-12.38187,13.29052],[-12.38042,13.29054],[-12.37795,13.29016],[-12.37709,13.29037],[-12.37564,13.29121],[-12.37502,13.29143],[-12.37426,13.29141],[-12.37286,13.29035],[-12.37092,13.28861],[-12.37024,13.28836],[-12.36932,13.28824],[-12.36772,13.28775],[-12.367,13.28727],[-12.36634,13.28662],[-12.36559,13.28544],[-12.36453,13.28424],[-12.36317,13.28306],[-12.3617,13.28098],[-12.36042,13.27996],[-12.359,13.27933],[-12.35801,13.27846],[-12.35727,13.27798],[-12.35461,13.27657],[-12.35247,13.27564],[-12.35027,13.27511],[-12.34886,13.27463],[-12.34671,13.27365],[-12.34446,13.27233],[-12.34388,13.27137],[-12.34319,13.27066],[-12.34292,13.26944],[-12.3425,13.26856],[-12.34174,13.26814],[-12.34095,13.26729],[-12.34037,13.26629],[-12.34009,13.26554],[-12.33996,13.26454],[-12.33995,13.26161],[-12.33967,13.26042],[-12.33966,13.25963],[-12.33934,13.25858],[-12.3388,13.25848],[-12.33711,13.25851],[-12.33602,13.25815],[-12.33433,13.25804],[-12.33385,13.25838],[-12.33355,13.25889],[-12.33285,13.26082],[-12.33229,13.26107],[-12.3314,13.26115],[-12.32928,13.26154],[-12.32891,13.26187],[-12.32851,13.26285],[-12.32817,13.26292],[-12.32722,13.26249],[-12.32655,13.26191],[-12.32583,13.26191],[-12.32505,13.26232],[-12.32502,13.26324],[-12.32515,13.26425],[-12.3251,13.26501],[-12.32485,13.26567],[-12.32427,13.26613],[-12.32421,13.26682],[-12.3248,13.26762],[-12.32454,13.26882],[-12.32373,13.26939],[-12.32344,13.26983],[-12.32379,13.27178],[-12.3238,13.27238],[-12.32283,13.27361],[-12.32293,13.2739],[-12.32373,13.27446],[-12.32413,13.27536],[-12.32425,13.27611],[-12.32425,13.27774],[-12.32414,13.27821],[-12.32357,13.2792],[-12.3234,13.28104],[-12.32328,13.28136],[-12.32247,13.28156],[-12.32153,13.28048],[-12.32081,13.28041],[-12.31995,13.28079],[-12.31967,13.2816],[-12.31914,13.28188],[-12.31831,13.28194],[-12.31788,13.28228],[-12.31792,13.28397],[-12.31761,13.28434],[-12.31645,13.2852],[-12.31613,13.28563],[-12.31557,13.28753],[-12.31496,13.28777],[-12.3146,13.28839],[-12.31434,13.2896],[-12.31317,13.29132],[-12.31309,13.29224],[-12.31282,13.29261],[-12.3121,13.2929],[-12.31139,13.29291],[-12.31089,13.29329],[-12.31076,13.29481],[-12.31101,13.29744],[-12.31073,13.29863],[-12.3108,13.30015],[-12.31111,13.30115],[-12.3111,13.30173],[-12.31081,13.3028],[-12.31021,13.30395],[-12.30964,13.30546],[-12.30958,13.3061],[-12.30977,13.30756],[-12.31052,13.3096],[-12.31009,13.31119],[-12.3096,13.31213],[-12.30888,13.31385],[-12.30815,13.31534],[-12.30679,13.31757],[-12.30595,13.31814],[-12.30435,13.31854],[-12.30229,13.31857],[-12.30115,13.31842],[-12.29944,13.31804],[-12.29708,13.31703],[-12.29647,13.3167],[-12.29487,13.31554],[-12.2933,13.31476],[-12.29259,13.31423],[-12.29183,13.314],[-12.29067,13.31385],[-12.28903,13.31391],[-12.28826,13.31418],[-12.2877,13.31476],[-12.28692,13.31519],[-12.28544,13.31567],[-12.28361,13.31603],[-12.27989,13.31624],[-12.27612,13.31613],[-12.27394,13.31628],[-12.27127,13.31673],[-12.27021,13.31685],[-12.26834,13.3168],[-12.26731,13.31657],[-12.26537,13.31549],[-12.26437,13.31507],[-12.26213,13.31468],[-12.26036,13.31422],[-12.25815,13.3139],[-12.25605,13.31329],[-12.25403,13.3135],[-12.25293,13.31383],[-12.25204,13.31453],[-12.25034,13.31544],[-12.24854,13.31586],[-12.24719,13.31583],[-12.24547,13.31605],[-12.24442,13.31608],[-12.24175,13.31592],[-12.23979,13.31602],[-12.23787,13.31602],[-12.23425,13.3159],[-12.23175,13.31594],[-12.23041,13.31577],[-12.2302,13.31601],[-12.2302,13.31719],[-12.23046,13.31825],[-12.23128,13.32008],[-12.23138,13.32063],[-12.23128,13.32176],[-12.23053,13.32344],[-12.2292,13.32577],[-12.22813,13.32677],[-12.22741,13.32773],[-12.22577,13.33073],[-12.22452,13.33275],[-12.22389,13.33363],[-12.2218,13.33537],[-12.22114,13.33624],[-12.2208,13.3372],[-12.22093,13.33788],[-12.22135,13.3389],[-12.22232,13.34042],[-12.22448,13.34346],[-12.22586,13.3446],[-12.2271,13.34585],[-12.22813,13.34711],[-12.22893,13.34755],[-12.22994,13.34836],[-12.2308,13.34941],[-12.23108,13.35001],[-12.23115,13.35134],[-12.23154,13.3522],[-12.23323,13.35464],[-12.23399,13.35559],[-12.23503,13.3567],[-12.23605,13.35746],[-12.23756,13.35833],[-12.23812,13.35897],[-12.23884,13.36106],[-12.23998,13.36351],[-12.24066,13.3635],[-12.24171,13.36321],[-12.24291,13.36269],[-12.24357,13.36254],[-12.24501,13.3628],[-12.24582,13.36323],[-12.24626,13.36372],[-12.24714,13.36502],[-12.24838,13.36609],[-12.24861,13.36653],[-12.24906,13.36798],[-12.25006,13.36893],[-12.25059,13.36987],[-12.25165,13.3727],[-12.25196,13.37393],[-12.25228,13.37468],[-12.25339,13.37655],[-12.25371,13.37758],[-12.25419,13.38002],[-12.25444,13.38165],[-12.25438,13.38301],[-12.25445,13.38365],[-12.25494,13.38445],[-12.25567,13.38512],[-12.25726,13.3857],[-12.25784,13.38603],[-12.25821,13.38647],[-12.25891,13.38794],[-12.25918,13.3891],[-12.25931,13.39056],[-12.25927,13.39169],[-12.25936,13.39254],[-12.25965,13.39366],[-12.26048,13.39523],[-12.26107,13.39612],[-12.26125,13.39698],[-12.26095,13.39866],[-12.26064,13.39939],[-12.25909,13.40228],[-12.25846,13.40324],[-12.25814,13.40393],[-12.25803,13.40491],[-12.25817,13.4054],[-12.25891,13.40608],[-12.25951,13.40707],[-12.26044,13.40999],[-12.26119,13.41128],[-12.26139,13.41207],[-12.26142,13.41313],[-12.26129,13.41377],[-12.26073,13.41503],[-12.25957,13.41679],[-12.25867,13.41867],[-12.25794,13.42001],[-12.25657,13.42214],[-12.25583,13.423],[-12.25477,13.42347],[-12.25354,13.42369],[-12.25156,13.42436],[-12.24993,13.42473],[-12.24902,13.42571],[-12.24841,13.42705],[-12.24824,13.42804],[-12.24807,13.43222],[-12.24811,13.43558],[-12.24808,13.43716],[-12.24792,13.44024],[-12.2477,13.44283],[-12.24747,13.44441],[-12.2474,13.44564],[-12.24767,13.4492],[-12.24795,13.45118],[-12.24834,13.45276],[-12.2489,13.45431],[-12.24886,13.45521],[-12.24856,13.45619],[-12.24777,13.45697],[-12.24565,13.45815]]]},"properties":{"slug":"goudiry","name":"Goudiry","department":"Goudiry","code":"SN1202","parent":"region-tambacounda"}},{"type":"Feature","geometry":{"type":"Polygon","coordinates":[[[-15.02404,14.61274],[-15.07685,14.62084],[-15.07867,14.62082],[-15.08056,14.62064],[-15.08357,14.61986],[-15.08473,14.61968],[-15.08645,14.62004],[-15.12386,14.62714],[-15.14137,14.63042],[-15.15805,14.63356],[-15.21822,14.64489],[-15.259,14.65207],[-15.28628,14.65719],[-15.303,14.66004],[-15.30607,14.66075],[-15.31135,14.66206],[-15.31636,14.6663],[-15.34861,14.68605],[-15.39222,14.70213],[-15.42755,14.71516],[-15.44912,14.72308],[-15.45021,14.72343],[-15.45596,14.68202],[-15.45925,14.65707],[-15.46175,14.63486],[-15.46255,14.62929],[-15.46882,14.58227],[-15.46845,14.58221],[-15.46539,14.58072],[-15.44985,14.55045],[-15.43726,14.52591],[-15.41162,14.47591],[-15.39714,14.44767],[-15.37368,14.41208],[-15.36234,14.39487],[-15.37165,14.3399],[-15.3991,14.32858],[-15.42075,14.31656],[-15.43519,14.30597],[-15.44528,14.29608],[-15.4409,14.27284],[-15.43508,14.251],[-15.43002,14.24819],[-15.43,14.23903],[-15.43865,14.22774],[-15.44368,14.21716],[-15.4386,14.20237],[-15.43568,14.18617],[-15.42483,14.17703],[-15.4017,14.16509],[-15.40673,14.1517],[-15.4146,14.11081],[-15.42179,14.09459],[-15.41744,14.08473],[-15.41885,14.06923],[-15.41919,14.05408],[-15.41752,14.05094],[-15.41552,14.05057],[-15.41191,14.04973],[-15.40916,14.0486],[-15.40698,14.04833],[-15.40336,14.04734],[-15.40104,14.04692],[-15.39815,14.04594],[-15.39439,14.04509],[-15.39105,14.04411],[-15.38744,14.04327],[-15.37585,14.04047],[-15.3715,14.03934],[-15.36803,14.03863],[-15.36441,14.03708],[-15.36123,14.03681],[-15.35746,14.03512],[-15.35253,14.03471],[-15.34849,14.03344],[-15.34428,14.03231],[-15.33603,14.03006],[-15.33313,14.02866],[-15.33038,14.02739],[-15.32763,14.02683],[-15.32503,14.02556],[-15.323,14.02514],[-15.32083,14.0243],[-15.31532,14.02246],[-15.31192,14.02148],[-15.30764,14.01978],[-15.30388,14.01852],[-15.30128,14.0174],[-15.29802,14.015],[-15.29469,14.01302],[-15.29027,14.01161],[-15.28679,14.0095],[-15.28317,14.00753],[-15.28064,14.00583],[-15.27702,14.004],[-15.27426,14.00289],[-15.26915,14.00065],[-15.26558,13.99868],[-15.26169,13.99747],[-15.2575,13.99687],[-15.25284,13.99627],[-15.23654,13.99598],[-15.22723,13.99493],[-15.21993,13.99524],[-15.21264,13.99525],[-15.20239,13.99541],[-15.1951,13.99541],[-15.18656,13.99557],[-15.17492,13.99573],[-15.16467,13.99559],[-15.15815,13.99574],[-15.15536,13.99574],[-15.1507,13.99514],[-15.1462,13.99438],[-15.14014,13.99348],[-15.13549,13.99257],[-15.13114,13.99212],[-15.1269,13.99208],[-15.12731,13.99297],[-15.12851,13.99473],[-15.12987,13.99687],[-15.13137,13.99885],[-15.13238,14.00002],[-15.13432,14.00132],[-15.13689,14.00661],[-15.13527,14.01882],[-15.13458,14.02334],[-15.12926,14.03216],[-15.12648,14.04143],[-15.11931,14.05183],[-15.11609,14.11062],[-15.11494,14.11966],[-15.11356,14.13345],[-15.11241,14.14838],[-15.10986,14.15448],[-15.10221,14.16895],[-15.10129,14.17076],[-15.09805,14.17754],[-15.09457,14.18206],[-15.08462,14.19292],[-15.07998,14.19948],[-15.07094,14.21236],[-15.067,14.21892],[-15.06214,14.22841],[-15.05936,14.23429],[-15.05682,14.24357],[-15.05566,14.2499],[-15.05589,14.2551],[-15.05797,14.28042],[-15.05844,14.2933],[-15.05937,14.30573],[-15.06077,14.3297],[-15.06077,14.34756],[-15.0624,14.37333],[-15.06334,14.40316],[-15.06357,14.40723],[-15.06427,14.41808],[-15.06591,14.45313],[-15.06591,14.45788],[-15.05825,14.485],[-15.05686,14.49065],[-15.05385,14.50309],[-15.04944,14.51801],[-15.04318,14.54198],[-15.03785,14.56074],[-15.03251,14.5804],[-15.0288,14.59465],[-15.02472,14.61063],[-15.02438,14.6114],[-15.02404,14.61274]]]},"properties":{"slug":"malem-hodar","name":"Malem Hodar","department":"Malem Hodar","code":"SN0404","parent":"region-kaffrine"}},{"type":"Feature","geometry":{"type":"Polygon","coordinates":[[[-15.46255,14.62929],[-15.48006,14.63882],[-15.5544,14.6556],[-15.59858,14.67669],[-15.61166,14.68559],[-15.61281,14.6868],[-15.61374,14.68745],[-15.61551,14.68848],[-15.61746,14.69009],[-15.61867,14.691],[-15.61978,14.69172],[-15.62226,14.69298],[-15.62317,14.69367],[-15.62465,14.69503],[-15.62669,14.69662],[-15.62927,14.69815],[-15.63141,14.69952],[-15.63301,14.70099],[-15.63532,14.70196],[-15.63664,14.70319],[-15.63728,14.70361],[-15.63946,14.70456],[-15.64039,14.70522],[-15.64157,14.70628],[-15.64321,14.70757],[-15.64469,14.7086],[-15.64736,14.71022],[-15.65272,14.71312],[-15.65324,14.71331],[-15.65441,14.71346],[-15.65578,14.7132],[-15.65652,14.7125],[-15.65707,14.71164],[-15.65756,14.71059],[-15.65824,14.70968],[-15.65832,14.70897],[-15.65867,14.70853],[-15.66178,14.70732],[-15.6631,14.70686],[-15.66445,14.70654],[-15.66617,14.70641],[-15.66802,14.70617],[-15.66911,14.70585],[-15.67045,14.70519],[-15.67169,14.70422],[-15.67283,14.70287],[-15.67407,14.70162],[-15.6756,14.7003],[-15.67634,14.69991],[-15.67648,14.69957],[-15.67625,14.69831],[-15.67633,14.69633],[-15.67657,14.69562],[-15.67701,14.69524],[-15.67799,14.69477],[-15.67951,14.69433],[-15.68438,14.69358],[-15.68686,14.69345],[-15.68971,14.69311],[-15.6911,14.69265],[-15.69209,14.69267],[-15.69317,14.69296],[-15.69417,14.69344],[-15.69461,14.69345],[-15.69656,14.69274],[-15.69778,14.69158],[-15.6984,14.69146],[-15.69952,14.6917],[-15.70008,14.69216],[-15.70176,14.69438],[-15.70222,14.69455],[-15.70353,14.69423],[-15.70438,14.69373],[-15.7051,14.69356],[-15.70657,14.69371],[-15.70744,14.69423],[-15.70834,14.69518],[-15.70883,14.69601],[-15.70908,14.69679],[-15.70915,14.69773],[-15.70961,14.6989],[-15.71026,14.69926],[-15.71107,14.69914],[-15.71131,14.69873],[-15.71181,14.69693],[-15.71239,14.696],[-15.71276,14.69587],[-15.71387,14.6961],[-15.71587,14.69702],[-15.71725,14.69741],[-15.71796,14.69845],[-15.71935,14.69999],[-15.71989,14.70094],[-15.72048,14.70246],[-15.72083,14.70304],[-15.72207,14.70466],[-15.72306,14.70579],[-15.7256,14.70851],[-15.72831,14.71192],[-15.72937,14.71301],[-15.73015,14.7135],[-15.75036,14.73558],[-15.76579,14.75261],[-15.76694,14.75091],[-15.76693,14.74963],[-15.76911,14.74892],[-15.77049,14.74726],[-15.7722,14.74631],[-15.774,14.7454],[-15.77624,14.74418],[-15.77922,14.74323],[-15.7815,14.7422],[-15.78533,14.7408],[-15.7878,14.73976],[-15.78999,14.73925],[-15.79274,14.73824],[-15.79564,14.73753],[-15.79678,14.73427],[-15.79736,14.73046],[-15.79787,14.72779],[-15.79879,14.72453],[-15.79965,14.72169],[-15.80065,14.71774],[-15.80093,14.71434],[-15.80166,14.70879],[-15.80215,14.70572],[-15.80321,14.70134],[-15.80342,14.69939],[-15.80445,14.6953],[-15.80453,14.69071],[-15.80426,14.68818],[-15.8034,14.6849],[-15.80276,14.68228],[-15.80231,14.67782],[-15.80131,14.67298],[-15.80067,14.67078],[-15.80041,14.66755],[-15.79962,14.65997],[-15.79909,14.65588],[-15.79832,14.65095],[-15.79726,14.64667],[-15.79686,14.64249],[-15.79637,14.63972],[-15.7963,14.636],[-15.79576,14.63265],[-15.79616,14.63012],[-15.7969,14.62599],[-15.79711,14.62318],[-15.79718,14.62121],[-15.79809,14.61796],[-15.79849,14.61511],[-15.79994,14.61213],[-15.80152,14.60911],[-15.80215,14.6065],[-15.80359,14.60315],[-15.80484,14.60104],[-15.80566,14.59797],[-15.80654,14.59621],[-15.80828,14.59381],[-15.8105,14.58871],[-15.81274,14.58715],[-15.81462,14.58545],[-15.81664,14.58304],[-15.81924,14.57964],[-15.82185,14.57837],[-15.8243,14.57666],[-15.82705,14.57496],[-15.8301,14.57297],[-15.83342,14.57055],[-15.8353,14.56843],[-15.83747,14.56672],[-15.83813,14.56514],[-15.84065,14.56402],[-15.84259,14.5615],[-15.846,14.55977],[-15.84781,14.55807],[-15.85403,14.55437],[-15.85663,14.55266],[-15.86301,14.54968],[-15.86591,14.54853],[-15.86938,14.54654],[-15.87213,14.54583],[-15.87531,14.54454],[-15.87749,14.54412],[-15.88112,14.54283],[-15.88545,14.54168],[-15.88887,14.54068],[-15.89278,14.54038],[-15.89698,14.53881],[-15.89959,14.53866],[-15.90408,14.53765],[-15.90873,14.53693],[-15.91684,14.53619],[-15.91843,14.5359],[-15.92265,14.53617],[-15.92554,14.53503],[-15.92902,14.53459],[-15.93148,14.53359],[-15.93351,14.53288],[-15.93627,14.53215],[-15.94018,14.53243],[-15.94129,14.53265],[-15.94216,14.53266],[-15.94438,14.53246],[-15.94524,14.53223],[-15.94619,14.53163],[-15.9467,14.53148],[-15.95001,14.53139],[-15.95473,14.53143],[-15.95606,14.5316],[-15.95743,14.53208],[-15.95876,14.53264],[-15.9607,14.53315],[-15.96233,14.5333],[-15.96395,14.53319],[-15.96513,14.53296],[-15.96714,14.53238],[-15.96934,14.53203],[-15.97015,14.53181],[-15.97285,14.53082],[-15.97382,14.53038],[-15.97603,14.52872],[-15.9787,14.52716],[-15.98108,14.52573],[-15.98373,14.524],[-15.985,14.52305],[-15.98656,14.52216],[-15.98817,14.5214],[-15.99071,14.52032],[-15.99143,14.51996],[-15.99426,14.51822],[-15.99662,14.51728],[-15.99795,14.51654],[-15.99898,14.51545],[-15.9999,14.51532],[-16.00006,14.51851],[-16.00003,14.52341],[-15.99997,14.5258],[-16.00011,14.52864],[-15.99993,14.53286],[-15.99996,14.53432],[-16.00016,14.53515],[-16.01383,14.53746],[-16.02093,14.53868],[-16.02594,14.53948],[-16.03017,14.54009],[-16.03627,14.54087],[-16.03997,14.54113],[-16.05382,14.54207],[-16.06166,14.54274],[-16.07211,14.54354],[-16.08227,14.54434],[-16.09475,14.54583],[-16.10868,14.54761],[-16.1229,14.54825],[-16.13087,14.54736],[-16.14247,14.54716],[-16.14857,14.54783],[-16.149,14.54795],[-16.14947,14.54632],[-16.15067,14.54464],[-16.15106,14.54331],[-16.15159,14.54212],[-16.15323,14.5415],[-16.15481,14.54008],[-16.15683,14.5388],[-16.15827,14.53625],[-16.15928,14.53483],[-16.16058,14.53412],[-16.1629,14.53297],[-16.16448,14.53099],[-16.16694,14.52999],[-16.16983,14.52799],[-16.17142,14.5263],[-16.17417,14.52473],[-16.17546,14.52274],[-16.17704,14.52146],[-16.18037,14.51918],[-16.1824,14.51734],[-16.18325,14.51578],[-16.18542,14.5145],[-16.18774,14.51279],[-16.18928,14.50948],[-16.19186,14.50588],[-16.19552,14.50343],[-16.19667,14.50187],[-16.19737,14.49863],[-16.19879,14.49694],[-16.20027,14.49503],[-16.201,14.49315],[-16.20168,14.49058],[-16.2023,14.48884],[-16.2027,14.48719],[-16.20373,14.48214],[-16.2035,14.47739],[-16.20422,14.47598],[-16.20435,14.47329],[-16.20463,14.47047],[-16.20461,14.46807],[-16.20519,14.46736],[-16.20517,14.46382],[-16.20486,14.46128],[-16.20543,14.4593],[-16.20498,14.4569],[-16.20512,14.45521],[-16.20604,14.44626],[-16.20609,14.44602],[-16.20708,14.44412],[-16.20718,14.44329],[-16.2079,14.44229],[-16.20985,14.44033],[-16.211,14.4391],[-16.21185,14.4385],[-16.21488,14.43707],[-16.21575,14.43594],[-16.21704,14.4348],[-16.21805,14.43366],[-16.21893,14.43366],[-16.22094,14.43196],[-16.22209,14.43012],[-16.22265,14.42777],[-16.22385,14.42553],[-16.22392,14.4237],[-16.22118,14.42122],[-16.22059,14.42009],[-16.21914,14.41954],[-16.21768,14.41869],[-16.21594,14.418],[-16.21405,14.41744],[-16.21289,14.41773],[-16.21144,14.41745],[-16.20959,14.41639],[-16.20836,14.4161],[-16.20643,14.41585],[-16.20535,14.41502],[-16.20308,14.41453],[-16.20129,14.41429],[-16.19951,14.41385],[-16.19805,14.41315],[-16.19621,14.41281],[-16.19475,14.4122],[-16.19377,14.41191],[-16.18837,14.41145],[-16.18574,14.41009],[-16.18339,14.40966],[-16.17882,14.40818],[-16.17704,14.40743],[-16.17374,14.40657],[-16.17125,14.40558],[-16.16885,14.40524],[-16.16743,14.40476],[-16.16498,14.40414],[-16.16092,14.4033],[-16.15875,14.40331],[-16.15599,14.4029],[-16.15309,14.40263],[-16.15106,14.40306],[-16.147,14.40294],[-16.14396,14.40352],[-16.14092,14.40396],[-16.13934,14.40352],[-16.13793,14.4036],[-16.13637,14.40317],[-16.13506,14.40301],[-16.13322,14.40295],[-16.13209,14.4028],[-16.13072,14.40215],[-16.12936,14.40122],[-16.12752,14.40041],[-16.12579,14.39948],[-16.12385,14.39914],[-16.12183,14.39811],[-16.11972,14.39712],[-16.11793,14.39618],[-16.11632,14.39575],[-16.11481,14.39491],[-16.11376,14.39406],[-16.111,14.39309],[-16.10926,14.39182],[-16.10824,14.39125],[-16.10607,14.39085],[-16.10462,14.38986],[-16.10171,14.38917],[-16.09953,14.38749],[-16.09589,14.3851],[-16.09429,14.3844],[-16.09269,14.38286],[-16.09103,14.37994],[-16.08977,14.37603],[-16.08965,14.37166],[-16.08998,14.36593],[-16.09014,14.36525],[-16.08698,14.36527],[-16.08099,14.36658],[-16.07704,14.36688],[-16.07133,14.36719],[-16.06416,14.36694],[-16.06021,14.36625],[-16.05274,14.36428],[-16.04181,14.3746],[-16.03786,14.37533],[-16.03173,14.3775],[-16.02281,14.37996],[-16.02164,14.38054],[-16.01902,14.38226],[-16.01464,14.38413],[-16.00982,14.38701],[-16.0034,14.3916],[-15.99902,14.3939],[-15.99798,14.3892],[-15.99666,14.38934],[-15.99359,14.38936],[-15.98685,14.38882],[-15.98246,14.38812],[-15.97368,14.38816],[-15.97134,14.38774],[-15.95911,14.38398],[-15.95881,14.38442],[-15.95346,14.38981],[-15.95186,14.39119],[-15.95191,14.39193],[-15.9496,14.3942],[-15.9474,14.39578],[-15.94393,14.3972],[-15.94121,14.39775],[-15.93816,14.39806],[-15.93393,14.39696],[-15.9303,14.39598],[-15.92565,14.39322],[-15.92408,14.39217],[-15.92263,14.39105],[-15.92103,14.39021],[-15.91899,14.38895],[-15.91782,14.38754],[-15.91565,14.38585],[-15.91361,14.38374],[-15.91056,14.38135],[-15.90867,14.38023],[-15.9046,14.37939],[-15.90099,14.37969],[-15.89399,14.37917],[-15.88475,14.37919],[-15.88225,14.37936],[-15.87862,14.37908],[-15.87428,14.37826],[-15.87008,14.37841],[-15.86182,14.37844],[-15.85645,14.37832],[-15.8534,14.37804],[-15.85007,14.37806],[-15.8463,14.3785],[-15.83978,14.37781],[-15.83573,14.37797],[-15.83094,14.37756],[-15.82702,14.37771],[-15.82325,14.37731],[-15.81861,14.37718],[-15.81354,14.3772],[-15.80861,14.3775],[-15.80324,14.37703],[-15.80343,14.38253],[-15.80272,14.38451],[-15.80171,14.38671],[-15.80098,14.39014],[-15.79957,14.39321],[-15.79842,14.39758],[-15.79697,14.40193],[-15.79292,14.41156],[-15.79152,14.41633],[-15.79012,14.4195],[-15.78968,14.42188],[-15.78928,14.42492],[-15.78846,14.42743],[-15.78641,14.42986],[-15.78351,14.43227],[-15.78128,14.43465],[-15.77738,14.43783],[-15.77395,14.44135],[-15.772,14.44405],[-15.76824,14.44728],[-15.76544,14.4502],[-15.76278,14.45272],[-15.7603,14.45444],[-15.75831,14.45664],[-15.75389,14.46065],[-15.75073,14.4637],[-15.74831,14.46649],[-15.74592,14.46882],[-15.74421,14.47041],[-15.74231,14.47288],[-15.73989,14.47429],[-15.73798,14.47662],[-15.73626,14.47991],[-15.73538,14.48262],[-15.73329,14.48504],[-15.73124,14.4876],[-15.72966,14.49016],[-15.72575,14.49482],[-15.72356,14.49682],[-15.72157,14.49832],[-15.71949,14.49804],[-15.71765,14.49788],[-15.71535,14.49736],[-15.71261,14.49683],[-15.70945,14.49575],[-15.70667,14.49417],[-15.70466,14.49287],[-15.70226,14.49073],[-15.70096,14.48915],[-15.69871,14.48703],[-15.69673,14.48531],[-15.69491,14.48337],[-15.6938,14.4811],[-15.69211,14.47943],[-15.6918,14.47787],[-15.69072,14.47644],[-15.68784,14.47673],[-15.68495,14.47718],[-15.68168,14.4788],[-15.67809,14.48006],[-15.67501,14.48146],[-15.67244,14.48209],[-15.66958,14.48248],[-15.66339,14.48105],[-15.66108,14.48085],[-15.65792,14.48009],[-15.65523,14.47961],[-15.6518,14.47917],[-15.64934,14.47937],[-15.64608,14.47949],[-15.64196,14.48147],[-15.63958,14.48293],[-15.63914,14.48426],[-15.63944,14.48813],[-15.64066,14.49025],[-15.64224,14.49251],[-15.64671,14.4942],[-15.65137,14.49603],[-15.65608,14.4974],[-15.65904,14.49899],[-15.66138,14.50113],[-15.66183,14.50371],[-15.66223,14.50656],[-15.66103,14.5089],[-15.65961,14.5104],[-15.65799,14.51163],[-15.65544,14.51258],[-15.65193,14.51328],[-15.64815,14.5144],[-15.64445,14.5158],[-15.64081,14.51705],[-15.63787,14.51817],[-15.63455,14.5199],[-15.48827,14.57303],[-15.46913,14.57997],[-15.46882,14.58227],[-15.46255,14.62929]]]},"properties":{"slug":"gossas","name":"Gossas","department":"Gossas","code":"SN0303","parent":"region-fatick"}},{"type":"Feature","geometry":{"type":"Polygon","coordinates":[[[-16.68715,14.92914],[-16.69099,14.925],[-16.69588,14.91959],[-16.69964,14.91603],[-16.70569,14.91076],[-16.71163,14.90818],[-16.71886,14.90389],[-16.72753,14.89902],[-16.7323,14.89616],[-16.73736,14.89301],[-16.74082,14.88974],[-16.74834,14.88474],[-16.75209,14.88259],[-16.75671,14.87973],[-16.76077,14.87843],[-16.76659,14.87923],[-16.77271,14.88116],[-16.78057,14.88379],[-16.7858,14.88473],[-16.78973,14.88527],[-16.79308,14.88566],[-16.798,14.88379],[-16.80654,14.88103],[-16.81509,14.87787],[-16.82261,14.8747],[-16.83288,14.86897],[-16.83887,14.86496],[-16.84022,14.86386],[-16.8426,14.86448],[-16.8456,14.86427],[-16.8468,14.86406],[-16.8484,14.86443],[-16.8502,14.86422],[-16.85181,14.86382],[-16.85381,14.86459],[-16.85503,14.86555],[-16.85684,14.86632],[-16.85866,14.86844],[-16.86027,14.86941],[-16.86208,14.87095],[-16.86431,14.87248],[-16.86571,14.87384],[-16.86693,14.8748],[-16.86813,14.87557],[-16.87113,14.87536],[-16.87295,14.87573],[-16.87574,14.87473],[-16.87814,14.87412],[-16.87953,14.87276],[-16.88025,14.87155],[-16.88376,14.86945],[-16.88678,14.86818],[-16.89154,14.86562],[-16.89208,14.86524],[-16.89468,14.86426],[-16.89667,14.86306],[-16.89826,14.8613],[-16.90106,14.86089],[-16.90265,14.85971],[-16.90444,14.85852],[-16.90724,14.85753],[-16.91004,14.85692],[-16.91264,14.85651],[-16.91503,14.85492],[-16.91843,14.85432],[-16.92064,14.8543],[-16.92384,14.85505],[-16.92685,14.85521],[-16.93007,14.85616],[-16.93387,14.85613],[-16.93648,14.85688],[-16.9391,14.85823],[-16.94251,14.85879],[-16.94512,14.85934],[-16.94693,14.86069],[-16.95035,14.86145],[-16.95375,14.86161],[-16.95796,14.86157],[-16.96056,14.86116],[-16.96256,14.86037],[-16.96495,14.85898],[-16.96694,14.85799],[-16.96973,14.85641],[-16.97212,14.85444],[-16.97471,14.85285],[-16.97789,14.85069],[-16.98028,14.84872],[-16.98287,14.84695],[-16.98526,14.84536],[-16.98724,14.8434],[-16.98882,14.84066],[-16.99101,14.83966],[-16.99341,14.83867],[-16.99479,14.83613],[-16.99558,14.83554],[-16.99738,14.83513],[-16.99857,14.83434],[-16.99895,14.83184],[-16.99999,14.83142],[-17.00074,14.83125],[-17.01097,14.82515],[-17.0165,14.82106],[-17.02142,14.81796],[-17.02488,14.8159],[-17.0274,14.81424],[-17.03093,14.81366],[-17.03698,14.81197],[-17.04018,14.81156],[-17.04557,14.81102],[-17.04842,14.81232],[-17.05016,14.81479],[-17.0536,14.82182],[-17.05642,14.82338],[-17.0576,14.82542],[-17.06,14.83286],[-17.06071,14.83744],[-17.05923,14.8488],[-17.0583,14.8565],[-17.05712,14.86656],[-17.05664,14.87278],[-17.06193,14.89469],[-17.06962,14.90375],[-17.07751,14.9122],[-17.08238,14.91599],[-17.08262,14.92309],[-17.08383,14.93242],[-17.08961,14.93717],[-17.10044,14.9456],[-17.10854,14.95198],[-17.11017,14.94982],[-17.11182,14.94776],[-17.11304,14.94596],[-17.11453,14.94337],[-17.11607,14.94044],[-17.11716,14.93825],[-17.11768,14.93703],[-17.11841,14.93451],[-17.1192,14.93265],[-17.11959,14.93122],[-17.1199,14.92837],[-17.12025,14.92619],[-17.12062,14.92487],[-17.12148,14.92325],[-17.12193,14.92217],[-17.12227,14.92089],[-17.12292,14.91925],[-17.12338,14.91849],[-17.12486,14.91664],[-17.12532,14.91565],[-17.12579,14.91506],[-17.12668,14.91449],[-17.12797,14.91215],[-17.12896,14.911],[-17.12952,14.91058],[-17.13151,14.90947],[-17.13661,14.90681],[-17.13863,14.90566],[-17.14023,14.90493],[-17.14143,14.90455],[-17.14404,14.90386],[-17.14541,14.90339],[-17.14707,14.90251],[-17.15046,14.90032],[-17.15247,14.89898],[-17.15434,14.89761],[-17.1566,14.89628],[-17.1584,14.89545],[-17.16015,14.89485],[-17.16124,14.89434],[-17.16243,14.8936],[-17.16428,14.89276],[-17.16543,14.89216],[-17.16717,14.89114],[-17.16834,14.89068],[-17.16906,14.89026],[-17.17013,14.88936],[-17.17122,14.88894],[-17.17236,14.88805],[-17.17439,14.88704],[-17.17678,14.88563],[-17.17607,14.88333],[-17.17486,14.88142],[-17.17412,14.87986],[-17.17291,14.87822],[-17.17164,14.87593],[-17.16987,14.87107],[-17.1686,14.86901],[-17.16701,14.86678],[-17.16608,14.86487],[-17.16505,14.86295],[-17.16436,14.86102],[-17.16281,14.8587],[-17.16149,14.85595],[-17.16017,14.85381],[-17.15858,14.85101],[-17.15666,14.84685],[-17.15587,14.84452],[-17.15465,14.84227],[-17.15391,14.84036],[-17.15225,14.83668],[-17.15121,14.83422],[-17.15004,14.8317],[-17.14775,14.82722],[-17.14681,14.8247],[-17.14536,14.8226],[-17.14336,14.81895],[-17.14143,14.81657],[-17.14182,14.81404],[-17.14058,14.81056],[-17.13855,14.80736],[-17.13707,14.80305],[-17.1358,14.80096],[-17.13399,14.7977],[-17.13231,14.7953],[-17.13072,14.79371],[-17.12969,14.79105],[-17.12832,14.78854],[-17.12729,14.78597],[-17.1267,14.78436],[-17.12654,14.78284],[-17.12653,14.77911],[-17.12641,14.77677],[-17.12643,14.77521],[-17.12634,14.77267],[-17.12659,14.77032],[-17.12698,14.76843],[-17.12718,14.76575],[-17.12806,14.76114],[-17.12804,14.75944],[-17.12815,14.75731],[-17.12896,14.75237],[-17.12907,14.75039],[-17.12948,14.74868],[-17.12954,14.74614],[-17.12951,14.74444],[-17.13013,14.74172],[-17.13025,14.73969],[-17.13058,14.73725],[-17.13064,14.73448],[-17.13094,14.72968],[-17.13143,14.72678],[-17.13182,14.72369],[-17.13187,14.72139],[-17.13206,14.71885],[-17.13207,14.71609],[-17.13247,14.71092],[-17.13238,14.70576],[-17.13269,14.70351],[-17.13304,14.70175],[-17.13376,14.69911],[-17.13459,14.69468],[-17.13496,14.68968],[-17.13068,14.68747],[-17.12825,14.68501],[-17.12255,14.68198],[-17.11784,14.68392],[-17.11355,14.68678],[-17.10989,14.68682],[-17.10667,14.68789],[-17.10291,14.68845],[-17.10023,14.68943],[-17.09742,14.68927],[-17.09397,14.68801],[-17.08221,14.68602],[-17.05793,14.68163],[-17.03638,14.67847],[-17.03352,14.66004],[-17.00804,14.6523],[-16.99999,14.64792],[-16.99083,14.64457],[-16.96912,14.63303],[-16.94667,14.60568],[-16.94138,14.59725],[-16.93712,14.59065],[-16.93401,14.58418],[-16.92699,14.57689],[-16.92201,14.57128],[-16.91776,14.56595],[-16.91627,14.56187],[-16.91593,14.55509],[-16.915,14.54846],[-16.9161,14.54167],[-16.91749,14.53432],[-16.91756,14.52557],[-16.91431,14.51965],[-16.91066,14.51531],[-16.90673,14.51407],[-16.90384,14.51481],[-16.90066,14.51695],[-16.89795,14.52219],[-16.89205,14.5262],[-16.8848,14.52724],[-16.87681,14.52547],[-16.86634,14.52132],[-16.86124,14.51854],[-16.85307,14.51168],[-16.84852,14.5075],[-16.84523,14.51032],[-16.83834,14.51758],[-16.83245,14.52483],[-16.81197,14.55591],[-16.80781,14.56131],[-16.79963,14.57197],[-16.78858,14.5866],[-16.78227,14.59569],[-16.77037,14.61259],[-16.7645,14.62238],[-16.7579,14.63217],[-16.75215,14.63829],[-16.74597,14.64568],[-16.74313,14.64877],[-16.74205,14.65005],[-16.74087,14.65119],[-16.73998,14.6523],[-16.73889,14.65395],[-16.73761,14.65519],[-16.73664,14.65591],[-16.73605,14.65592],[-16.73562,14.65568],[-16.73454,14.65467],[-16.73315,14.65379],[-16.73152,14.65296],[-16.72985,14.65199],[-16.72896,14.6517],[-16.7277,14.65165],[-16.72672,14.65201],[-16.72479,14.65307],[-16.72372,14.65353],[-16.72222,14.65363],[-16.72164,14.65378],[-16.72011,14.65445],[-16.71821,14.65587],[-16.71665,14.65648],[-16.71555,14.65661],[-16.71472,14.65635],[-16.71398,14.65638],[-16.71266,14.65681],[-16.71156,14.65673],[-16.71042,14.65617],[-16.70943,14.65603],[-16.70808,14.65634],[-16.70653,14.65754],[-16.70616,14.65766],[-16.70407,14.65765],[-16.70343,14.65786],[-16.70166,14.65886],[-16.70074,14.65902],[-16.69975,14.65885],[-16.69859,14.65883],[-16.69797,14.65898],[-16.69598,14.65983],[-16.69424,14.66119],[-16.69361,14.66197],[-16.693,14.66341],[-16.69264,14.66389],[-16.69169,14.66474],[-16.69074,14.66513],[-16.68893,14.66505],[-16.68746,14.6653],[-16.68544,14.66613],[-16.684,14.66635],[-16.68329,14.66605],[-16.68252,14.66534],[-16.68196,14.66519],[-16.67978,14.66524],[-16.67855,14.66474],[-16.67806,14.6643],[-16.67731,14.66422],[-16.67663,14.66451],[-16.67565,14.66533],[-16.67516,14.66548],[-16.67457,14.66505],[-16.67338,14.66449],[-16.67145,14.66225],[-16.67081,14.66168],[-16.67046,14.66078],[-16.67006,14.66016],[-16.66976,14.65911],[-16.66936,14.65825],[-16.66875,14.6562],[-16.66845,14.65481],[-16.66805,14.65357],[-16.66774,14.65223],[-16.66763,14.6509],[-16.66673,14.64794],[-16.66627,14.64665],[-16.66567,14.64536],[-16.66414,14.64389],[-16.66296,14.64309],[-16.66226,14.64282],[-16.66092,14.64192],[-16.64626,14.6416],[-16.62841,14.64089],[-16.62097,14.63996],[-16.62106,14.64021],[-16.62219,14.64981],[-16.62181,14.65631],[-16.62126,14.6621],[-16.61697,14.66878],[-16.61235,14.67417],[-16.60963,14.678],[-16.6069,14.68226],[-16.60551,14.69004],[-16.60514,14.69894],[-16.60657,14.71659],[-16.60659,14.71983],[-16.60619,14.72521],[-16.60539,14.73425],[-16.60442,14.74089],[-16.60504,14.74597],[-16.60643,14.75684],[-16.60709,14.76729],[-16.60857,14.77222],[-16.61457,14.77839],[-16.61794,14.78204],[-16.62426,14.79414],[-16.62835,14.79609],[-16.63579,14.80098],[-16.64061,14.80434],[-16.64616,14.8091],[-16.64937,14.8119],[-16.64927,14.81741],[-16.64612,14.82294],[-16.64222,14.82636],[-16.63544,14.83304],[-16.62982,14.83747],[-16.62606,14.83905],[-16.62405,14.84259],[-16.6238,14.84852],[-16.62544,14.85416],[-16.62618,14.85727],[-16.62768,14.86234],[-16.63062,14.86726],[-16.63458,14.87232],[-16.64204,14.87961],[-16.64992,14.88464],[-16.6549,14.8887],[-16.6577,14.89404],[-16.66213,14.90446],[-16.66918,14.91374],[-16.67693,14.92046],[-16.68715,14.92914]]]},"properties":{"slug":"thies","name":"Thies","department":"Thies","code":"SN1302","parent":"region-thies"}},{"type":"Feature","geometry":{"type":"Polygon","coordinates":[[[-15.8056,15.0003],[-15.81331,15.00017],[-15.89294,15.00016],[-15.89346,14.99784],[-15.89448,14.99589],[-15.89615,14.99381],[-15.89705,14.99259],[-15.89832,14.99104],[-15.89979,14.98875],[-15.90115,14.98685],[-15.90174,14.98615],[-15.90286,14.98513],[-15.90585,14.98315],[-15.90846,14.98226],[-15.91095,14.981],[-15.91319,14.98009],[-15.91598,14.9792],[-15.9176,14.97878],[-15.92166,14.97803],[-15.9293,14.97694],[-15.9313,14.97668],[-15.93283,14.97655],[-15.93553,14.97646],[-15.93992,14.97623],[-15.94357,14.97587],[-15.94848,14.97552],[-15.95411,14.97502],[-15.95763,14.97462],[-15.96204,14.97396],[-15.96321,14.97382],[-15.96856,14.97333],[-15.97191,14.97311],[-15.97475,14.97297],[-15.97649,14.97298],[-15.97778,14.97306],[-15.98182,14.97349],[-15.98327,14.9736],[-15.98523,14.97363],[-15.98638,14.97353],[-15.98771,14.97329],[-15.99004,14.97245],[-15.99058,14.97206],[-15.99158,14.97082],[-15.99196,14.97003],[-15.99392,14.96486],[-15.99504,14.96246],[-15.99625,14.96022],[-15.99746,14.95779],[-15.99797,14.95658],[-15.99864,14.95614],[-15.99968,14.95597],[-16.00084,14.95666],[-16.00168,14.95702],[-16.00367,14.95761],[-16.00533,14.95788],[-16.00734,14.95807],[-16.0094,14.95811],[-16.01346,14.958],[-16.01916,14.9582],[-16.02275,14.95852],[-16.02481,14.9585],[-16.03949,14.95984],[-16.06959,14.96211],[-16.07584,14.96264],[-16.08557,14.96118],[-16.09484,14.95875],[-16.09446,14.95253],[-16.09429,14.9507],[-16.09399,14.94839],[-16.09287,14.94628],[-16.0929,14.94361],[-16.09288,14.94016],[-16.09264,14.93643],[-16.09211,14.93252],[-16.09256,14.9305],[-16.09273,14.92788],[-16.09294,14.92545],[-16.09335,14.92291],[-16.09357,14.91975],[-16.09407,14.91723],[-16.09425,14.9141],[-16.09488,14.91181],[-16.09542,14.90947],[-16.0956,14.90713],[-16.09661,14.90488],[-16.09754,14.90232],[-16.09879,14.90003],[-16.09942,14.89842],[-16.10086,14.89614],[-16.10193,14.8939],[-16.10313,14.89207],[-16.10385,14.89051],[-16.10511,14.888],[-16.10637,14.88562],[-16.10776,14.88324],[-16.10949,14.88059],[-16.11108,14.87831],[-16.11199,14.87575],[-16.11329,14.87373],[-16.11389,14.87162],[-16.11467,14.86915],[-16.11441,14.86643],[-16.11384,14.86257],[-16.11425,14.85935],[-16.11466,14.85582],[-16.11517,14.85279],[-16.11482,14.84956],[-16.11552,14.84584],[-16.11599,14.84208],[-16.1156,14.83863],[-16.11529,14.83651],[-16.11556,14.83344],[-16.1154,14.83045],[-16.11426,14.82538],[-16.11368,14.82317],[-16.11275,14.82068],[-16.11155,14.81814],[-16.11078,14.81524],[-16.10943,14.81289],[-16.10781,14.80983],[-16.10669,14.80789],[-16.10527,14.80369],[-16.10454,14.80181],[-16.10286,14.80033],[-16.10233,14.79794],[-16.10159,14.79596],[-16.10158,14.79398],[-16.10124,14.79144],[-16.10076,14.78834],[-16.10002,14.78538],[-16.09993,14.78241],[-16.09947,14.77955],[-16.09882,14.77662],[-16.0982,14.77098],[-16.09768,14.76829],[-16.09772,14.76649],[-16.09722,14.76473],[-16.09692,14.76222],[-16.09651,14.7599],[-16.09603,14.75827],[-16.09507,14.75418],[-16.09448,14.75206],[-16.09417,14.74938],[-16.09373,14.74727],[-16.09346,14.74516],[-16.09296,14.74295],[-16.09227,14.74074],[-16.091,14.73627],[-16.09069,14.7342],[-16.08972,14.73185],[-16.08912,14.72916],[-16.08824,14.72606],[-16.08736,14.72451],[-16.08662,14.7214],[-16.08603,14.71929],[-16.08529,14.71759],[-16.08427,14.71449],[-16.08374,14.71192],[-16.08266,14.70976],[-16.08155,14.70721],[-16.07999,14.70306],[-16.07926,14.7014],[-16.07829,14.69891],[-16.0775,14.69707],[-16.07696,14.69504],[-16.07543,14.69207],[-16.07514,14.6908],[-16.07456,14.68911],[-16.07279,14.68544],[-16.07177,14.68305],[-16.07132,14.68122],[-16.07117,14.67937],[-16.07063,14.67733],[-16.07052,14.6743],[-16.07068,14.67219],[-16.07137,14.66953],[-16.07207,14.66655],[-16.07222,14.66512],[-16.07276,14.66329],[-16.07311,14.66043],[-16.07265,14.65719],[-16.07148,14.65394],[-16.07027,14.64874],[-16.06941,14.64676],[-16.06838,14.64337],[-16.06691,14.64125],[-16.06648,14.63928],[-16.06545,14.63716],[-16.06412,14.63406],[-16.0628,14.63195],[-16.0612,14.62955],[-16.05901,14.62716],[-16.05732,14.62566],[-16.0561,14.62407],[-16.05507,14.62167],[-16.0539,14.62027],[-16.05317,14.619],[-16.05112,14.61646],[-16.0501,14.61477],[-16.04922,14.61294],[-16.04805,14.61125],[-16.04688,14.6097],[-16.04586,14.60773],[-16.04571,14.60589],[-16.04523,14.60373],[-16.04424,14.60237],[-16.04377,14.59994],[-16.04375,14.59756],[-16.04424,14.59563],[-16.04435,14.5936],[-16.04475,14.59159],[-16.04539,14.58949],[-16.04584,14.58737],[-16.04638,14.58544],[-16.04734,14.58357],[-16.04795,14.58068],[-16.04892,14.57831],[-16.04913,14.57609],[-16.04985,14.57431],[-16.05077,14.57234],[-16.05062,14.57027],[-16.04988,14.56857],[-16.049,14.56717],[-16.04551,14.56379],[-16.04346,14.56154],[-16.03996,14.55633],[-16.03923,14.55436],[-16.03893,14.55223],[-16.03848,14.54998],[-16.03898,14.54855],[-16.03914,14.54676],[-16.03939,14.54539],[-16.03941,14.54369],[-16.03961,14.54199],[-16.03997,14.54113],[-16.03627,14.54087],[-16.03017,14.54009],[-16.02594,14.53948],[-16.02093,14.53868],[-16.01383,14.53746],[-16.00016,14.53515],[-15.99996,14.53432],[-15.99993,14.53286],[-16.00011,14.52864],[-15.99997,14.5258],[-16.00003,14.52341],[-16.00006,14.51851],[-15.9999,14.51532],[-15.99898,14.51545],[-15.99795,14.51654],[-15.99662,14.51728],[-15.99426,14.51822],[-15.99143,14.51996],[-15.99071,14.52032],[-15.98817,14.5214],[-15.98656,14.52216],[-15.985,14.52305],[-15.98373,14.524],[-15.98108,14.52573],[-15.9787,14.52716],[-15.97603,14.52872],[-15.97382,14.53038],[-15.97285,14.53082],[-15.97015,14.53181],[-15.96934,14.53203],[-15.96714,14.53238],[-15.96513,14.53296],[-15.96395,14.53319],[-15.96233,14.5333],[-15.9607,14.53315],[-15.95876,14.53264],[-15.95743,14.53208],[-15.95606,14.5316],[-15.95473,14.53143],[-15.95001,14.53139],[-15.9467,14.53148],[-15.94619,14.53163],[-15.94524,14.53223],[-15.94438,14.53246],[-15.94216,14.53266],[-15.94129,14.53265],[-15.94018,14.53243],[-15.93627,14.53215],[-15.93351,14.53288],[-15.93148,14.53359],[-15.92902,14.53459],[-15.92554,14.53503],[-15.92265,14.53617],[-15.91843,14.5359],[-15.91684,14.53619],[-15.90873,14.53693],[-15.90408,14.53765],[-15.89959,14.53866],[-15.89698,14.53881],[-15.89278,14.54038],[-15.88887,14.54068],[-15.88545,14.54168],[-15.88112,14.54283],[-15.87749,14.54412],[-15.87531,14.54454],[-15.87213,14.54583],[-15.86938,14.54654],[-15.86591,14.54853],[-15.86301,14.54968],[-15.85663,14.55266],[-15.85403,14.55437],[-15.84781,14.55807],[-15.846,14.55977],[-15.84259,14.5615],[-15.84065,14.56402],[-15.83813,14.56514],[-15.83747,14.56672],[-15.8353,14.56843],[-15.83342,14.57055],[-15.8301,14.57297],[-15.82705,14.57496],[-15.8243,14.57666],[-15.82185,14.57837],[-15.81924,14.57964],[-15.81664,14.58304],[-15.81462,14.58545],[-15.81274,14.58715],[-15.8105,14.58871],[-15.80828,14.59381],[-15.80654,14.59621],[-15.80566,14.59797],[-15.80484,14.60104],[-15.80359,14.60315],[-15.80215,14.6065],[-15.80152,14.60911],[-15.79994,14.61213],[-15.79849,14.61511],[-15.79809,14.61796],[-15.79718,14.62121],[-15.79711,14.62318],[-15.7969,14.62599],[-15.79616,14.63012],[-15.79576,14.63265],[-15.7963,14.636],[-15.79637,14.63972],[-15.79686,14.64249],[-15.79726,14.64667],[-15.79832,14.65095],[-15.79909,14.65588],[-15.79962,14.65997],[-15.80041,14.66755],[-15.80067,14.67078],[-15.80131,14.67298],[-15.80231,14.67782],[-15.80276,14.68228],[-15.8034,14.6849],[-15.80426,14.68818],[-15.80453,14.69071],[-15.80445,14.6953],[-15.80342,14.69939],[-15.80321,14.70134],[-15.80215,14.70572],[-15.80166,14.70879],[-15.80093,14.71434],[-15.80065,14.71774],[-15.79965,14.72169],[-15.79879,14.72453],[-15.79787,14.72779],[-15.79736,14.73046],[-15.79678,14.73427],[-15.79564,14.73753],[-15.79274,14.73824],[-15.78999,14.73925],[-15.7878,14.73976],[-15.78533,14.7408],[-15.7815,14.7422],[-15.77922,14.74323],[-15.77624,14.74418],[-15.774,14.7454],[-15.7722,14.74631],[-15.77049,14.74726],[-15.76911,14.74892],[-15.76693,14.74963],[-15.76694,14.75091],[-15.76579,14.75261],[-15.75036,14.73558],[-15.73015,14.7135],[-15.72937,14.71301],[-15.72831,14.71192],[-15.7256,14.70851],[-15.72306,14.70579],[-15.72207,14.70466],[-15.72083,14.70304],[-15.72048,14.70246],[-15.71989,14.70094],[-15.71935,14.69999],[-15.71796,14.69845],[-15.71725,14.69741],[-15.71587,14.69702],[-15.71387,14.6961],[-15.71276,14.69587],[-15.71239,14.696],[-15.71181,14.69693],[-15.71131,14.69873],[-15.71107,14.69914],[-15.71026,14.69926],[-15.70961,14.6989],[-15.70915,14.69773],[-15.70908,14.69679],[-15.70883,14.69601],[-15.70834,14.69518],[-15.70744,14.69423],[-15.70657,14.69371],[-15.7051,14.69356],[-15.70438,14.69373],[-15.70353,14.69423],[-15.70222,14.69455],[-15.70176,14.69438],[-15.70008,14.69216],[-15.69952,14.6917],[-15.6984,14.69146],[-15.69778,14.69158],[-15.69656,14.69274],[-15.69461,14.69345],[-15.69417,14.69344],[-15.69317,14.69296],[-15.69209,14.69267],[-15.6911,14.69265],[-15.68971,14.69311],[-15.68686,14.69345],[-15.68438,14.69358],[-15.67951,14.69433],[-15.67799,14.69477],[-15.67701,14.69524],[-15.67657,14.69562],[-15.67633,14.69633],[-15.67625,14.69831],[-15.67648,14.69957],[-15.67634,14.69991],[-15.6756,14.7003],[-15.67407,14.70162],[-15.67283,14.70287],[-15.67169,14.70422],[-15.67045,14.70519],[-15.66911,14.70585],[-15.66802,14.70617],[-15.66617,14.70641],[-15.66445,14.70654],[-15.6631,14.70686],[-15.66178,14.70732],[-15.65867,14.70853],[-15.65832,14.70897],[-15.65824,14.70968],[-15.65756,14.71059],[-15.65707,14.71164],[-15.65652,14.7125],[-15.65578,14.7132],[-15.65441,14.71346],[-15.65324,14.71331],[-15.65272,14.71312],[-15.64736,14.71022],[-15.64469,14.7086],[-15.64321,14.70757],[-15.64157,14.70628],[-15.64039,14.70522],[-15.63946,14.70456],[-15.63728,14.70361],[-15.63664,14.70319],[-15.63532,14.70196],[-15.63301,14.70099],[-15.63141,14.69952],[-15.62927,14.69815],[-15.62669,14.69662],[-15.62465,14.69503],[-15.62317,14.69367],[-15.62226,14.69298],[-15.61978,14.69172],[-15.61867,14.691],[-15.61746,14.69009],[-15.61551,14.68848],[-15.61374,14.68745],[-15.61281,14.6868],[-15.61166,14.68559],[-15.59858,14.67669],[-15.5544,14.6556],[-15.48006,14.63882],[-15.46255,14.62929],[-15.46175,14.63486],[-15.45925,14.65707],[-15.45596,14.68202],[-15.45021,14.72343],[-15.44942,14.72914],[-15.44719,14.7457],[-15.44368,14.76999],[-15.44115,14.79391],[-15.44079,14.7984],[-15.43962,14.80056],[-15.43938,14.80217],[-15.43896,14.80564],[-15.4385,14.8101],[-15.43725,14.82132],[-15.43771,14.82259],[-15.43817,14.82338],[-15.43886,14.82422],[-15.43974,14.82486],[-15.44064,14.8252],[-15.44336,14.8259],[-15.44694,14.82722],[-15.44967,14.82841],[-15.45359,14.82995],[-15.45495,14.83038],[-15.45702,14.83092],[-15.45892,14.8316],[-15.46078,14.83252],[-15.46399,14.83402],[-15.46662,14.83505],[-15.46895,14.8358],[-15.47192,14.8364],[-15.47397,14.83701],[-15.47643,14.83808],[-15.47758,14.83841],[-15.48001,14.83894],[-15.48371,14.83998],[-15.48692,14.84057],[-15.48865,14.84072],[-15.48981,14.84073],[-15.49162,14.84057],[-15.49363,14.84025],[-15.4977,14.83969],[-15.50184,14.83895],[-15.50408,14.83867],[-15.50499,14.83835],[-15.50681,14.83723],[-15.50838,14.83656],[-15.51036,14.836],[-15.51321,14.83494],[-15.51513,14.83429],[-15.51912,14.83301],[-15.52464,14.83114],[-15.52768,14.83016],[-15.52943,14.82948],[-15.53043,14.829],[-15.53306,14.82743],[-15.53397,14.827],[-15.53608,14.82616],[-15.53865,14.82529],[-15.54063,14.82473],[-15.54297,14.82421],[-15.54429,14.82408],[-15.54483,14.82421],[-15.54552,14.82462],[-15.54645,14.8254],[-15.54778,14.82621],[-15.54982,14.82717],[-15.55139,14.82814],[-15.5529,14.82951],[-15.55429,14.83032],[-15.55602,14.83107],[-15.55929,14.83277],[-15.56087,14.8337],[-15.56246,14.83485],[-15.56427,14.83651],[-15.56484,14.83693],[-15.56614,14.83764],[-15.56821,14.83857],[-15.56938,14.83918],[-15.57137,14.84038],[-15.57261,14.84105],[-15.57476,14.8421],[-15.57673,14.84326],[-15.579,14.84507],[-15.58089,14.84627],[-15.58387,14.84798],[-15.58624,14.8495],[-15.58822,14.85085],[-15.59013,14.85225],[-15.59212,14.854],[-15.59311,14.85477],[-15.59463,14.85556],[-15.59629,14.8562],[-15.59797,14.85706],[-15.59992,14.85828],[-15.60217,14.85956],[-15.60464,14.86074],[-15.6077,14.86173],[-15.6112,14.86324],[-15.61202,14.86352],[-15.61431,14.86408],[-15.61697,14.86492],[-15.61912,14.8649],[-15.62027,14.86497],[-15.62143,14.86518],[-15.62597,14.86615],[-15.62771,14.86642],[-15.63052,14.86674],[-15.63473,14.86745],[-15.63709,14.86776],[-15.64086,14.86788],[-15.6419,14.86797],[-15.64525,14.86843],[-15.64665,14.86857],[-15.65013,14.86881],[-15.65382,14.8692],[-15.65529,14.8692],[-15.65738,14.86903],[-15.66018,14.86899],[-15.66302,14.86917],[-15.66792,14.8698],[-15.67015,14.8703],[-15.67186,14.87084],[-15.67319,14.87145],[-15.67538,14.87306],[-15.67621,14.87337],[-15.67839,14.87364],[-15.67981,14.87404],[-15.6809,14.87477],[-15.68244,14.87602],[-15.68514,14.8777],[-15.68744,14.87899],[-15.6888,14.88006],[-15.69081,14.88193],[-15.69467,14.88461],[-15.69684,14.88617],[-15.69984,14.88844],[-15.70341,14.89101],[-15.70504,14.89213],[-15.70643,14.89296],[-15.70841,14.89403],[-15.70924,14.89459],[-15.71188,14.89669],[-15.71404,14.89806],[-15.71803,14.90037],[-15.72076,14.90209],[-15.72278,14.90362],[-15.72472,14.90532],[-15.726,14.90631],[-15.7273,14.9071],[-15.73047,14.9087],[-15.73265,14.90961],[-15.73598,14.91082],[-15.73754,14.91145],[-15.73951,14.91233],[-15.74133,14.91307],[-15.74402,14.91403],[-15.74602,14.91487],[-15.74776,14.9159],[-15.74887,14.91642],[-15.74985,14.91663],[-15.75174,14.91682],[-15.75265,14.91705],[-15.75407,14.91761],[-15.75782,14.91944],[-15.75934,14.92029],[-15.76278,14.92252],[-15.76537,14.92401],[-15.76663,14.92479],[-15.76866,14.92635],[-15.77107,14.92841],[-15.77189,14.92929],[-15.77275,14.93091],[-15.77373,14.93383],[-15.77433,14.93606],[-15.7751,14.93803],[-15.77527,14.93906],[-15.77519,14.94031],[-15.77527,14.94096],[-15.77568,14.94214],[-15.77658,14.944],[-15.77824,14.94671],[-15.77946,14.94835],[-15.78104,14.94975],[-15.78165,14.95038],[-15.78243,14.95169],[-15.78315,14.95339],[-15.78439,14.95554],[-15.78543,14.95706],[-15.78657,14.9584],[-15.78749,14.95921],[-15.78896,14.96011],[-15.7922,14.9616],[-15.79322,14.96197],[-15.79464,14.96229],[-15.79561,14.96266],[-15.79726,14.96385],[-15.79951,14.96487],[-15.80028,14.96545],[-15.80167,14.96693],[-15.8023,14.96785],[-15.80378,14.97037],[-15.80471,14.97221],[-15.80567,14.97475],[-15.80716,14.97831],[-15.80775,14.98026],[-15.80792,14.9818],[-15.80789,14.98324],[-15.80769,14.98406],[-15.80709,14.98565],[-15.80643,14.98794],[-15.80616,14.98908],[-15.80591,14.99083],[-15.80596,14.99387],[-15.80587,14.99487],[-15.80555,14.99702],[-15.80564,14.99852],[-15.8056,15.0003]]]},"properties":{"slug":"mbacke","name":"Mbacke","department":"Mbacke","code":"SN0203","parent":"region-diourbel"}},{"type":"Feature","geometry":{"type":"Polygon","coordinates":[[[-16.1783,14.96382],[-16.187,14.96251],[-16.19238,14.9605],[-16.20194,14.95706],[-16.21428,14.95318],[-16.22358,14.95299],[-16.22838,14.9541],[-16.23175,14.95902],[-16.2328,14.96438],[-16.23894,14.97142],[-16.24579,14.97646],[-16.25177,14.97939],[-16.26329,14.98513],[-16.27232,14.98917],[-16.28047,14.99153],[-16.29503,14.99498],[-16.30143,14.99565],[-16.30755,14.99773],[-16.31966,14.99998],[-16.32514,15.00169],[-16.33074,15.00415],[-16.34193,15.00915],[-16.34791,15.01143],[-16.36249,15.01524],[-16.37337,15.01758],[-16.37998,15.01907],[-16.36916,15.00382],[-16.36932,15.00264],[-16.36945,14.99988],[-16.36783,14.99766],[-16.36676,14.99576],[-16.36541,14.99387],[-16.36415,14.99197],[-16.36298,14.99035],[-16.36195,14.98846],[-16.36136,14.98643],[-16.36133,14.98446],[-16.36211,14.98231],[-16.36264,14.9802],[-16.36404,14.97749],[-16.36511,14.97521],[-16.36588,14.97277],[-16.36742,14.96984],[-16.36811,14.96673],[-16.36833,14.9625],[-16.36836,14.95965],[-16.36877,14.95631],[-16.36814,14.95341],[-16.36836,14.95014],[-16.36824,14.94688],[-16.36875,14.9438],[-16.36934,14.94078],[-16.36965,14.93756],[-16.3701,14.93495],[-16.37045,14.93325],[-16.37071,14.93104],[-16.37097,14.92811],[-16.37181,14.92521],[-16.37215,14.92205],[-16.37251,14.91939],[-16.37282,14.91457],[-16.37235,14.9113],[-16.37276,14.90744],[-16.37223,14.90355],[-16.37191,14.89931],[-16.37189,14.89507],[-16.3714,14.89167],[-16.37072,14.88836],[-16.37015,14.88376],[-16.36975,14.88022],[-16.36926,14.87631],[-16.36841,14.87448],[-16.36793,14.87221],[-16.36662,14.86799],[-16.36589,14.86714],[-16.36544,14.86546],[-16.36532,14.86227],[-16.36425,14.86055],[-16.3631,14.85765],[-16.36295,14.85374],[-16.36227,14.84978],[-16.36257,14.84804],[-16.36193,14.84527],[-16.36187,14.84215],[-16.36021,14.83764],[-16.36066,14.83497],[-16.3597,14.83148],[-16.35944,14.82871],[-16.35872,14.82453],[-16.35828,14.82135],[-16.35793,14.81814],[-16.3576,14.8123],[-16.35706,14.80977],[-16.35703,14.80802],[-16.35626,14.80507],[-16.35582,14.80121],[-16.35528,14.79845],[-16.35516,14.79487],[-16.35443,14.7922],[-16.35373,14.78668],[-16.35325,14.78407],[-16.34991,14.77625],[-16.34683,14.77273],[-16.33998,14.7674],[-16.33181,14.76039],[-16.32159,14.75155],[-16.31007,14.74342],[-16.30382,14.74176],[-16.29592,14.73827],[-16.28338,14.72068],[-16.28308,14.7197],[-16.28608,14.71107],[-16.28937,14.70483],[-16.29441,14.69802],[-16.30006,14.69446],[-16.31076,14.68875],[-16.31786,14.68645],[-16.32409,14.68514],[-16.32872,14.683],[-16.33465,14.67872],[-16.3394,14.6722],[-16.34254,14.66328],[-16.34391,14.65013],[-16.3443,14.64335],[-16.34554,14.63162],[-16.34681,14.62526],[-16.34893,14.61677],[-16.35094,14.61238],[-16.35656,14.60655],[-16.36068,14.60405],[-16.35321,14.59195],[-16.34983,14.58674],[-16.34604,14.58182],[-16.3437,14.57915],[-16.33902,14.5731],[-16.33336,14.57144],[-16.32712,14.5719],[-16.32276,14.57206],[-16.31654,14.57365],[-16.30886,14.57511],[-16.30263,14.57557],[-16.29468,14.57623],[-16.28508,14.57707],[-16.28088,14.57809],[-16.27393,14.57898],[-16.27074,14.57913],[-16.26638,14.57859],[-16.26187,14.57762],[-16.25549,14.57738],[-16.24635,14.57728],[-16.24112,14.57689],[-16.22849,14.57328],[-16.21978,14.57249],[-16.21151,14.57211],[-16.20164,14.57216],[-16.19903,14.57146],[-16.1932,14.56598],[-16.18694,14.5629],[-16.17982,14.56082],[-16.1727,14.55845],[-16.16981,14.55819],[-16.16545,14.55722],[-16.16036,14.55428],[-16.15322,14.54909],[-16.149,14.54795],[-16.14857,14.54783],[-16.14247,14.54716],[-16.13087,14.54736],[-16.1229,14.54825],[-16.10868,14.54761],[-16.09475,14.54583],[-16.08227,14.54434],[-16.07211,14.54354],[-16.06166,14.54274],[-16.05382,14.54207],[-16.03997,14.54113],[-16.03961,14.54199],[-16.03941,14.54369],[-16.03939,14.54539],[-16.03914,14.54676],[-16.03898,14.54855],[-16.03848,14.54998],[-16.03893,14.55223],[-16.03923,14.55436],[-16.03996,14.55633],[-16.04346,14.56154],[-16.04551,14.56379],[-16.049,14.56717],[-16.04988,14.56857],[-16.05062,14.57027],[-16.05077,14.57234],[-16.04985,14.57431],[-16.04913,14.57609],[-16.04892,14.57831],[-16.04795,14.58068],[-16.04734,14.58357],[-16.04638,14.58544],[-16.04584,14.58737],[-16.04539,14.58949],[-16.04475,14.59159],[-16.04435,14.5936],[-16.04424,14.59563],[-16.04375,14.59756],[-16.04377,14.59994],[-16.04424,14.60237],[-16.04523,14.60373],[-16.04571,14.60589],[-16.04586,14.60773],[-16.04688,14.6097],[-16.04805,14.61125],[-16.04922,14.61294],[-16.0501,14.61477],[-16.05112,14.61646],[-16.05317,14.619],[-16.0539,14.62027],[-16.05507,14.62167],[-16.0561,14.62407],[-16.05732,14.62566],[-16.05901,14.62716],[-16.0612,14.62955],[-16.0628,14.63195],[-16.06412,14.63406],[-16.06545,14.63716],[-16.06648,14.63928],[-16.06691,14.64125],[-16.06838,14.64337],[-16.06941,14.64676],[-16.07027,14.64874],[-16.07148,14.65394],[-16.07265,14.65719],[-16.07311,14.66043],[-16.07276,14.66329],[-16.07222,14.66512],[-16.07207,14.66655],[-16.07137,14.66953],[-16.07068,14.67219],[-16.07052,14.6743],[-16.07063,14.67733],[-16.07117,14.67937],[-16.07132,14.68122],[-16.07177,14.68305],[-16.07279,14.68544],[-16.07456,14.68911],[-16.07514,14.6908],[-16.07543,14.69207],[-16.07696,14.69504],[-16.0775,14.69707],[-16.07829,14.69891],[-16.07926,14.7014],[-16.07999,14.70306],[-16.08155,14.70721],[-16.08266,14.70976],[-16.08374,14.71192],[-16.08427,14.71449],[-16.08529,14.71759],[-16.08603,14.71929],[-16.08662,14.7214],[-16.08736,14.72451],[-16.08824,14.72606],[-16.08912,14.72916],[-16.08972,14.73185],[-16.09069,14.7342],[-16.091,14.73627],[-16.09227,14.74074],[-16.09296,14.74295],[-16.09346,14.74516],[-16.09373,14.74727],[-16.09417,14.74938],[-16.09448,14.75206],[-16.09507,14.75418],[-16.09603,14.75827],[-16.09651,14.7599],[-16.09692,14.76222],[-16.09722,14.76473],[-16.09772,14.76649],[-16.09768,14.76829],[-16.0982,14.77098],[-16.09882,14.77662],[-16.09947,14.77955],[-16.09993,14.78241],[-16.10002,14.78538],[-16.10076,14.78834],[-16.10124,14.79144],[-16.10158,14.79398],[-16.10159,14.79596],[-16.10233,14.79794],[-16.10286,14.80033],[-16.10454,14.80181],[-16.10527,14.80369],[-16.10669,14.80789],[-16.10781,14.80983],[-16.10943,14.81289],[-16.11078,14.81524],[-16.11155,14.81814],[-16.11275,14.82068],[-16.11368,14.82317],[-16.11426,14.82538],[-16.1154,14.83045],[-16.11556,14.83344],[-16.11529,14.83651],[-16.1156,14.83863],[-16.11599,14.84208],[-16.11552,14.84584],[-16.11482,14.84956],[-16.11517,14.85279],[-16.11466,14.85582],[-16.11425,14.85935],[-16.11384,14.86257],[-16.11441,14.86643],[-16.11467,14.86915],[-16.11389,14.87162],[-16.11329,14.87373],[-16.11199,14.87575],[-16.11108,14.87831],[-16.10949,14.88059],[-16.10776,14.88324],[-16.10637,14.88562],[-16.10511,14.888],[-16.10385,14.89051],[-16.10313,14.89207],[-16.10193,14.8939],[-16.10086,14.89614],[-16.09942,14.89842],[-16.09879,14.90003],[-16.09754,14.90232],[-16.09661,14.90488],[-16.0956,14.90713],[-16.09542,14.90947],[-16.09488,14.91181],[-16.09425,14.9141],[-16.09407,14.91723],[-16.09357,14.91975],[-16.09335,14.92291],[-16.09294,14.92545],[-16.09273,14.92788],[-16.09256,14.9305],[-16.09211,14.93252],[-16.09264,14.93643],[-16.09288,14.94016],[-16.0929,14.94361],[-16.09287,14.94628],[-16.09399,14.94839],[-16.09429,14.9507],[-16.09446,14.95253],[-16.09484,14.95875],[-16.10125,14.95729],[-16.11039,14.95697],[-16.11621,14.95792],[-16.12757,14.96083],[-16.13833,14.96261],[-16.15722,14.96435],[-16.16217,14.96462],[-16.17147,14.96428],[-16.1783,14.96382]]]},"properties":{"slug":"diourbel","name":"Diourbel","department":"Diourbel","code":"SN0202","parent":"region-diourbel"}},{"type":"Feature","geometry":{"type":"Polygon","coordinates":[[[-17.41703,14.77119],[-17.4198,14.76937],[-17.42148,14.76848],[-17.42431,14.76646],[-17.42617,14.7654],[-17.42968,14.7631],[-17.4297,14.76299],[-17.4287,14.75703],[-17.42884,14.7564],[-17.42869,14.75354],[-17.42832,14.75195],[-17.42715,14.74981],[-17.42561,14.74758],[-17.42486,14.74585],[-17.42397,14.74483],[-17.4217,14.74524],[-17.4217,14.74583],[-17.42203,14.74937],[-17.42223,14.75224],[-17.42232,14.75498],[-17.42229,14.75576],[-17.42176,14.75812],[-17.42136,14.75946],[-17.42067,14.76004],[-17.42012,14.76086],[-17.41955,14.76139],[-17.41862,14.76197],[-17.41703,14.76267],[-17.41581,14.76347],[-17.415,14.76387],[-17.41383,14.76457],[-17.41245,14.76574],[-17.4117,14.76661],[-17.41089,14.76733],[-17.40944,14.76757],[-17.40821,14.76743],[-17.40733,14.76786],[-17.40601,14.76891],[-17.40512,14.7693],[-17.40404,14.76914],[-17.40217,14.76817],[-17.40064,14.76669],[-17.39944,14.76645],[-17.39808,14.76586],[-17.39762,14.7665],[-17.39735,14.76663],[-17.39574,14.76892],[-17.39506,14.76957],[-17.39443,14.76991],[-17.39322,14.77008],[-17.38925,14.76958],[-17.38807,14.76945],[-17.38821,14.76714],[-17.38546,14.76688],[-17.38343,14.76674],[-17.38331,14.76671],[-17.38312,14.7668],[-17.38159,14.76716],[-17.37909,14.76716],[-17.37847,14.76898],[-17.37799,14.76888],[-17.37742,14.76959],[-17.37777,14.76983],[-17.37655,14.77098],[-17.37488,14.77277],[-17.37566,14.77323],[-17.37518,14.77665],[-17.37414,14.77642],[-17.37313,14.77635],[-17.37241,14.77617],[-17.37175,14.7755],[-17.3717,14.77556],[-17.37153,14.7757],[-17.37036,14.77668],[-17.37032,14.77672],[-17.36839,14.77834],[-17.36845,14.77867],[-17.36766,14.77945],[-17.36604,14.78077],[-17.36563,14.7812],[-17.365,14.78252],[-17.36297,14.78523],[-17.36214,14.78676],[-17.36203,14.78738],[-17.36217,14.78842],[-17.36363,14.79139],[-17.36502,14.79479],[-17.36595,14.79733],[-17.3675,14.79657],[-17.36986,14.7959],[-17.37114,14.79542],[-17.37301,14.79451],[-17.37526,14.79375],[-17.37628,14.79333],[-17.37747,14.79259],[-17.37852,14.79221],[-17.38041,14.79186],[-17.38174,14.7913],[-17.3848,14.78975],[-17.38597,14.78922],[-17.38821,14.78838],[-17.38931,14.78779],[-17.39097,14.78703],[-17.39347,14.78611],[-17.39493,14.78573],[-17.39594,14.78533],[-17.39676,14.78476],[-17.39765,14.78442],[-17.3987,14.78432],[-17.4002,14.78337],[-17.40196,14.78282],[-17.40362,14.78202],[-17.40462,14.78175],[-17.40631,14.78091],[-17.40795,14.78045],[-17.40878,14.78011],[-17.40983,14.77951],[-17.41185,14.77859],[-17.41268,14.7783],[-17.41451,14.77783],[-17.41567,14.77712],[-17.41646,14.77679],[-17.41733,14.77662],[-17.41908,14.77584],[-17.41826,14.77388],[-17.41703,14.77119]]]},"properties":{"slug":"guediawaye","name":"Guediawaye","department":"Guediawaye","code":"SN0102","parent":"region-dakar"}},{"type":"Feature","geometry":{"type":"Polygon","coordinates":[[[-17.30763,14.75706],[-17.31033,14.76299],[-17.31316,14.76627],[-17.31849,14.77034],[-17.32381,14.77077],[-17.32989,14.76974],[-17.33522,14.76471],[-17.3377,14.78222],[-17.33692,14.79391],[-17.34082,14.80084],[-17.34095,14.80229],[-17.34117,14.80244],[-17.34139,14.80334],[-17.34083,14.80376],[-17.34047,14.80522],[-17.34028,14.80506],[-17.30955,14.81781],[-17.31362,14.81597],[-17.31465,14.81564],[-17.31502,14.81559],[-17.31595,14.81552],[-17.31684,14.81518],[-17.31772,14.81449],[-17.31805,14.81428],[-17.31876,14.81399],[-17.31971,14.81372],[-17.32008,14.81361],[-17.32212,14.81273],[-17.32242,14.81255],[-17.32304,14.81215],[-17.32347,14.81193],[-17.32381,14.81182],[-17.32419,14.81174],[-17.32663,14.81149],[-17.32692,14.81143],[-17.32717,14.81135],[-17.32762,14.81112],[-17.32776,14.81099],[-17.32804,14.8107],[-17.32845,14.81046],[-17.32955,14.81001],[-17.33023,14.80943],[-17.33162,14.80888],[-17.3328,14.8087],[-17.33328,14.8086],[-17.33566,14.80796],[-17.33659,14.80747],[-17.3372,14.80701],[-17.33809,14.80666],[-17.3392,14.80656],[-17.33991,14.80627],[-17.34093,14.8056],[-17.34434,14.8046],[-17.34603,14.80391],[-17.34713,14.80321],[-17.34893,14.80254],[-17.35009,14.80238],[-17.35067,14.80214],[-17.35163,14.80136],[-17.35354,14.801],[-17.35562,14.79986],[-17.35773,14.79925],[-17.35868,14.79877],[-17.36003,14.79827],[-17.36224,14.79757],[-17.36324,14.79713],[-17.36231,14.7946],[-17.36092,14.79119],[-17.35946,14.78823],[-17.35932,14.78718],[-17.35943,14.78656],[-17.36027,14.78504],[-17.36229,14.78232],[-17.36292,14.781],[-17.36333,14.78057],[-17.36495,14.77926],[-17.36574,14.77847],[-17.36568,14.77814],[-17.36904,14.7753],[-17.3697,14.77597],[-17.37043,14.77615],[-17.37143,14.77622],[-17.37247,14.77645],[-17.37252,14.77576],[-17.37254,14.77576],[-17.37296,14.77303],[-17.37217,14.77258],[-17.37384,14.77078],[-17.37506,14.76964],[-17.37471,14.76939],[-17.37528,14.76868],[-17.37577,14.76878],[-17.37638,14.76696],[-17.37888,14.76696],[-17.38072,14.76654],[-17.38275,14.76668],[-17.38518,14.76691],[-17.38551,14.76695],[-17.38536,14.76925],[-17.39052,14.76988],[-17.3912,14.76985],[-17.39144,14.7698],[-17.39172,14.76971],[-17.39235,14.76937],[-17.39303,14.76872],[-17.39465,14.76643],[-17.39537,14.76567],[-17.39673,14.76625],[-17.39794,14.76649],[-17.39946,14.76797],[-17.40133,14.76894],[-17.40241,14.7691],[-17.4033,14.76871],[-17.40462,14.76767],[-17.4055,14.76723],[-17.40673,14.76737],[-17.40818,14.76713],[-17.40899,14.76641],[-17.40974,14.76555],[-17.41112,14.76437],[-17.4131,14.76327],[-17.41432,14.76247],[-17.41591,14.76177],[-17.41684,14.76119],[-17.41741,14.76066],[-17.41796,14.75984],[-17.41865,14.75927],[-17.41906,14.75792],[-17.41958,14.75557],[-17.41961,14.75478],[-17.41952,14.75204],[-17.41932,14.74917],[-17.41899,14.74563],[-17.41899,14.74504],[-17.42126,14.74464],[-17.42044,14.7434],[-17.41991,14.74152],[-17.41931,14.73858],[-17.41812,14.73448],[-17.41744,14.73327],[-17.41196,14.73672],[-17.41123,14.73522],[-17.41053,14.73341],[-17.4099,14.73359],[-17.40894,14.73387],[-17.4082,14.73409],[-17.40443,14.73536],[-17.40085,14.73651],[-17.39795,14.73727],[-17.39658,14.73755],[-17.39407,14.73793],[-17.39192,14.73812],[-17.38954,14.73845],[-17.3872,14.73887],[-17.38526,14.73914],[-17.38329,14.73933],[-17.37943,14.7395],[-17.37339,14.73957],[-17.37091,14.73953],[-17.36525,14.73937],[-17.3632,14.73923],[-17.36118,14.739],[-17.35906,14.73868],[-17.35411,14.73784],[-17.34995,14.73701],[-17.34573,14.73604],[-17.34032,14.73466],[-17.33603,14.73344],[-17.33271,14.73239],[-17.32985,14.7314],[-17.32801,14.7306],[-17.32607,14.72957],[-17.32347,14.72842],[-17.31995,14.72704],[-17.3146,14.72476],[-17.31203,14.7236],[-17.30879,14.72205],[-17.30681,14.72114],[-17.30511,14.72031],[-17.30293,14.7195],[-17.30213,14.72344],[-17.30173,14.72388],[-17.30252,14.72502],[-17.30286,14.7252],[-17.30302,14.72573],[-17.30219,14.72835],[-17.30029,14.73234],[-17.29958,14.73548],[-17.29895,14.73726],[-17.29769,14.73999],[-17.29728,14.74188],[-17.29625,14.74576],[-17.29576,14.74801],[-17.29455,14.75123],[-17.29511,14.75119],[-17.29593,14.75028],[-17.29671,14.75222],[-17.29666,14.75238],[-17.29895,14.75326],[-17.3026,14.75477],[-17.30763,14.75706]]]},"properties":{"slug":"pikine","name":"Pikine","department":"Pikine","code":"SN0103","parent":"region-dakar"}},{"type":"Feature","geometry":{"type":"Polygon","coordinates":[[[-16.36068,14.60405],[-16.35656,14.60655],[-16.35094,14.61238],[-16.34893,14.61677],[-16.34681,14.62526],[-16.34554,14.63162],[-16.3443,14.64335],[-16.34391,14.65013],[-16.34254,14.66328],[-16.3394,14.6722],[-16.33465,14.67872],[-16.32872,14.683],[-16.32409,14.68514],[-16.31786,14.68645],[-16.31076,14.68875],[-16.30006,14.69446],[-16.29441,14.69802],[-16.28937,14.70483],[-16.28608,14.71107],[-16.28308,14.7197],[-16.28338,14.72068],[-16.29592,14.73827],[-16.30382,14.74176],[-16.31007,14.74342],[-16.32159,14.75155],[-16.33181,14.76039],[-16.33998,14.7674],[-16.34683,14.77273],[-16.34991,14.77625],[-16.35325,14.78407],[-16.35373,14.78668],[-16.35443,14.7922],[-16.35516,14.79487],[-16.35528,14.79845],[-16.35582,14.80121],[-16.35626,14.80507],[-16.35703,14.80802],[-16.35706,14.80977],[-16.3576,14.8123],[-16.35793,14.81814],[-16.35828,14.82135],[-16.35872,14.82453],[-16.35944,14.82871],[-16.3597,14.83148],[-16.36066,14.83497],[-16.36021,14.83764],[-16.36187,14.84215],[-16.36193,14.84527],[-16.36257,14.84804],[-16.36227,14.84978],[-16.36295,14.85374],[-16.3631,14.85765],[-16.36425,14.86055],[-16.36532,14.86227],[-16.36544,14.86546],[-16.36589,14.86714],[-16.36662,14.86799],[-16.36793,14.87221],[-16.36841,14.87448],[-16.36926,14.87631],[-16.36975,14.88022],[-16.37015,14.88376],[-16.37072,14.88836],[-16.3714,14.89167],[-16.37189,14.89507],[-16.37191,14.89931],[-16.37223,14.90355],[-16.37276,14.90744],[-16.37235,14.9113],[-16.37282,14.91457],[-16.37251,14.91939],[-16.37215,14.92205],[-16.37181,14.92521],[-16.37097,14.92811],[-16.37071,14.93104],[-16.37045,14.93325],[-16.3701,14.93495],[-16.36965,14.93756],[-16.36934,14.94078],[-16.36875,14.9438],[-16.36824,14.94688],[-16.36836,14.95014],[-16.36814,14.95341],[-16.36877,14.95631],[-16.36836,14.95965],[-16.36833,14.9625],[-16.36811,14.96673],[-16.36742,14.96984],[-16.36588,14.97277],[-16.36511,14.97521],[-16.36404,14.97749],[-16.36264,14.9802],[-16.36211,14.98231],[-16.36133,14.98446],[-16.36136,14.98643],[-16.36195,14.98846],[-16.36298,14.99035],[-16.36415,14.99197],[-16.36541,14.99387],[-16.36676,14.99576],[-16.36783,14.99766],[-16.36945,14.99988],[-16.36932,15.00264],[-16.36916,15.00382],[-16.37998,15.01907],[-16.38075,15.01923],[-16.38506,15.01967],[-16.39014,15.0203],[-16.39681,15.02051],[-16.40371,15.02134],[-16.41288,15.02285],[-16.4224,15.02446],[-16.42754,15.02604],[-16.43568,15.02508],[-16.44139,15.02384],[-16.44757,15.02284],[-16.45325,15.02168],[-16.46003,15.01978],[-16.46678,15.01766],[-16.47091,15.01581],[-16.48042,15.01172],[-16.4869,15.00757],[-16.49396,15.00239],[-16.49757,15.00013],[-16.50296,14.99989],[-16.5121,14.99925],[-16.52056,14.99707],[-16.53272,14.99181],[-16.53547,14.99066],[-16.55156,14.98589],[-16.56157,14.98244],[-16.57534,14.97753],[-16.58781,14.9742],[-16.6026,14.97056],[-16.61436,14.96922],[-16.6309,14.96471],[-16.64337,14.96138],[-16.6538,14.95848],[-16.65431,14.95819],[-16.65468,14.95664],[-16.65816,14.95548],[-16.66496,14.95077],[-16.67592,14.94109],[-16.68715,14.92914],[-16.67693,14.92046],[-16.66918,14.91374],[-16.66213,14.90446],[-16.6577,14.89404],[-16.6549,14.8887],[-16.64992,14.88464],[-16.64204,14.87961],[-16.63458,14.87232],[-16.63062,14.86726],[-16.62768,14.86234],[-16.62618,14.85727],[-16.62544,14.85416],[-16.6238,14.84852],[-16.62405,14.84259],[-16.62606,14.83905],[-16.62982,14.83747],[-16.63544,14.83304],[-16.64222,14.82636],[-16.64612,14.82294],[-16.64927,14.81741],[-16.64937,14.8119],[-16.64616,14.8091],[-16.64061,14.80434],[-16.63579,14.80098],[-16.62835,14.79609],[-16.62426,14.79414],[-16.61794,14.78204],[-16.61457,14.77839],[-16.60857,14.77222],[-16.60709,14.76729],[-16.60643,14.75684],[-16.60504,14.74597],[-16.60442,14.74089],[-16.60539,14.73425],[-16.60619,14.72521],[-16.60659,14.71983],[-16.60657,14.71659],[-16.60514,14.69894],[-16.60551,14.69004],[-16.6069,14.68226],[-16.60963,14.678],[-16.61235,14.67417],[-16.61697,14.66878],[-16.62126,14.6621],[-16.62181,14.65631],[-16.62219,14.64981],[-16.62106,14.64021],[-16.62097,14.63996],[-16.61887,14.63927],[-16.61638,14.63703],[-16.61434,14.63534],[-16.61068,14.6317],[-16.60646,14.62932],[-16.60165,14.62512],[-16.59857,14.62204],[-16.5958,14.61993],[-16.59244,14.61685],[-16.58923,14.61334],[-16.58617,14.61167],[-16.58194,14.60901],[-16.57554,14.60666],[-16.57002,14.60557],[-16.56523,14.60503],[-16.5558,14.60566],[-16.54581,14.60699],[-16.5387,14.60761],[-16.52913,14.60753],[-16.52545,14.60746],[-16.52347,14.60743],[-16.51505,14.60692],[-16.50721,14.60528],[-16.50138,14.60291],[-16.49512,14.59928],[-16.49002,14.59521],[-16.48653,14.59269],[-16.48174,14.59315],[-16.47596,14.59572],[-16.4703,14.59689],[-16.46073,14.59667],[-16.45187,14.59545],[-16.44346,14.59579],[-16.4378,14.59611],[-16.43114,14.59784],[-16.42694,14.59914],[-16.41983,14.59946],[-16.40895,14.59925],[-16.39866,14.60001],[-16.39373,14.60047],[-16.38286,14.60124],[-16.37619,14.60241],[-16.37097,14.60314],[-16.363,14.60418],[-16.36068,14.60405]]]},"properties":{"slug":"bambey","name":"Bambey","department":"Bambey","code":"SN0201","parent":"region-diourbel"}},{"type":"Feature","geometry":{"type":"Polygon","coordinates":[[[-17.14471,14.58764],[-17.14441,14.59198],[-17.1443,14.59424],[-17.14397,14.59765],[-17.14388,14.60091],[-17.14355,14.60441],[-17.14321,14.60704],[-17.1425,14.61032],[-17.14187,14.61526],[-17.14139,14.62157],[-17.14109,14.62608],[-17.14075,14.62926],[-17.14052,14.63295],[-17.14042,14.63538],[-17.14046,14.63819],[-17.14026,14.64087],[-17.13979,14.64401],[-17.13964,14.64678],[-17.13884,14.64964],[-17.13841,14.65286],[-17.13822,14.65554],[-17.13812,14.65881],[-17.13741,14.66191],[-17.13703,14.66505],[-17.13694,14.66823],[-17.13657,14.67241],[-17.13639,14.67597],[-17.13629,14.67937],[-17.13578,14.6826],[-17.13554,14.68592],[-17.13496,14.68968],[-17.13459,14.69468],[-17.13376,14.69911],[-17.13304,14.70175],[-17.13269,14.70351],[-17.13238,14.70576],[-17.13247,14.71092],[-17.13207,14.71609],[-17.13206,14.71885],[-17.13187,14.72139],[-17.13182,14.72369],[-17.13143,14.72678],[-17.13094,14.72968],[-17.13064,14.73448],[-17.13058,14.73725],[-17.13025,14.73969],[-17.13013,14.74172],[-17.12951,14.74444],[-17.12954,14.74614],[-17.12948,14.74868],[-17.12907,14.75039],[-17.12896,14.75237],[-17.12815,14.75731],[-17.12804,14.75944],[-17.12806,14.76114],[-17.12718,14.76575],[-17.12698,14.76843],[-17.12659,14.77032],[-17.12634,14.77267],[-17.12643,14.77521],[-17.12641,14.77677],[-17.12653,14.77911],[-17.12654,14.78284],[-17.1267,14.78436],[-17.12729,14.78597],[-17.12832,14.78854],[-17.12969,14.79105],[-17.13072,14.79371],[-17.13231,14.7953],[-17.13399,14.7977],[-17.1358,14.80096],[-17.13707,14.80305],[-17.13855,14.80736],[-17.14058,14.81056],[-17.14182,14.81404],[-17.14143,14.81657],[-17.14336,14.81895],[-17.14536,14.8226],[-17.14681,14.8247],[-17.14775,14.82722],[-17.15004,14.8317],[-17.15121,14.83422],[-17.15225,14.83668],[-17.15391,14.84036],[-17.15465,14.84227],[-17.15587,14.84452],[-17.15666,14.84685],[-17.15858,14.85101],[-17.16017,14.85381],[-17.16149,14.85595],[-17.16281,14.8587],[-17.16436,14.86102],[-17.16505,14.86295],[-17.16608,14.86487],[-17.16701,14.86678],[-17.1686,14.86901],[-17.16987,14.87107],[-17.17164,14.87593],[-17.17291,14.87822],[-17.17412,14.87986],[-17.17486,14.88142],[-17.17607,14.88333],[-17.17678,14.88563],[-17.17859,14.88472],[-17.18337,14.88215],[-17.18508,14.8813],[-17.18671,14.8806],[-17.18811,14.87985],[-17.19023,14.8785],[-17.19347,14.87695],[-17.19759,14.8748],[-17.20067,14.87334],[-17.20295,14.87232],[-17.20595,14.87082],[-17.20724,14.87036],[-17.20985,14.86923],[-17.21133,14.86843],[-17.21395,14.86733],[-17.21458,14.86677],[-17.21531,14.86639],[-17.21681,14.86584],[-17.21887,14.86471],[-17.22329,14.86258],[-17.22573,14.86133],[-17.22888,14.85964],[-17.23183,14.85818],[-17.23625,14.85595],[-17.23786,14.85518],[-17.24021,14.85389],[-17.24191,14.8532],[-17.24445,14.8518],[-17.24586,14.85119],[-17.24774,14.85024],[-17.24975,14.84944],[-17.25095,14.84885],[-17.25257,14.84789],[-17.25421,14.84721],[-17.2551,14.84672],[-17.25577,14.84621],[-17.25709,14.84566],[-17.25829,14.84501],[-17.25952,14.84471],[-17.26493,14.84185],[-17.26677,14.84094],[-17.26947,14.83979],[-17.27009,14.8393],[-17.27118,14.83888],[-17.27266,14.83797],[-17.27364,14.8375],[-17.27514,14.837],[-17.2779,14.83557],[-17.28227,14.83357],[-17.28404,14.83266],[-17.28601,14.83145],[-17.28876,14.83012],[-17.29097,14.82919],[-17.29337,14.82797],[-17.29472,14.82712],[-17.29566,14.82666],[-17.29705,14.82617],[-17.29858,14.82541],[-17.3032,14.82258],[-17.30193,14.82005],[-17.30112,14.81894],[-17.30037,14.81616],[-17.29848,14.81297],[-17.29613,14.80798],[-17.29421,14.80201],[-17.29388,14.79797],[-17.29236,14.78949],[-17.29232,14.78632],[-17.29226,14.78057],[-17.29307,14.77554],[-17.29318,14.77276],[-17.29315,14.76969],[-17.29351,14.763],[-17.29419,14.75909],[-17.29404,14.75817],[-17.29636,14.75192],[-17.29642,14.75177],[-17.29653,14.75183],[-17.29726,14.75143],[-17.29847,14.74821],[-17.29896,14.74595],[-17.29999,14.74208],[-17.3004,14.74019],[-17.30166,14.73746],[-17.30228,14.73568],[-17.303,14.73254],[-17.30489,14.72855],[-17.30573,14.72593],[-17.30557,14.72539],[-17.30523,14.72522],[-17.30444,14.72408],[-17.30484,14.72364],[-17.30511,14.72246],[-17.30564,14.7197],[-17.30414,14.71938],[-17.30283,14.71898],[-17.30071,14.71806],[-17.29865,14.71751],[-17.29361,14.71596],[-17.29244,14.71546],[-17.2914,14.71488],[-17.29016,14.71404],[-17.2887,14.71329],[-17.28699,14.71261],[-17.28487,14.71195],[-17.28311,14.7113],[-17.28262,14.71098],[-17.28161,14.71006],[-17.28106,14.71026],[-17.28155,14.71095],[-17.28163,14.71157],[-17.28073,14.7126],[-17.27998,14.71296],[-17.2784,14.71314],[-17.27682,14.71275],[-17.27562,14.71228],[-17.27367,14.71182],[-17.26986,14.71063],[-17.26792,14.70997],[-17.264,14.70853],[-17.262,14.70767],[-17.25488,14.70416],[-17.25317,14.70327],[-17.25143,14.70228],[-17.24795,14.70015],[-17.244,14.69764],[-17.24243,14.69674],[-17.24123,14.6959],[-17.24045,14.69517],[-17.23802,14.69251],[-17.23678,14.69145],[-17.23525,14.69043],[-17.23304,14.6888],[-17.23099,14.6874],[-17.2294,14.68641],[-17.22364,14.68294],[-17.22114,14.68131],[-17.21861,14.67949],[-17.21547,14.6771],[-17.21356,14.67578],[-17.21165,14.67406],[-17.21021,14.67297],[-17.20846,14.67197],[-17.2077,14.67137],[-17.2059,14.67018],[-17.20458,14.66914],[-17.20061,14.66564],[-17.19728,14.66247],[-17.19306,14.65826],[-17.19176,14.65681],[-17.18968,14.65416],[-17.1884,14.65204],[-17.18782,14.65145],[-17.18713,14.65105],[-17.18604,14.6499],[-17.18457,14.64785],[-17.18346,14.64646],[-17.18253,14.64557],[-17.18018,14.64361],[-17.17901,14.64242],[-17.1778,14.64062],[-17.17712,14.6399],[-17.17608,14.63905],[-17.17501,14.63767],[-17.17415,14.63597],[-17.17375,14.63466],[-17.17212,14.63381],[-17.17065,14.63279],[-17.16978,14.63176],[-17.1673,14.62937],[-17.1663,14.62818],[-17.16504,14.62636],[-17.16369,14.62397],[-17.16305,14.623],[-17.16059,14.62009],[-17.1599,14.61902],[-17.15853,14.61653],[-17.15497,14.61076],[-17.15429,14.60954],[-17.15338,14.60766],[-17.15263,14.60585],[-17.15277,14.60519],[-17.15211,14.60506],[-17.15125,14.60395],[-17.15054,14.6028],[-17.14995,14.60153],[-17.14948,14.60004],[-17.1492,14.59815],[-17.14923,14.59742],[-17.14898,14.59672],[-17.14793,14.59519],[-17.14741,14.59355],[-17.14734,14.5912],[-17.14707,14.59049],[-17.14652,14.58965],[-17.14579,14.5891],[-17.14515,14.58837],[-17.14471,14.58764]]]},"properties":{"slug":"rufisque","name":"Rufisque","department":"Rufisque","code":"SN0104","parent":"region-dakar"}},{"type":"Feature","geometry":{"type":"Polygon","coordinates":[[[-16.1783,14.96382],[-16.17849,14.96708],[-16.17771,14.97346],[-16.17757,14.97841],[-16.17883,14.9851],[-16.18105,14.99976],[-16.18055,15.00139],[-16.17924,15.00362],[-16.17885,15.00593],[-16.18081,15.01166],[-16.1833,15.01755],[-16.18579,15.02228],[-16.18749,15.0257],[-16.19157,15.03601],[-16.19352,15.04165],[-16.19433,15.04655],[-16.19532,15.05364],[-16.19525,15.05662],[-16.19484,15.07054],[-16.19409,15.07676],[-16.19376,15.08334],[-16.19477,15.0888],[-16.19544,15.09082],[-16.19625,15.09267],[-16.19686,15.09362],[-16.19931,15.09658],[-16.20055,15.09783],[-16.20424,15.10107],[-16.20673,15.10309],[-16.20821,15.10419],[-16.21043,15.10575],[-16.21241,15.10702],[-16.21527,15.10863],[-16.21823,15.11048],[-16.22138,15.11262],[-16.22415,15.11438],[-16.22704,15.11601],[-16.22847,15.11696],[-16.23083,15.11872],[-16.23242,15.12008],[-16.23351,15.12113],[-16.23465,15.12254],[-16.23584,15.12453],[-16.23633,15.12572],[-16.23654,15.12666],[-16.23696,15.12939],[-16.23718,15.13145],[-16.23711,15.13377],[-16.23682,15.13727],[-16.23654,15.1393],[-16.23613,15.14167],[-16.23576,15.1443],[-16.23564,15.14722],[-16.23572,15.14901],[-16.23607,15.15115],[-16.23693,15.15419],[-16.23877,15.15821],[-16.23949,15.15939],[-16.24091,15.16151],[-16.24225,15.16365],[-16.24488,15.16716],[-16.24632,15.16873],[-16.24905,15.17216],[-16.25208,15.17622],[-16.25435,15.17905],[-16.25768,15.18333],[-16.26064,15.18698],[-16.26261,15.18954],[-16.26423,15.19192],[-16.26524,15.1941],[-16.26609,15.19581],[-16.26682,15.19764],[-16.26708,15.19854],[-16.26797,15.20206],[-16.26823,15.20335],[-16.26904,15.20918],[-16.26919,15.21077],[-16.26944,15.21518],[-16.26936,15.2183],[-16.26908,15.22193],[-16.26887,15.22372],[-16.26825,15.22767],[-16.26772,15.23208],[-16.26765,15.23351],[-16.26769,15.23494],[-16.26805,15.23862],[-16.26837,15.24045],[-16.26872,15.24177],[-16.26983,15.24483],[-16.27059,15.24647],[-16.27204,15.24903],[-16.2737,15.25261],[-16.27488,15.25502],[-16.27566,15.25651],[-16.27668,15.25821],[-16.27926,15.26122],[-16.28163,15.26358],[-16.28352,15.26559],[-16.28575,15.26763],[-16.288,15.26943],[-16.28893,15.26987],[-16.28949,15.26995],[-16.2913,15.2698],[-16.29334,15.26991],[-16.29844,15.26998],[-16.30059,15.26995],[-16.30222,15.26982],[-16.3041,15.26952],[-16.30582,15.26904],[-16.30651,15.26857],[-16.3073,15.26766],[-16.30784,15.26683],[-16.30872,15.26504],[-16.30893,15.26403],[-16.3092,15.26057],[-16.30951,15.25574],[-16.30974,15.25369],[-16.30994,15.25277],[-16.31076,15.25115],[-16.312,15.24932],[-16.3129,15.24866],[-16.31528,15.24748],[-16.31703,15.24707],[-16.31788,15.24714],[-16.32031,15.24765],[-16.32297,15.2488],[-16.32628,15.25068],[-16.32871,15.25239],[-16.32952,15.25311],[-16.33076,15.25439],[-16.33298,15.25637],[-16.33597,15.25926],[-16.33879,15.26217],[-16.34132,15.26498],[-16.34323,15.26696],[-16.34447,15.26845],[-16.34509,15.26961],[-16.34576,15.27139],[-16.34591,15.272],[-16.34584,15.2746],[-16.34511,15.27633],[-16.34463,15.27693],[-16.34266,15.2789],[-16.34086,15.28047],[-16.33967,15.28138],[-16.33899,15.28205],[-16.33839,15.28286],[-16.33743,15.28467],[-16.33619,15.28744],[-16.3354,15.28952],[-16.33497,15.29107],[-16.33466,15.29257],[-16.33453,15.29438],[-16.33469,15.2953],[-16.33531,15.2974],[-16.33583,15.2987],[-16.33758,15.30209],[-16.33874,15.30386],[-16.34013,15.30642],[-16.34074,15.30743],[-16.34208,15.30936],[-16.34326,15.31084],[-16.34733,15.31541],[-16.34966,15.31813],[-16.35261,15.32115],[-16.35333,15.32176],[-16.35443,15.32238],[-16.35569,15.32277],[-16.35716,15.32299],[-16.35948,15.32348],[-16.36252,15.32394],[-16.36811,15.32454],[-16.37284,15.32498],[-16.37783,15.32561],[-16.3798,15.32574],[-16.38621,15.32566],[-16.39383,15.32548],[-16.39935,15.32522],[-16.40427,15.32508],[-16.41176,15.32475],[-16.41506,15.32456],[-16.41637,15.3248],[-16.41767,15.32533],[-16.41867,15.32612],[-16.41982,15.32752],[-16.42288,15.33028],[-16.42483,15.33217],[-16.43103,15.33895],[-16.43382,15.34205],[-16.43736,15.34577],[-16.43924,15.34762],[-16.44211,15.35034],[-16.44528,15.3532],[-16.44746,15.35509],[-16.44892,15.3565],[-16.44973,15.3577],[-16.45299,15.36022],[-16.45547,15.35753],[-16.45685,15.35624],[-16.45907,15.35434],[-16.46274,15.35073],[-16.4656,15.34823],[-16.47284,15.34157],[-16.47918,15.33552],[-16.48125,15.33362],[-16.48304,15.33213],[-16.48479,15.33036],[-16.4872,15.3275],[-16.48981,15.32413],[-16.49357,15.31983],[-16.49488,15.31821],[-16.49653,15.31596],[-16.49952,15.31256],[-16.50074,15.31127],[-16.50235,15.31045],[-16.50394,15.30953],[-16.50478,15.30877],[-16.50651,15.30622],[-16.50787,15.30407],[-16.50874,15.30252],[-16.50967,15.3011],[-16.51206,15.2978],[-16.51463,15.2939],[-16.51654,15.29079],[-16.51897,15.28715],[-16.51885,15.28687],[-16.51782,15.28657],[-16.51688,15.28566],[-16.51615,15.28458],[-16.51541,15.28303],[-16.51497,15.28128],[-16.51467,15.27936],[-16.51471,15.27759],[-16.51517,15.2761],[-16.51576,15.27493],[-16.51634,15.27355],[-16.51695,15.27245],[-16.51811,15.27128],[-16.52088,15.26914],[-16.52206,15.26858],[-16.52301,15.26832],[-16.52437,15.2681],[-16.52588,15.26803],[-16.52698,15.26823],[-16.52936,15.26922],[-16.53069,15.26952],[-16.53139,15.26831],[-16.5329,15.26604],[-16.53523,15.26275],[-16.53938,15.25642],[-16.5414,15.25345],[-16.54242,15.2518],[-16.5434,15.25006],[-16.5456,15.2458],[-16.54696,15.24306],[-16.54833,15.24021],[-16.54989,15.2367],[-16.55106,15.23436],[-16.55239,15.23156],[-16.55524,15.22612],[-16.55689,15.2227],[-16.55818,15.22037],[-16.55962,15.21705],[-16.5604,15.21504],[-16.56139,15.21303],[-16.56343,15.20945],[-16.56813,15.19987],[-16.57072,15.19476],[-16.57215,15.19162],[-16.57296,15.19008],[-16.57394,15.18864],[-16.57489,15.1876],[-16.57653,15.18613],[-16.57828,15.18471],[-16.58054,15.18265],[-16.58321,15.18036],[-16.58777,15.17611],[-16.59021,15.17405],[-16.5931,15.1713],[-16.59499,15.16989],[-16.59571,15.16923],[-16.59674,15.16804],[-16.59799,15.16624],[-16.59924,15.16423],[-16.6004,15.16218],[-16.60208,15.15956],[-16.60295,15.15847],[-16.60398,15.15734],[-16.60554,15.15582],[-16.60692,15.15431],[-16.60839,15.15286],[-16.61051,15.15092],[-16.61585,15.14575],[-16.61627,15.14753],[-16.6163,15.14891],[-16.61618,15.15021],[-16.61568,15.15366],[-16.61549,15.15587],[-16.61554,15.1581],[-16.61528,15.16006],[-16.61418,15.16522],[-16.61395,15.16687],[-16.61372,15.16988],[-16.61369,15.17245],[-16.61335,15.17589],[-16.61315,15.17838],[-16.6131,15.18025],[-16.61329,15.18237],[-16.6139,15.18684],[-16.61414,15.18805],[-16.61493,15.19102],[-16.616,15.19478],[-16.61633,15.19574],[-16.61703,15.19707],[-16.61829,15.19884],[-16.61917,15.19985],[-16.62003,15.20137],[-16.62065,15.20212],[-16.62125,15.20247],[-16.62434,15.20389],[-16.62651,15.20499],[-16.62773,15.2058],[-16.62984,15.20795],[-16.63145,15.20923],[-16.63196,15.21031],[-16.63294,15.21413],[-16.63352,15.21666],[-16.63416,15.21859],[-16.63497,15.22141],[-16.63602,15.22368],[-16.63633,15.22456],[-16.63685,15.22518],[-16.63846,15.22569],[-16.63904,15.22601],[-16.63959,15.22678],[-16.6409,15.2275],[-16.64168,15.22766],[-16.64269,15.22817],[-16.64384,15.229],[-16.64548,15.22995],[-16.64875,15.23175],[-16.65156,15.23351],[-16.65326,15.23465],[-16.65513,15.236],[-16.6576,15.23805],[-16.65862,15.23874],[-16.66053,15.2399],[-16.66131,15.24044],[-16.6637,15.24231],[-16.66719,15.24515],[-16.67145,15.24822],[-16.67245,15.24907],[-16.67381,15.2505],[-16.67582,15.25286],[-16.67676,15.25409],[-16.6778,15.25567],[-16.67842,15.25645],[-16.67936,15.2572],[-16.68095,15.25821],[-16.68169,15.25882],[-16.68231,15.25964],[-16.68302,15.26089],[-16.68367,15.26166],[-16.68617,15.26383],[-16.68788,15.26553],[-16.68892,15.26639],[-16.6906,15.26724],[-16.69483,15.26892],[-16.69752,15.27029],[-16.70015,15.27203],[-16.70193,15.27309],[-16.70296,15.2738],[-16.70392,15.27459],[-16.70625,15.27664],[-16.70704,15.27746],[-16.70789,15.27873],[-16.70858,15.28006],[-16.70945,15.28202],[-16.71061,15.28413],[-16.71202,15.28617],[-16.71439,15.28912],[-16.71572,15.29039],[-16.71681,15.29106],[-16.71781,15.29151],[-16.71903,15.29191],[-16.72026,15.29218],[-16.72643,15.29378],[-16.72882,15.29429],[-16.73003,15.29464],[-16.73223,15.29552],[-16.73534,15.29642],[-16.73733,15.29716],[-16.74235,15.29979],[-16.74435,15.30105],[-16.75209,15.30566],[-16.76488,15.31079],[-16.81101,15.32928],[-16.81379,15.32489],[-16.81726,15.31903],[-16.82007,15.31464],[-16.82234,15.31118],[-16.82379,15.30888],[-16.82653,15.30418],[-16.82702,15.30312],[-16.82782,15.30098],[-16.82827,15.29996],[-16.82964,15.29769],[-16.83093,15.29537],[-16.83153,15.29441],[-16.83404,15.29071],[-16.83598,15.28801],[-16.83727,15.28606],[-16.8401,15.28141],[-16.84175,15.27824],[-16.84275,15.27644],[-16.84403,15.27452],[-16.84541,15.27275],[-16.84769,15.27009],[-16.84963,15.26816],[-16.85054,15.26688],[-16.85205,15.26451],[-16.85437,15.26112],[-16.85702,15.25688],[-16.86052,15.25165],[-16.86253,15.24842],[-16.8637,15.24666],[-16.86456,15.2455],[-16.86696,15.24246],[-16.86782,15.2411],[-16.86881,15.23972],[-16.86984,15.23795],[-16.87124,15.23599],[-16.87366,15.23304],[-16.875,15.23109],[-16.87673,15.22883],[-16.87852,15.2262],[-16.88001,15.22413],[-16.88112,15.22229],[-16.88231,15.22069],[-16.88459,15.21788],[-16.88757,15.21383],[-16.8895,15.21127],[-16.89184,15.20805],[-16.89403,15.2052],[-16.89687,15.20131],[-16.89942,15.19799],[-16.90059,15.19637],[-16.90162,15.19512],[-16.90272,15.19337],[-16.90626,15.18853],[-16.90753,15.18732],[-16.9093,15.18524],[-16.90992,15.1843],[-16.91182,15.18194],[-16.91569,15.17666],[-16.9184,15.17324],[-16.92009,15.17144],[-16.92095,15.17037],[-16.92562,15.16378],[-16.92671,15.16239],[-16.92723,15.16147],[-16.92955,15.15878],[-16.93171,15.15613],[-16.9335,15.15354],[-16.93508,15.15146],[-16.93632,15.15014],[-16.93863,15.14785],[-16.93986,15.14644],[-16.94062,15.14542],[-16.94247,15.14276],[-16.94805,15.13562],[-16.94928,15.13388],[-16.95043,15.13244],[-16.95288,15.12965],[-16.95728,15.12385],[-16.95823,15.12267],[-16.96067,15.1198],[-16.96295,15.11666],[-16.96655,15.1123],[-16.96809,15.11014],[-16.96931,15.1086],[-16.97105,15.10671],[-16.97217,15.10539],[-16.97448,15.10243],[-16.97509,15.10186],[-16.97706,15.09946],[-16.9779,15.09855],[-16.97951,15.097],[-16.98101,15.09522],[-16.98119,15.09479],[-16.98194,15.09386],[-16.98316,15.09257],[-16.98385,15.09167],[-16.98518,15.0902],[-16.98636,15.08865],[-16.98761,15.08729],[-16.99179,15.0823],[-16.99354,15.08038],[-16.99751,15.07579],[-16.99999,15.07304],[-17.00273,15.06976],[-17.00583,15.06618],[-17.00894,15.0624],[-17.01136,15.05962],[-17.01314,15.05775],[-17.0148,15.05585],[-17.01727,15.05293],[-17.02098,15.04912],[-17.02556,15.04387],[-17.02828,15.04085],[-17.03037,15.0386],[-17.03188,15.03708],[-17.03305,15.0358],[-17.03428,15.03433],[-17.03606,15.03229],[-17.03768,15.03054],[-17.03975,15.02839],[-17.04197,15.02594],[-17.04256,15.02522],[-17.0436,15.02368],[-17.04439,15.02278],[-17.04644,15.02117],[-17.04743,15.02013],[-17.05053,15.01647],[-17.05203,15.0148],[-17.05429,15.01247],[-17.05643,15.01004],[-17.05794,15.00844],[-17.06022,15.00623],[-17.06188,15.00438],[-17.06393,15.0024],[-17.06515,15.00104],[-17.06634,14.99945],[-17.06706,14.99864],[-17.06881,14.99719],[-17.06968,14.99627],[-17.07061,14.99497],[-17.07187,14.99353],[-17.07655,14.98881],[-17.07977,14.98526],[-17.08308,14.98195],[-17.08481,14.98009],[-17.08618,14.97846],[-17.08705,14.97734],[-17.08798,14.97629],[-17.08995,14.97435],[-17.09194,14.9722],[-17.0943,14.96939],[-17.09527,14.96836],[-17.09642,14.96731],[-17.09764,14.96548],[-17.09952,14.96375],[-17.10032,14.96286],[-17.10215,14.9605],[-17.10363,14.95842],[-17.10673,14.95438],[-17.10854,14.95198],[-17.10044,14.9456],[-17.08961,14.93717],[-17.08383,14.93242],[-17.08262,14.92309],[-17.08238,14.91599],[-17.07751,14.9122],[-17.06962,14.90375],[-17.06193,14.89469],[-17.05664,14.87278],[-17.05712,14.86656],[-17.0583,14.8565],[-17.05923,14.8488],[-17.06071,14.83744],[-17.06,14.83286],[-17.0576,14.82542],[-17.05642,14.82338],[-17.0536,14.82182],[-17.05016,14.81479],[-17.04842,14.81232],[-17.04557,14.81102],[-17.04018,14.81156],[-17.03698,14.81197],[-17.03093,14.81366],[-17.0274,14.81424],[-17.02488,14.8159],[-17.02142,14.81796],[-17.0165,14.82106],[-17.01097,14.82515],[-17.00074,14.83125],[-16.99999,14.83142],[-16.99895,14.83184],[-16.99857,14.83434],[-16.99738,14.83513],[-16.99558,14.83554],[-16.99479,14.83613],[-16.99341,14.83867],[-16.99101,14.83966],[-16.98882,14.84066],[-16.98724,14.8434],[-16.98526,14.84536],[-16.98287,14.84695],[-16.98028,14.84872],[-16.97789,14.85069],[-16.97471,14.85285],[-16.97212,14.85444],[-16.96973,14.85641],[-16.96694,14.85799],[-16.96495,14.85898],[-16.96256,14.86037],[-16.96056,14.86116],[-16.95796,14.86157],[-16.95375,14.86161],[-16.95035,14.86145],[-16.94693,14.86069],[-16.94512,14.85934],[-16.94251,14.85879],[-16.9391,14.85823],[-16.93648,14.85688],[-16.93387,14.85613],[-16.93007,14.85616],[-16.92685,14.85521],[-16.92384,14.85505],[-16.92064,14.8543],[-16.91843,14.85432],[-16.91503,14.85492],[-16.91264,14.85651],[-16.91004,14.85692],[-16.90724,14.85753],[-16.90444,14.85852],[-16.90265,14.85971],[-16.90106,14.86089],[-16.89826,14.8613],[-16.89667,14.86306],[-16.89468,14.86426],[-16.89208,14.86524],[-16.89154,14.86562],[-16.88678,14.86818],[-16.88376,14.86945],[-16.88025,14.87155],[-16.87953,14.87276],[-16.87814,14.87412],[-16.87574,14.87473],[-16.87295,14.87573],[-16.87113,14.87536],[-16.86813,14.87557],[-16.86693,14.8748],[-16.86571,14.87384],[-16.86431,14.87248],[-16.86208,14.87095],[-16.86027,14.86941],[-16.85866,14.86844],[-16.85684,14.86632],[-16.85503,14.86555],[-16.85381,14.86459],[-16.85181,14.86382],[-16.8502,14.86422],[-16.8484,14.86443],[-16.8468,14.86406],[-16.8456,14.86427],[-16.8426,14.86448],[-16.84022,14.86386],[-16.83887,14.86496],[-16.83288,14.86897],[-16.82261,14.8747],[-16.81509,14.87787],[-16.80654,14.88103],[-16.798,14.88379],[-16.79308,14.88566],[-16.78973,14.88527],[-16.7858,14.88473],[-16.78057,14.88379],[-16.77271,14.88116],[-16.76659,14.87923],[-16.76077,14.87843],[-16.75671,14.87973],[-16.75209,14.88259],[-16.74834,14.88474],[-16.74082,14.88974],[-16.73736,14.89301],[-16.7323,14.89616],[-16.72753,14.89902],[-16.71886,14.90389],[-16.71163,14.90818],[-16.70569,14.91076],[-16.69964,14.91603],[-16.69588,14.91959],[-16.69099,14.925],[-16.68715,14.92914],[-16.67592,14.94109],[-16.66496,14.95077],[-16.65816,14.95548],[-16.65468,14.95664],[-16.65431,14.95819],[-16.6538,14.95848],[-16.64337,14.96138],[-16.6309,14.96471],[-16.61436,14.96922],[-16.6026,14.97056],[-16.58781,14.9742],[-16.57534,14.97753],[-16.56157,14.98244],[-16.55156,14.98589],[-16.53547,14.99066],[-16.53272,14.99181],[-16.52056,14.99707],[-16.5121,14.99925],[-16.50296,14.99989],[-16.49757,15.00013],[-16.49396,15.00239],[-16.4869,15.00757],[-16.48042,15.01172],[-16.47091,15.01581],[-16.46678,15.01766],[-16.46003,15.01978],[-16.45325,15.02168],[-16.44757,15.02284],[-16.44139,15.02384],[-16.43568,15.02508],[-16.42754,15.02604],[-16.4224,15.02446],[-16.41288,15.02285],[-16.40371,15.02134],[-16.39681,15.02051],[-16.39014,15.0203],[-16.38506,15.01967],[-16.38075,15.01923],[-16.37998,15.01907],[-16.37337,15.01758],[-16.36249,15.01524],[-16.34791,15.01143],[-16.34193,15.00915],[-16.33074,15.00415],[-16.32514,15.00169],[-16.31966,14.99998],[-16.30755,14.99773],[-16.30143,14.99565],[-16.29503,14.99498],[-16.28047,14.99153],[-16.27232,14.98917],[-16.26329,14.98513],[-16.25177,14.97939],[-16.24579,14.97646],[-16.23894,14.97142],[-16.2328,14.96438],[-16.23175,14.95902],[-16.22838,14.9541],[-16.22358,14.95299],[-16.21428,14.95318],[-16.20194,14.95706],[-16.19238,14.9605],[-16.187,14.96251],[-16.1783,14.96382]]]},"properties":{"slug":"tivaouane","name":"Tivaouane","department":"Tivaouane","code":"SN1303","parent":"region-thies"}},{"type":"Feature","geometry":{"type":"Polygon","coordinates":[[[-15.8184,15.36359],[-15.84449,15.36552],[-15.87877,15.36853],[-15.89011,15.36953],[-15.93403,15.37323],[-15.95869,15.37522],[-15.98212,15.37721],[-15.9943,15.37806],[-15.99892,15.37863],[-16.00403,15.38309],[-16.00557,15.38428],[-16.01006,15.38637],[-16.01716,15.38813],[-16.02049,15.38903],[-16.02933,15.39043],[-16.03915,15.39121],[-16.04878,15.39141],[-16.06365,15.39182],[-16.06874,15.39132],[-16.07404,15.39065],[-16.07696,15.39035],[-16.08202,15.39029],[-16.09246,15.39132],[-16.09714,15.39166],[-16.10081,15.39235],[-16.10941,15.39423],[-16.11587,15.39626],[-16.12287,15.39894],[-16.12971,15.40205],[-16.1429,15.4084],[-16.14838,15.41152],[-16.15242,15.4133],[-16.15794,15.41491],[-16.16197,15.41552],[-16.16727,15.41561],[-16.17384,15.41486],[-16.1828,15.41449],[-16.19501,15.41642],[-16.20473,15.41876],[-16.21214,15.42139],[-16.21813,15.4238],[-16.22591,15.42781],[-16.23675,15.43329],[-16.24714,15.43897],[-16.25448,15.44315],[-16.26133,15.44694],[-16.26909,15.45128],[-16.2754,15.45554],[-16.27878,15.45849],[-16.28046,15.46134],[-16.2807,15.46691],[-16.28053,15.47321],[-16.28108,15.47635],[-16.28395,15.48192],[-16.28459,15.48678],[-16.28457,15.48965],[-16.28509,15.49395],[-16.28641,15.49996],[-16.28753,15.50115],[-16.29786,15.50411],[-16.31235,15.50702],[-16.31717,15.50787],[-16.31876,15.50887],[-16.31986,15.51029],[-16.32258,15.51436],[-16.32237,15.51731],[-16.32242,15.51829],[-16.32326,15.52115],[-16.32363,15.52306],[-16.32373,15.5252],[-16.32317,15.52773],[-16.32312,15.52844],[-16.32326,15.53047],[-16.32328,15.53289],[-16.32356,15.53616],[-16.32375,15.53717],[-16.32401,15.5379],[-16.32507,15.5398],[-16.32643,15.54264],[-16.3273,15.54402],[-16.32816,15.5452],[-16.33003,15.54731],[-16.3306,15.54807],[-16.33203,15.55047],[-16.33264,15.55137],[-16.33424,15.55314],[-16.3352,15.55442],[-16.33628,15.55666],[-16.33728,15.55938],[-16.33879,15.56312],[-16.33912,15.56423],[-16.33935,15.56591],[-16.33951,15.56794],[-16.33951,15.5707],[-16.33911,15.57582],[-16.33925,15.57836],[-16.33963,15.58082],[-16.34039,15.58416],[-16.34081,15.58548],[-16.34216,15.58938],[-16.34284,15.59061],[-16.3447,15.59339],[-16.34535,15.59423],[-16.34812,15.5973],[-16.35025,15.59954],[-16.3522,15.60118],[-16.35282,15.60177],[-16.35491,15.60409],[-16.35732,15.60642],[-16.35933,15.60808],[-16.36099,15.60971],[-16.36226,15.61114],[-16.36306,15.61189],[-16.36541,15.61353],[-16.36644,15.61412],[-16.37013,15.61605],[-16.37129,15.61654],[-16.37392,15.61744],[-16.37601,15.61838],[-16.37763,15.61867],[-16.38204,15.61898],[-16.38492,15.61933],[-16.38909,15.61969],[-16.39023,15.61973],[-16.3928,15.6196],[-16.39756,15.61998],[-16.39974,15.6203],[-16.4022,15.62092],[-16.40339,15.62134],[-16.40485,15.622],[-16.40752,15.62371],[-16.40841,15.62416],[-16.41009,15.62484],[-16.41132,15.62552],[-16.41345,15.6269],[-16.41576,15.62816],[-16.41754,15.62932],[-16.42156,15.63238],[-16.4238,15.63401],[-16.42495,15.63497],[-16.4273,15.63745],[-16.4298,15.64027],[-16.43214,15.6426],[-16.43354,15.64391],[-16.43509,15.64518],[-16.43618,15.64623],[-16.43782,15.64805],[-16.43871,15.64926],[-16.43939,15.64998],[-16.44094,15.65113],[-16.44349,15.65366],[-16.44514,15.65502],[-16.44694,15.65695],[-16.44863,15.65864],[-16.45005,15.65955],[-16.45691,15.66283],[-16.45833,15.66337],[-16.45986,15.66373],[-16.46092,15.66386],[-16.46211,15.66382],[-16.4635,15.66337],[-16.46579,15.66143],[-16.46807,15.65843],[-16.47098,15.6518],[-16.47219,15.6478],[-16.4734,15.64409],[-16.47475,15.64253],[-16.47815,15.64127],[-16.48921,15.64051],[-16.49702,15.64018],[-16.50688,15.6433],[-16.52342,15.64924],[-16.52725,15.65021],[-16.54201,15.65314],[-16.56472,15.65892],[-16.59333,15.66413],[-16.59551,15.66018],[-16.59963,15.65248],[-16.60125,15.64967],[-16.60448,15.64437],[-16.60729,15.63953],[-16.60913,15.63562],[-16.61043,15.63328],[-16.61556,15.62453],[-16.61803,15.6208],[-16.61893,15.61935],[-16.62279,15.61271],[-16.62512,15.60864],[-16.62781,15.60419],[-16.63035,15.60022],[-16.63082,15.59971],[-16.63144,15.59873],[-16.63238,15.5969],[-16.6352,15.59267],[-16.63619,15.59112],[-16.63994,15.58497],[-16.64125,15.58302],[-16.64249,15.58077],[-16.64385,15.57888],[-16.64595,15.57582],[-16.64841,15.57204],[-16.65175,15.56701],[-16.65342,15.56455],[-16.65567,15.56133],[-16.6572,15.55901],[-16.6598,15.55486],[-16.6622,15.55133],[-16.66548,15.54636],[-16.66735,15.54367],[-16.67057,15.53931],[-16.67226,15.53692],[-16.67593,15.53142],[-16.67846,15.52725],[-16.68038,15.52445],[-16.68411,15.51918],[-16.68658,15.51539],[-16.68795,15.51339],[-16.69179,15.50806],[-16.69482,15.50425],[-16.69592,15.50277],[-16.69643,15.50196],[-16.69725,15.50029],[-16.69774,15.49949],[-16.69994,15.49657],[-16.70233,15.49316],[-16.7076,15.48532],[-16.70997,15.48226],[-16.7147,15.47553],[-16.72003,15.46811],[-16.7217,15.46507],[-16.72443,15.46139],[-16.72709,15.45771],[-16.7285,15.45602],[-16.72935,15.45482],[-16.72951,15.45424],[-16.73007,15.45397],[-16.73051,15.45299],[-16.73271,15.45024],[-16.73472,15.44749],[-16.73693,15.44378],[-16.73968,15.43972],[-16.74174,15.43652],[-16.74349,15.43393],[-16.74522,15.43106],[-16.7461,15.42983],[-16.74668,15.42921],[-16.74841,15.42768],[-16.74933,15.42666],[-16.74978,15.42602],[-16.75162,15.42299],[-16.75257,15.42167],[-16.75412,15.4193],[-16.75641,15.41566],[-16.75843,15.41269],[-16.76099,15.4085],[-16.76259,15.40607],[-16.76485,15.4025],[-16.76607,15.40047],[-16.76924,15.39496],[-16.77068,15.39274],[-16.77325,15.38904],[-16.77595,15.38486],[-16.7783,15.38134],[-16.78059,15.37776],[-16.78321,15.37326],[-16.78554,15.36944],[-16.78632,15.36825],[-16.78798,15.3659],[-16.78921,15.36394],[-16.79103,15.36025],[-16.79187,15.35881],[-16.79295,15.35717],[-16.79497,15.35428],[-16.79656,15.35186],[-16.79875,15.34826],[-16.80126,15.34421],[-16.8038,15.34026],[-16.80738,15.33489],[-16.81101,15.32928],[-16.76488,15.31079],[-16.75209,15.30566],[-16.74435,15.30105],[-16.74235,15.29979],[-16.73733,15.29716],[-16.73534,15.29642],[-16.73223,15.29552],[-16.73003,15.29464],[-16.72882,15.29429],[-16.72643,15.29378],[-16.72026,15.29218],[-16.71903,15.29191],[-16.71781,15.29151],[-16.71681,15.29106],[-16.71572,15.29039],[-16.71439,15.28912],[-16.71202,15.28617],[-16.71061,15.28413],[-16.70945,15.28202],[-16.70858,15.28006],[-16.70789,15.27873],[-16.70704,15.27746],[-16.70625,15.27664],[-16.70392,15.27459],[-16.70296,15.2738],[-16.70193,15.27309],[-16.70015,15.27203],[-16.69752,15.27029],[-16.69483,15.26892],[-16.6906,15.26724],[-16.68892,15.26639],[-16.68788,15.26553],[-16.68617,15.26383],[-16.68367,15.26166],[-16.68302,15.26089],[-16.68231,15.25964],[-16.68169,15.25882],[-16.68095,15.25821],[-16.67936,15.2572],[-16.67842,15.25645],[-16.6778,15.25567],[-16.67676,15.25409],[-16.67582,15.25286],[-16.67381,15.2505],[-16.67245,15.24907],[-16.67145,15.24822],[-16.66719,15.24515],[-16.6637,15.24231],[-16.66131,15.24044],[-16.66053,15.2399],[-16.65862,15.23874],[-16.6576,15.23805],[-16.65513,15.236],[-16.65326,15.23465],[-16.65156,15.23351],[-16.64875,15.23175],[-16.64548,15.22995],[-16.64384,15.229],[-16.64269,15.22817],[-16.64168,15.22766],[-16.6409,15.2275],[-16.63959,15.22678],[-16.63904,15.22601],[-16.63846,15.22569],[-16.63685,15.22518],[-16.63633,15.22456],[-16.63602,15.22368],[-16.63497,15.22141],[-16.63416,15.21859],[-16.63352,15.21666],[-16.63294,15.21413],[-16.63196,15.21031],[-16.63145,15.20923],[-16.62984,15.20795],[-16.62773,15.2058],[-16.62651,15.20499],[-16.62434,15.20389],[-16.62125,15.20247],[-16.62065,15.20212],[-16.62003,15.20137],[-16.61917,15.19985],[-16.61829,15.19884],[-16.61703,15.19707],[-16.61633,15.19574],[-16.616,15.19478],[-16.61493,15.19102],[-16.61414,15.18805],[-16.6139,15.18684],[-16.61329,15.18237],[-16.6131,15.18025],[-16.61315,15.17838],[-16.61335,15.17589],[-16.61369,15.17245],[-16.61372,15.16988],[-16.61395,15.16687],[-16.61418,15.16522],[-16.61528,15.16006],[-16.61554,15.1581],[-16.61549,15.15587],[-16.61568,15.15366],[-16.61618,15.15021],[-16.6163,15.14891],[-16.61627,15.14753],[-16.61585,15.14575],[-16.61051,15.15092],[-16.60839,15.15286],[-16.60692,15.15431],[-16.60554,15.15582],[-16.60398,15.15734],[-16.60295,15.15847],[-16.60208,15.15956],[-16.6004,15.16218],[-16.59924,15.16423],[-16.59799,15.16624],[-16.59674,15.16804],[-16.59571,15.16923],[-16.59499,15.16989],[-16.5931,15.1713],[-16.59021,15.17405],[-16.58777,15.17611],[-16.58321,15.18036],[-16.58054,15.18265],[-16.57828,15.18471],[-16.57653,15.18613],[-16.57489,15.1876],[-16.57394,15.18864],[-16.57296,15.19008],[-16.57215,15.19162],[-16.57072,15.19476],[-16.56813,15.19987],[-16.56343,15.20945],[-16.56139,15.21303],[-16.5604,15.21504],[-16.55962,15.21705],[-16.55818,15.22037],[-16.55689,15.2227],[-16.55524,15.22612],[-16.55239,15.23156],[-16.55106,15.23436],[-16.54989,15.2367],[-16.54833,15.24021],[-16.54696,15.24306],[-16.5456,15.2458],[-16.5434,15.25006],[-16.54242,15.2518],[-16.5414,15.25345],[-16.53938,15.25642],[-16.53523,15.26275],[-16.5329,15.26604],[-16.53139,15.26831],[-16.53069,15.26952],[-16.52936,15.26922],[-16.52698,15.26823],[-16.52588,15.26803],[-16.52437,15.2681],[-16.52301,15.26832],[-16.52206,15.26858],[-16.52088,15.26914],[-16.51811,15.27128],[-16.51695,15.27245],[-16.51634,15.27355],[-16.51576,15.27493],[-16.51517,15.2761],[-16.51471,15.27759],[-16.51467,15.27936],[-16.51497,15.28128],[-16.51541,15.28303],[-16.51615,15.28458],[-16.51688,15.28566],[-16.51782,15.28657],[-16.51885,15.28687],[-16.51897,15.28715],[-16.51654,15.29079],[-16.51463,15.2939],[-16.51206,15.2978],[-16.50967,15.3011],[-16.50874,15.30252],[-16.50787,15.30407],[-16.50651,15.30622],[-16.50478,15.30877],[-16.50394,15.30953],[-16.50235,15.31045],[-16.50074,15.31127],[-16.49952,15.31256],[-16.49653,15.31596],[-16.49488,15.31821],[-16.49357,15.31983],[-16.48981,15.32413],[-16.4872,15.3275],[-16.48479,15.33036],[-16.48304,15.33213],[-16.48125,15.33362],[-16.47918,15.33552],[-16.47284,15.34157],[-16.4656,15.34823],[-16.46274,15.35073],[-16.45907,15.35434],[-16.45685,15.35624],[-16.45547,15.35753],[-16.45299,15.36022],[-16.44973,15.3577],[-16.44892,15.3565],[-16.44746,15.35509],[-16.44528,15.3532],[-16.44211,15.35034],[-16.43924,15.34762],[-16.43736,15.34577],[-16.43382,15.34205],[-16.43103,15.33895],[-16.42483,15.33217],[-16.42288,15.33028],[-16.41982,15.32752],[-16.41867,15.32612],[-16.41767,15.32533],[-16.41637,15.3248],[-16.41506,15.32456],[-16.41176,15.32475],[-16.40427,15.32508],[-16.39935,15.32522],[-16.39383,15.32548],[-16.38621,15.32566],[-16.3798,15.32574],[-16.37783,15.32561],[-16.37284,15.32498],[-16.36811,15.32454],[-16.36252,15.32394],[-16.35948,15.32348],[-16.35716,15.32299],[-16.35569,15.32277],[-16.35443,15.32238],[-16.35333,15.32176],[-16.35261,15.32115],[-16.34966,15.31813],[-16.34733,15.31541],[-16.34326,15.31084],[-16.34208,15.30936],[-16.34074,15.30743],[-16.34013,15.30642],[-16.33874,15.30386],[-16.33758,15.30209],[-16.33583,15.2987],[-16.33531,15.2974],[-16.33469,15.2953],[-16.33453,15.29438],[-16.33466,15.29257],[-16.33497,15.29107],[-16.3354,15.28952],[-16.33619,15.28744],[-16.33743,15.28467],[-16.33839,15.28286],[-16.33899,15.28205],[-16.33967,15.28138],[-16.34086,15.28047],[-16.34266,15.2789],[-16.34463,15.27693],[-16.34511,15.27633],[-16.34584,15.2746],[-16.34591,15.272],[-16.34576,15.27139],[-16.34509,15.26961],[-16.34447,15.26845],[-16.34323,15.26696],[-16.34132,15.26498],[-16.33879,15.26217],[-16.33597,15.25926],[-16.33298,15.25637],[-16.33076,15.25439],[-16.32952,15.25311],[-16.32871,15.25239],[-16.32628,15.25068],[-16.32297,15.2488],[-16.32031,15.24765],[-16.31788,15.24714],[-16.31703,15.24707],[-16.31528,15.24748],[-16.3129,15.24866],[-16.312,15.24932],[-16.31076,15.25115],[-16.30994,15.25277],[-16.30974,15.25369],[-16.30951,15.25574],[-16.3092,15.26057],[-16.30893,15.26403],[-16.30872,15.26504],[-16.30784,15.26683],[-16.3073,15.26766],[-16.30651,15.26857],[-16.30582,15.26904],[-16.3041,15.26952],[-16.30222,15.26982],[-16.30059,15.26995],[-16.29844,15.26998],[-16.29334,15.26991],[-16.2913,15.2698],[-16.28949,15.26995],[-16.28893,15.26987],[-16.288,15.26943],[-16.28575,15.26763],[-16.28352,15.26559],[-16.28163,15.26358],[-16.27926,15.26122],[-16.27668,15.25821],[-16.27566,15.25651],[-16.27488,15.25502],[-16.2737,15.25261],[-16.27204,15.24903],[-16.27059,15.24647],[-16.26983,15.24483],[-16.26872,15.24177],[-16.26837,15.24045],[-16.26805,15.23862],[-16.26769,15.23494],[-16.26765,15.23351],[-16.26772,15.23208],[-16.26825,15.22767],[-16.26887,15.22372],[-16.26908,15.22193],[-16.26936,15.2183],[-16.26944,15.21518],[-16.26919,15.21077],[-16.26904,15.20918],[-16.26823,15.20335],[-16.26797,15.20206],[-16.26708,15.19854],[-16.26682,15.19764],[-16.26609,15.19581],[-16.26524,15.1941],[-16.26423,15.19192],[-16.26261,15.18954],[-16.26064,15.18698],[-16.25768,15.18333],[-16.25435,15.17905],[-16.25208,15.17622],[-16.24905,15.17216],[-16.24632,15.16873],[-16.24488,15.16716],[-16.24225,15.16365],[-16.24091,15.16151],[-16.23949,15.15939],[-16.23877,15.15821],[-16.23693,15.15419],[-16.23607,15.15115],[-16.23572,15.14901],[-16.23564,15.14722],[-16.23576,15.1443],[-16.23613,15.14167],[-16.23654,15.1393],[-16.23682,15.13727],[-16.23711,15.13377],[-16.23718,15.13145],[-16.23696,15.12939],[-16.23654,15.12666],[-16.23633,15.12572],[-16.23584,15.12453],[-16.23465,15.12254],[-16.23351,15.12113],[-16.23242,15.12008],[-16.23083,15.11872],[-16.22847,15.11696],[-16.22704,15.11601],[-16.22415,15.11438],[-16.22138,15.11262],[-16.21823,15.11048],[-16.21527,15.10863],[-16.21241,15.10702],[-16.21043,15.10575],[-16.20821,15.10419],[-16.20673,15.10309],[-16.20424,15.10107],[-16.20055,15.09783],[-16.19931,15.09658],[-16.19686,15.09362],[-16.19625,15.09267],[-16.19544,15.09082],[-16.19477,15.0888],[-16.19376,15.08334],[-16.19409,15.07676],[-16.19484,15.07054],[-16.19525,15.05662],[-16.19532,15.05364],[-16.19433,15.04655],[-16.19352,15.04165],[-16.19157,15.03601],[-16.18749,15.0257],[-16.18579,15.02228],[-16.1833,15.01755],[-16.18081,15.01166],[-16.17885,15.00593],[-16.17924,15.00362],[-16.18055,15.00139],[-16.18105,14.99976],[-16.17883,14.9851],[-16.17757,14.97841],[-16.17771,14.97346],[-16.17849,14.96708],[-16.1783,14.96382],[-16.17147,14.96428],[-16.16217,14.96462],[-16.15722,14.96435],[-16.13833,14.96261],[-16.12757,14.96083],[-16.11621,14.95792],[-16.11039,14.95697],[-16.10125,14.95729],[-16.09484,14.95875],[-16.08557,14.96118],[-16.07584,14.96264],[-16.06959,14.96211],[-16.03949,14.95984],[-16.02481,14.9585],[-16.02275,14.95852],[-16.01916,14.9582],[-16.01346,14.958],[-16.0094,14.95811],[-16.00734,14.95807],[-16.00533,14.95788],[-16.00367,14.95761],[-16.00168,14.95702],[-16.00084,14.95666],[-15.99968,14.95597],[-15.99864,14.95614],[-15.99797,14.95658],[-15.99746,14.95779],[-15.99625,14.96022],[-15.99504,14.96246],[-15.99392,14.96486],[-15.99196,14.97003],[-15.99158,14.97082],[-15.99058,14.97206],[-15.99004,14.97245],[-15.98771,14.97329],[-15.98638,14.97353],[-15.98523,14.97363],[-15.98327,14.9736],[-15.98182,14.97349],[-15.97778,14.97306],[-15.97649,14.97298],[-15.97475,14.97297],[-15.97191,14.97311],[-15.96856,14.97333],[-15.96321,14.97382],[-15.96204,14.97396],[-15.95763,14.97462],[-15.95411,14.97502],[-15.94848,14.97552],[-15.94357,14.97587],[-15.93992,14.97623],[-15.93553,14.97646],[-15.93283,14.97655],[-15.9313,14.97668],[-15.9293,14.97694],[-15.92166,14.97803],[-15.9176,14.97878],[-15.91598,14.9792],[-15.91319,14.98009],[-15.91095,14.981],[-15.90846,14.98226],[-15.90585,14.98315],[-15.90286,14.98513],[-15.90174,14.98615],[-15.90115,14.98685],[-15.89979,14.98875],[-15.89832,14.99104],[-15.89705,14.99259],[-15.89615,14.99381],[-15.89448,14.99589],[-15.89346,14.99784],[-15.89294,15.00016],[-15.81331,15.00017],[-15.8056,15.0003],[-15.80683,15.04072],[-15.80736,15.05695],[-15.80843,15.08726],[-15.80932,15.11261],[-15.80978,15.11952],[-15.80981,15.12941],[-15.81091,15.14721],[-15.81109,15.15879],[-15.81173,15.17207],[-15.81222,15.19029],[-15.81241,15.19918],[-15.81407,15.21571],[-15.8153,15.23195],[-15.81592,15.24198],[-15.8173,15.25992],[-15.81768,15.27126],[-15.8183,15.28219],[-15.81846,15.28628],[-15.81844,15.29396],[-15.81879,15.2966],[-15.81828,15.3247],[-15.81872,15.32687],[-15.81878,15.35549],[-15.8184,15.36359]]]},"properties":{"slug":"kebemer","name":"Kebemer","department":"Kebemer","code":"SN0801","parent":"region-louga"}},{"type":"Feature","geometry":{"type":"Polygon","coordinates":[[[-14.51745,15.8081],[-14.52101,15.81405],[-14.53192,15.83145],[-14.55591,15.87193],[-14.58634,15.9224],[-14.59177,15.93141],[-14.59226,15.93331],[-14.62511,15.93456],[-14.65243,15.93559],[-14.66727,15.93662],[-14.67018,15.93699],[-14.67262,15.93722],[-14.67971,15.93773],[-14.68185,15.93783],[-14.68661,15.93794],[-14.69175,15.93814],[-14.69648,15.93851],[-14.69922,15.93854],[-14.69996,15.93833],[-14.70118,15.93754],[-14.70239,15.93663],[-14.72956,15.93814],[-14.75292,15.93944],[-14.75573,15.94114],[-14.78292,15.95582],[-14.81009,15.97064],[-14.83695,15.9855],[-14.86439,16.00001],[-14.88556,16.00001],[-14.91667,16],[-14.95072,16],[-15,16],[-15.08333,16],[-15.15412,15.99999],[-15.16667,15.99999],[-15.21746,15.99983],[-15.24479,15.99974],[-15.36161,15.99994],[-15.41398,16.00001],[-15.43957,16.00004],[-15.46794,16.00004],[-15.58045,16.00001],[-15.58053,15.96974],[-15.58063,15.93286],[-15.58076,15.92692],[-15.58076,15.92197],[-15.58083,15.91864],[-15.58122,15.89166],[-15.58118,15.79243],[-15.58118,15.78265],[-15.58149,15.76508],[-15.58154,15.75685],[-15.58465,15.74957],[-15.59182,15.73788],[-15.60879,15.71055],[-15.62046,15.69021],[-15.63152,15.67215],[-15.6449,15.65165],[-15.65533,15.6351],[-15.66171,15.62387],[-15.6688,15.61159],[-15.69932,15.56012],[-15.70327,15.55408],[-15.71952,15.52712],[-15.74098,15.49117],[-15.74619,15.48308],[-15.75309,15.47185],[-15.76351,15.45372],[-15.76949,15.44533],[-15.77592,15.43424],[-15.78388,15.42091],[-15.79414,15.40383],[-15.80609,15.38451],[-15.8184,15.36359],[-15.81878,15.35549],[-15.81872,15.32687],[-15.81828,15.3247],[-15.81879,15.2966],[-15.81844,15.29396],[-15.81846,15.28628],[-15.8183,15.28219],[-15.81768,15.27126],[-15.8173,15.25992],[-15.81592,15.24198],[-15.8153,15.23195],[-15.81407,15.21571],[-15.81241,15.19918],[-15.81222,15.19029],[-15.81173,15.17207],[-15.81109,15.15879],[-15.81091,15.14721],[-15.80981,15.12941],[-15.80978,15.11952],[-15.80932,15.11261],[-15.80843,15.08726],[-15.80736,15.05695],[-15.80683,15.04072],[-15.8056,15.0003],[-15.80564,14.99852],[-15.80555,14.99702],[-15.80587,14.99487],[-15.80596,14.99387],[-15.80591,14.99083],[-15.80616,14.98908],[-15.80643,14.98794],[-15.80709,14.98565],[-15.80769,14.98406],[-15.80789,14.98324],[-15.80792,14.9818],[-15.80775,14.98026],[-15.80716,14.97831],[-15.80567,14.97475],[-15.80471,14.97221],[-15.80378,14.97037],[-15.8023,14.96785],[-15.80167,14.96693],[-15.80028,14.96545],[-15.79951,14.96487],[-15.79726,14.96385],[-15.79561,14.96266],[-15.79464,14.96229],[-15.79322,14.96197],[-15.7922,14.9616],[-15.78896,14.96011],[-15.78749,14.95921],[-15.78657,14.9584],[-15.78543,14.95706],[-15.78439,14.95554],[-15.78315,14.95339],[-15.78243,14.95169],[-15.78165,14.95038],[-15.78104,14.94975],[-15.77946,14.94835],[-15.77824,14.94671],[-15.77658,14.944],[-15.77568,14.94214],[-15.77527,14.94096],[-15.77519,14.94031],[-15.77527,14.93906],[-15.7751,14.93803],[-15.77433,14.93606],[-15.77373,14.93383],[-15.77275,14.93091],[-15.77189,14.92929],[-15.77107,14.92841],[-15.76866,14.92635],[-15.76663,14.92479],[-15.76537,14.92401],[-15.76278,14.92252],[-15.75934,14.92029],[-15.75782,14.91944],[-15.75407,14.91761],[-15.75265,14.91705],[-15.75174,14.91682],[-15.74985,14.91663],[-15.74887,14.91642],[-15.74776,14.9159],[-15.74602,14.91487],[-15.74402,14.91403],[-15.74133,14.91307],[-15.73951,14.91233],[-15.73754,14.91145],[-15.73598,14.91082],[-15.73265,14.90961],[-15.73047,14.9087],[-15.7273,14.9071],[-15.726,14.90631],[-15.72472,14.90532],[-15.72278,14.90362],[-15.72076,14.90209],[-15.71803,14.90037],[-15.71404,14.89806],[-15.71188,14.89669],[-15.70924,14.89459],[-15.70841,14.89403],[-15.70643,14.89296],[-15.70504,14.89213],[-15.70341,14.89101],[-15.69984,14.88844],[-15.69684,14.88617],[-15.69467,14.88461],[-15.69081,14.88193],[-15.6888,14.88006],[-15.68744,14.87899],[-15.68514,14.8777],[-15.68244,14.87602],[-15.6809,14.87477],[-15.67981,14.87404],[-15.67839,14.87364],[-15.67621,14.87337],[-15.67538,14.87306],[-15.67319,14.87145],[-15.67186,14.87084],[-15.67015,14.8703],[-15.66792,14.8698],[-15.66302,14.86917],[-15.66018,14.86899],[-15.65738,14.86903],[-15.65529,14.8692],[-15.65382,14.8692],[-15.65013,14.86881],[-15.64665,14.86857],[-15.64525,14.86843],[-15.6419,14.86797],[-15.64086,14.86788],[-15.63709,14.86776],[-15.63473,14.86745],[-15.63052,14.86674],[-15.62771,14.86642],[-15.62597,14.86615],[-15.62143,14.86518],[-15.62027,14.86497],[-15.61912,14.8649],[-15.61697,14.86492],[-15.61431,14.86408],[-15.61202,14.86352],[-15.6112,14.86324],[-15.6077,14.86173],[-15.60464,14.86074],[-15.60217,14.85956],[-15.59992,14.85828],[-15.59797,14.85706],[-15.59629,14.8562],[-15.59463,14.85556],[-15.59311,14.85477],[-15.59212,14.854],[-15.59013,14.85225],[-15.58822,14.85085],[-15.58624,14.8495],[-15.58387,14.84798],[-15.58089,14.84627],[-15.579,14.84507],[-15.57673,14.84326],[-15.57476,14.8421],[-15.57261,14.84105],[-15.57137,14.84038],[-15.56938,14.83918],[-15.56821,14.83857],[-15.56614,14.83764],[-15.56484,14.83693],[-15.56427,14.83651],[-15.56246,14.83485],[-15.56087,14.8337],[-15.55929,14.83277],[-15.55602,14.83107],[-15.55429,14.83032],[-15.5529,14.82951],[-15.55139,14.82814],[-15.54982,14.82717],[-15.54778,14.82621],[-15.54645,14.8254],[-15.54552,14.82462],[-15.54483,14.82421],[-15.54429,14.82408],[-15.54297,14.82421],[-15.54063,14.82473],[-15.53865,14.82529],[-15.53608,14.82616],[-15.53397,14.827],[-15.53306,14.82743],[-15.53043,14.829],[-15.52943,14.82948],[-15.52768,14.83016],[-15.52464,14.83114],[-15.51912,14.83301],[-15.51513,14.83429],[-15.51321,14.83494],[-15.51036,14.836],[-15.50838,14.83656],[-15.50681,14.83723],[-15.50499,14.83835],[-15.50408,14.83867],[-15.50184,14.83895],[-15.4977,14.83969],[-15.49363,14.84025],[-15.49162,14.84057],[-15.48981,14.84073],[-15.48865,14.84072],[-15.48692,14.84057],[-15.48371,14.83998],[-15.48001,14.83894],[-15.47758,14.83841],[-15.47643,14.83808],[-15.47397,14.83701],[-15.47192,14.8364],[-15.46895,14.8358],[-15.46662,14.83505],[-15.46399,14.83402],[-15.46078,14.83252],[-15.45892,14.8316],[-15.45702,14.83092],[-15.45495,14.83038],[-15.45359,14.82995],[-15.44967,14.82841],[-15.44694,14.82722],[-15.44336,14.8259],[-15.44064,14.8252],[-15.43974,14.82486],[-15.43886,14.82422],[-15.43817,14.82338],[-15.43771,14.82259],[-15.43725,14.82132],[-15.4385,14.8101],[-15.43896,14.80564],[-15.43938,14.80217],[-15.43962,14.80056],[-15.44079,14.7984],[-15.44115,14.79391],[-15.44368,14.76999],[-15.44719,14.7457],[-15.44942,14.72914],[-15.45021,14.72343],[-15.44912,14.72308],[-15.42755,14.71516],[-15.39222,14.70213],[-15.34861,14.68605],[-15.31636,14.6663],[-15.31135,14.66206],[-15.30607,14.66075],[-15.303,14.66004],[-15.28628,14.65719],[-15.259,14.65207],[-15.21822,14.64489],[-15.15805,14.63356],[-15.14137,14.63042],[-15.12386,14.62714],[-15.08645,14.62004],[-15.08473,14.61968],[-15.08357,14.61986],[-15.08056,14.62064],[-15.07867,14.62082],[-15.07685,14.62084],[-15.02404,14.61274],[-15.01754,14.63647],[-15.00013,14.64735],[-14.9919,14.65382],[-14.96505,14.67007],[-14.93833,14.68702],[-14.91089,14.70382],[-14.89,14.67937],[-14.86969,14.6559],[-14.84976,14.63174],[-14.8362,14.64143],[-14.82079,14.65413],[-14.79754,14.69225],[-14.78587,14.75371],[-14.76262,14.7664],[-14.70909,14.83204],[-14.71139,14.84899],[-14.74155,14.90413],[-14.77394,15.00001],[-14.78056,15.02047],[-14.7503,15.04376],[-14.70377,15.04793],[-14.55417,15.07312],[-14.53379,15.07732],[-14.5232,15.07947],[-14.57379,15.11621],[-14.56235,15.15872],[-14.539,15.23383],[-14.52072,15.29697],[-14.50847,15.34055],[-14.49785,15.37832],[-14.51148,15.3661],[-14.55809,15.35772],[-14.58431,15.35212],[-14.60761,15.35499],[-14.63379,15.36915],[-14.66871,15.38617],[-14.70655,15.39752],[-14.73567,15.40886],[-14.75314,15.41453],[-14.76475,15.43035],[-14.75031,15.47271],[-14.75025,15.52357],[-14.74207,15.66887],[-14.74069,15.69309],[-14.64732,15.71838],[-14.58327,15.76372],[-14.56131,15.77926],[-14.53213,15.7985],[-14.51745,15.8081]]]},"properties":{"slug":"linguere","name":"Linguere","department":"Linguere","code":"SN0802","parent":"region-louga"}},{"type":"Feature","geometry":{"type":"Polygon","coordinates":[[[-12.68926,15.08739],[-12.68992,15.0864],[-12.69057,15.08589],[-12.6915,15.08573],[-12.69262,15.08619],[-12.69425,15.08771],[-12.69496,15.08899],[-12.69501,15.08998],[-12.6945,15.09178],[-12.69464,15.09272],[-12.69569,15.09354],[-12.69654,15.09491],[-12.69739,15.09596],[-12.69965,15.09823],[-12.70066,15.09897],[-12.70208,15.09966],[-12.70317,15.10037],[-12.70425,15.1013],[-12.70567,15.10213],[-12.70865,15.10342],[-12.70996,15.10383],[-12.71127,15.10401],[-12.71251,15.10432],[-12.71469,15.10502],[-12.71629,15.10541],[-12.71839,15.10603],[-12.72043,15.10687],[-12.72161,15.10754],[-12.7239,15.10919],[-12.7263,15.11124],[-12.72795,15.11291],[-12.72896,15.11384],[-12.73205,15.11641],[-12.7343,15.1182],[-12.73585,15.11969],[-12.7372,15.12125],[-12.73911,15.12382],[-12.74037,15.12576],[-12.7415,15.12783],[-12.7427,15.12948],[-12.74423,15.13123],[-12.74599,15.13283],[-12.74762,15.13397],[-12.7514,15.13632],[-12.75516,15.13888],[-12.75664,15.13977],[-12.75784,15.14034],[-12.75959,15.14093],[-12.76217,15.142],[-12.76373,15.14256],[-12.76624,15.14333],[-12.77028,15.14496],[-12.77133,15.14534],[-12.77417,15.14616],[-12.77533,15.14657],[-12.7769,15.14697],[-12.77969,15.14749],[-12.78114,15.1479],[-12.78449,15.14918],[-12.78584,15.14996],[-12.78752,15.15115],[-12.78828,15.15182],[-12.79003,15.15389],[-12.79135,15.1553],[-12.79209,15.15669],[-12.79256,15.15834],[-12.79272,15.1597],[-12.79339,15.16255],[-12.79353,15.16359],[-12.79351,15.16551],[-12.7933,15.16705],[-12.79304,15.16813],[-12.79203,15.17114],[-12.79145,15.17373],[-12.79102,15.17522],[-12.79027,15.17707],[-12.78857,15.18031],[-12.78654,15.18391],[-12.78598,15.18506],[-12.78529,15.18698],[-12.78511,15.18785],[-12.78502,15.18909],[-12.78526,15.19149],[-12.78558,15.19316],[-12.78626,15.19535],[-12.78707,15.19712],[-12.78761,15.1986],[-12.78814,15.20036],[-12.78905,15.20251],[-12.79088,15.20606],[-12.79185,15.20761],[-12.79249,15.20848],[-12.79389,15.20997],[-12.79551,15.21117],[-12.79751,15.21224],[-12.8006,15.21427],[-12.80202,15.21511],[-12.80453,15.21641],[-12.80643,15.21711],[-12.80793,15.21736],[-12.80892,15.21732],[-12.81096,15.217],[-12.81297,15.21706],[-12.81454,15.21702],[-12.81593,15.21684],[-12.82042,15.21595],[-12.8248,15.21447],[-12.82645,15.21365],[-12.82817,15.21242],[-12.83239,15.20908],[-12.83384,15.20783],[-12.83455,15.20712],[-12.83659,15.20481],[-12.83906,15.20255],[-12.84071,15.20142],[-12.84127,15.20113],[-12.84283,15.20058],[-12.84439,15.20032],[-12.84529,15.20027],[-12.84717,15.20047],[-12.8492,15.20114],[-12.85042,15.20172],[-12.85169,15.20263],[-12.85284,15.20392],[-12.85342,15.20485],[-12.8539,15.20596],[-12.85434,15.20729],[-12.85464,15.20894],[-12.85473,15.2101],[-12.85473,15.21197],[-12.85489,15.21364],[-12.85513,15.21502],[-12.85554,15.21633],[-12.85714,15.21987],[-12.85834,15.22185],[-12.86063,15.22485],[-12.86145,15.226],[-12.86191,15.22681],[-12.86261,15.22758],[-12.8641,15.22827],[-12.86528,15.22919],[-12.86632,15.23033],[-12.86821,15.23204],[-12.86942,15.23297],[-12.87318,15.23543],[-12.87623,15.23731],[-12.87753,15.23796],[-12.87934,15.23861],[-12.8816,15.23951],[-12.88314,15.23985],[-12.8849,15.24043],[-12.88774,15.24181],[-12.8898,15.24301],[-12.89068,15.24386],[-12.89206,15.24579],[-12.89371,15.24766],[-12.89575,15.25036],[-12.89656,15.25136],[-12.89725,15.25251],[-12.89798,15.25462],[-12.89816,15.25575],[-12.89828,15.25785],[-12.89824,15.2589],[-12.89795,15.2606],[-12.89753,15.2619],[-12.89684,15.26344],[-12.89616,15.2645],[-12.89556,15.26519],[-12.89417,15.26644],[-12.89297,15.26732],[-12.89171,15.26794],[-12.8901,15.26832],[-12.88821,15.26839],[-12.88615,15.26836],[-12.88204,15.26842],[-12.88021,15.26833],[-12.87839,15.26799],[-12.87724,15.26759],[-12.87623,15.26695],[-12.87566,15.26645],[-12.87359,15.26386],[-12.8724,15.26244],[-12.87072,15.26082],[-12.86815,15.25893],[-12.86548,15.25718],[-12.86425,15.25654],[-12.8627,15.25605],[-12.86162,15.25555],[-12.86058,15.25482],[-12.85962,15.25441],[-12.85745,15.25398],[-12.8553,15.25329],[-12.85379,15.253],[-12.85203,15.25294],[-12.85047,15.2531],[-12.84968,15.25334],[-12.84891,15.25384],[-12.84832,15.25451],[-12.84783,15.25546],[-12.84758,15.25674],[-12.84679,15.25775],[-12.84588,15.25846],[-12.84318,15.26085],[-12.8417,15.26203],[-12.84038,15.26353],[-12.83925,15.26524],[-12.83743,15.2682],[-12.83563,15.27064],[-12.83494,15.27183],[-12.83429,15.2733],[-12.83366,15.27498],[-12.83307,15.27688],[-12.83244,15.27934],[-12.83224,15.28054],[-12.83216,15.28204],[-12.83237,15.28363],[-12.83354,15.28699],[-12.83431,15.28862],[-12.83604,15.29164],[-12.83686,15.29293],[-12.8384,15.29503],[-12.83893,15.29595],[-12.83996,15.29861],[-12.84197,15.30433],[-12.84297,15.3068],[-12.84404,15.30919],[-12.84549,15.31202],[-12.84662,15.3136],[-12.8479,15.31496],[-12.84899,15.31586],[-12.85005,15.31653],[-12.85187,15.31793],[-12.85362,15.3191],[-12.85515,15.31994],[-12.85702,15.32078],[-12.85853,15.32159],[-12.85994,15.32249],[-12.86159,15.3234],[-12.86382,15.32448],[-12.86528,15.32526],[-12.86731,15.32646],[-12.86991,15.32817],[-12.87247,15.33],[-12.87428,15.33148],[-12.87587,15.33251],[-12.87762,15.33343],[-12.88161,15.33575],[-12.88431,15.33704],[-12.88645,15.3378],[-12.88913,15.33846],[-12.89114,15.33876],[-12.89318,15.33887],[-12.89691,15.33891],[-12.89825,15.33864],[-12.90001,15.33798],[-12.90082,15.33778],[-12.90267,15.33783],[-12.90541,15.33782],[-12.90855,15.33808],[-12.91122,15.33851],[-12.91223,15.33878],[-12.91332,15.33922],[-12.9147,15.34004],[-12.91784,15.3417],[-12.92165,15.34355],[-12.9231,15.34418],[-12.92699,15.34565],[-12.92991,15.34692],[-12.93142,15.34771],[-12.93339,15.34891],[-12.93496,15.35002],[-12.93694,15.35157],[-12.93861,15.3531],[-12.94023,15.35496],[-12.94103,15.35616],[-12.94295,15.3585],[-12.94454,15.36071],[-12.94554,15.36231],[-12.94648,15.3641],[-12.94702,15.36536],[-12.94765,15.36759],[-12.94778,15.36868],[-12.94774,15.37054],[-12.9474,15.37338],[-12.9471,15.37505],[-12.94657,15.37714],[-12.94563,15.38202],[-12.94534,15.3843],[-12.94518,15.38682],[-12.94475,15.39033],[-12.94458,15.39214],[-12.94454,15.39434],[-12.94467,15.39662],[-12.94469,15.39952],[-12.94517,15.40241],[-12.94569,15.40451],[-12.94624,15.40721],[-12.94678,15.40949],[-12.94688,15.41096],[-12.94686,15.41187],[-12.9466,15.41548],[-12.94637,15.4168],[-12.9461,15.41778],[-12.94531,15.41974],[-12.94486,15.42056],[-12.94395,15.42172],[-12.9417,15.42379],[-12.93945,15.42551],[-12.93729,15.42689],[-12.93409,15.42857],[-12.93203,15.42946],[-12.93003,15.43051],[-12.9289,15.43121],[-12.92787,15.43211],[-12.92694,15.43324],[-12.9248,15.43648],[-12.92443,15.43715],[-12.92396,15.43855],[-12.9238,15.43949],[-12.92369,15.44234],[-12.92374,15.4429],[-12.92417,15.44382],[-12.92615,15.4455],[-12.92695,15.4461],[-12.92808,15.44672],[-12.93036,15.44742],[-12.93197,15.44763],[-12.93277,15.44762],[-12.93385,15.44741],[-12.93569,15.44688],[-12.937,15.44663],[-12.9389,15.44608],[-12.93966,15.44575],[-12.94075,15.44508],[-12.94218,15.44454],[-12.94433,15.44411],[-12.94843,15.44342],[-12.95012,15.44318],[-12.95226,15.44307],[-12.95438,15.44323],[-12.95699,15.44376],[-12.95873,15.44447],[-12.96,15.44542],[-12.9608,15.44674],[-12.96153,15.44872],[-12.96181,15.44976],[-12.96221,15.45218],[-12.96228,15.45355],[-12.96213,15.45506],[-12.9612,15.45832],[-12.96043,15.46062],[-12.95984,15.46276],[-12.95929,15.46549],[-12.95891,15.46815],[-12.95859,15.4712],[-12.9582,15.47314],[-12.95806,15.47425],[-12.95815,15.47566],[-12.95874,15.4778],[-12.9593,15.48041],[-12.96,15.48289],[-12.96091,15.48543],[-12.96144,15.4867],[-12.96187,15.488],[-12.96228,15.49006],[-12.9624,15.4911],[-12.96252,15.49401],[-12.9627,15.49573],[-12.9626,15.49687],[-12.96202,15.4971],[-12.96157,15.49688],[-12.9608,15.49681],[-12.95889,15.49688],[-12.95767,15.49742],[-12.95718,15.49792],[-12.9553,15.49798],[-12.95524,15.49846],[-12.95681,15.49844],[-12.95831,15.49832],[-12.95901,15.49804],[-12.95973,15.49825],[-12.95974,15.49897],[-12.96004,15.49929],[-12.96081,15.49949],[-12.96196,15.49953],[-12.96264,15.50042],[-12.9627,15.50126],[-12.96304,15.50176],[-12.96386,15.50234],[-12.96461,15.5026],[-12.96598,15.50284],[-12.96702,15.5028],[-12.96851,15.50255],[-12.96996,15.50199],[-12.97122,15.50121],[-12.97322,15.50028],[-12.97447,15.49953],[-12.97572,15.49891],[-12.97679,15.49852],[-12.97793,15.49828],[-12.97976,15.49801],[-12.98306,15.49764],[-12.98516,15.49754],[-12.98725,15.4976],[-12.98906,15.49775],[-12.99112,15.49779],[-12.99348,15.49774],[-12.99517,15.49757],[-12.99677,15.49727],[-12.99884,15.49665],[-13.00205,15.4956],[-13.0058,15.49427],[-13.00684,15.49379],[-13.00833,15.49274],[-13.01228,15.4892],[-13.01437,15.48684],[-13.01533,15.48592],[-13.01719,15.48447],[-13.0188,15.48289],[-13.01901,15.48237],[-13.01946,15.48203],[-13.02026,15.48188],[-13.02167,15.48129],[-13.02442,15.48057],[-13.02642,15.48042],[-13.0276,15.48047],[-13.02958,15.48024],[-13.03079,15.48046],[-13.03252,15.48027],[-13.03717,15.48038],[-13.03915,15.48015],[-13.04062,15.48009],[-13.04199,15.4797],[-13.04376,15.47961],[-13.04488,15.47941],[-13.04831,15.47921],[-13.05136,15.47927],[-13.05274,15.47942],[-13.05587,15.47994],[-13.05812,15.48052],[-13.06012,15.48127],[-13.06119,15.48152],[-13.06265,15.48203],[-13.06557,15.48336],[-13.06755,15.48468],[-13.06973,15.486],[-13.07209,15.48759],[-13.0735,15.48843],[-13.07692,15.49021],[-13.07832,15.49082],[-13.07936,15.49142],[-13.08073,15.49205],[-13.08501,15.49347],[-13.08662,15.49369],[-13.08824,15.49415],[-13.08931,15.49421],[-13.09054,15.49454],[-13.09428,15.49529],[-13.09673,15.49594],[-13.09818,15.49654],[-13.09986,15.49752],[-13.10073,15.49831],[-13.1021,15.50026],[-13.10255,15.50108],[-13.103,15.50234],[-13.10324,15.50357],[-13.10335,15.5053],[-13.10316,15.50695],[-13.1026,15.50915],[-13.10217,15.51049],[-13.10166,15.51269],[-13.10147,15.51409],[-13.10089,15.51689],[-13.10005,15.52014],[-13.09884,15.52436],[-13.09751,15.52782],[-13.09615,15.53074],[-13.09504,15.53284],[-13.0945,15.53355],[-13.09334,15.53554],[-13.09184,15.53754],[-13.091,15.53889],[-13.09037,15.53972],[-13.08856,15.54187],[-13.08723,15.5433],[-13.08625,15.54452],[-13.08538,15.5463],[-13.08509,15.54724],[-13.08466,15.55125],[-13.08466,15.55387],[-13.0844,15.55507],[-13.08434,15.55653],[-13.08453,15.55806],[-13.08625,15.5629],[-13.08694,15.5644],[-13.08812,15.56577],[-13.089,15.56647],[-13.09041,15.56789],[-13.09223,15.57018],[-13.09274,15.5711],[-13.09332,15.57283],[-13.09311,15.57354],[-13.09271,15.57404],[-13.09173,15.57473],[-13.09094,15.57497],[-13.08991,15.5751],[-13.08855,15.57559],[-13.08745,15.57628],[-13.08637,15.57747],[-13.08605,15.57816],[-13.08578,15.57968],[-13.08588,15.58083],[-13.08659,15.58239],[-13.08706,15.58279],[-13.08828,15.58327],[-13.08952,15.58391],[-13.09115,15.58404],[-13.09278,15.5847],[-13.09481,15.58535],[-13.096,15.58592],[-13.09865,15.58707],[-13.10107,15.58797],[-13.1021,15.58845],[-13.10529,15.59056],[-13.10668,15.59156],[-13.10956,15.59328],[-13.11283,15.59482],[-13.11409,15.5953],[-13.116,15.59578],[-13.11798,15.5964],[-13.12293,15.59784],[-13.12476,15.5985],[-13.12672,15.59939],[-13.12843,15.59994],[-13.13278,15.6015],[-13.1343,15.60213],[-13.13636,15.60277],[-13.13734,15.60314],[-13.13953,15.60413],[-13.14085,15.60466],[-13.14249,15.60519],[-13.14328,15.60555],[-13.14698,15.60743],[-13.15077,15.60924],[-13.15192,15.60986],[-13.15394,15.6112],[-13.15481,15.61164],[-13.15585,15.61194],[-13.15724,15.61266],[-13.15813,15.61063],[-13.15932,15.60833],[-13.15983,15.60708],[-13.16091,15.60402],[-13.16219,15.60095],[-13.16372,15.59678],[-13.16495,15.59364],[-13.16606,15.59111],[-13.16725,15.58872],[-13.16826,15.58633],[-13.16921,15.58329],[-13.17045,15.57962],[-13.17101,15.57818],[-13.1738,15.57191],[-13.17554,15.56821],[-13.17692,15.56564],[-13.17745,15.56446],[-13.17981,15.55814],[-13.18088,15.55546],[-13.18246,15.55204],[-13.18282,15.55112],[-13.18368,15.54853],[-13.18495,15.54539],[-13.18772,15.53916],[-13.18851,15.53691],[-13.18968,15.53437],[-13.19074,15.53228],[-13.19117,15.53099],[-13.19245,15.52947],[-13.19324,15.52902],[-13.19471,15.52865],[-13.19544,15.52824],[-13.1959,15.52772],[-13.19627,15.52697],[-13.19775,15.52554],[-13.19846,15.52389],[-13.19866,15.52284],[-13.19868,15.52036],[-13.19882,15.51947],[-13.20018,15.51683],[-13.20071,15.51603],[-13.20174,15.51485],[-13.20293,15.51381],[-13.20382,15.51264],[-13.20439,15.51218],[-13.20499,15.51206],[-13.20649,15.51199],[-13.20704,15.51188],[-13.20903,15.51068],[-13.21024,15.5096],[-13.21145,15.50823],[-13.21164,15.50762],[-13.21167,15.50658],[-13.21153,15.50494],[-13.2121,15.50353],[-13.21286,15.50248],[-13.21309,15.50185],[-13.21348,15.50016],[-13.21459,15.49725],[-13.21494,15.49655],[-13.21666,15.49519],[-13.21722,15.4944],[-13.21875,15.49174],[-13.21952,15.49011],[-13.21985,15.48869],[-13.21987,15.48706],[-13.22011,15.48501],[-13.21983,15.48421],[-13.21916,15.48298],[-13.21844,15.48076],[-13.21812,15.48032],[-13.21675,15.47926],[-13.21306,15.47699],[-13.21121,15.47565],[-13.21036,15.47472],[-13.21015,15.47376],[-13.21145,15.47298],[-13.21274,15.47241],[-13.21464,15.47182],[-13.21693,15.47144],[-13.21775,15.47123],[-13.22108,15.47012],[-13.22377,15.46936],[-13.22543,15.46882],[-13.22784,15.46778],[-13.22936,15.46723],[-13.23332,15.46634],[-13.23492,15.46582],[-13.23809,15.46451],[-13.2409,15.46343],[-13.24229,15.46294],[-13.24591,15.46184],[-13.24959,15.46086],[-13.2525,15.46001],[-13.25541,15.45905],[-13.2637,15.4558],[-13.26814,15.45417],[-13.27215,15.45276],[-13.27514,15.45179],[-13.27937,15.45073],[-13.28101,15.45027],[-13.28333,15.4494],[-13.28676,15.44792],[-13.28784,15.44752],[-13.29151,15.44631],[-13.2942,15.44534],[-13.2985,15.44367],[-13.30096,15.44287],[-13.30433,15.44164],[-13.30713,15.44093],[-13.30869,15.44033],[-13.31082,15.43932],[-13.31323,15.43855],[-13.31537,15.43815],[-13.31684,15.43764],[-13.32043,15.43615],[-13.32257,15.43545],[-13.32549,15.43428],[-13.32749,15.43353],[-13.329,15.43311],[-13.33051,15.43291],[-13.33181,15.43259],[-13.33443,15.43181],[-13.33538,15.43147],[-13.338,15.43035],[-13.34189,15.42845],[-13.34434,15.42731],[-13.34602,15.42668],[-13.34764,15.42633],[-13.34893,15.42591],[-13.34966,15.42553],[-13.35007,15.42505],[-13.35058,15.42411],[-13.3526,15.42175],[-13.35397,15.41991],[-13.35577,15.41795],[-13.35674,15.41661],[-13.35808,15.41507],[-13.35987,15.41336],[-13.36159,15.41211],[-13.36291,15.41093],[-13.36402,15.41018],[-13.36691,15.40846],[-13.36958,15.40644],[-13.37147,15.40534],[-13.37407,15.40357],[-13.3784,15.39993],[-13.38212,15.39708],[-13.38426,15.3952],[-13.38745,15.39253],[-13.39015,15.39011],[-13.39124,15.38898],[-13.39256,15.38736],[-13.39407,15.38575],[-13.39515,15.38472],[-13.39667,15.38346],[-13.39755,15.38258],[-13.40049,15.37878],[-13.40152,15.37722],[-13.40206,15.37611],[-13.40269,15.37442],[-13.40338,15.37359],[-13.40441,15.3727],[-13.40504,15.37198],[-13.40611,15.37024],[-13.40747,15.36857],[-13.40808,15.36763],[-13.411,15.36209],[-13.41181,15.36026],[-13.41254,15.35764],[-13.41361,15.35493],[-13.41419,15.35308],[-13.41444,15.35203],[-13.4147,15.35028],[-13.41506,15.3487],[-13.4159,15.34601],[-13.41763,15.34187],[-13.41837,15.33983],[-13.41887,15.33783],[-13.4195,15.33643],[-13.42067,15.33432],[-13.42125,15.33339],[-13.42288,15.33107],[-13.42393,15.32968],[-13.42637,15.32686],[-13.42785,15.32556],[-13.42929,15.32374],[-13.43038,15.32272],[-13.43256,15.32098],[-13.43325,15.32037],[-13.43434,15.3192],[-13.4357,15.31796],[-13.43718,15.31638],[-13.43821,15.315],[-13.43886,15.31389],[-13.43927,15.3129],[-13.43954,15.31184],[-13.43968,15.31033],[-13.44023,15.30887],[-13.44038,15.3074],[-13.44204,15.30301],[-13.44308,15.30143],[-13.44516,15.29895],[-13.44618,15.29754],[-13.4471,15.29578],[-13.44807,15.29373],[-13.44855,15.29285],[-13.44937,15.29169],[-13.45094,15.2901],[-13.45352,15.28798],[-13.45504,15.28706],[-13.45845,15.28528],[-13.45987,15.28422],[-13.46086,15.28326],[-13.46207,15.28172],[-13.46338,15.27945],[-13.46401,15.278],[-13.46455,15.27543],[-13.46481,15.27453],[-13.46542,15.27316],[-13.4661,15.27203],[-13.46706,15.27103],[-13.46886,15.26977],[-13.47013,15.26913],[-13.47185,15.26855],[-13.47293,15.2684],[-13.47449,15.26835],[-13.47634,15.26809],[-13.47799,15.2677],[-13.47935,15.26712],[-13.48022,15.26658],[-13.48121,15.26579],[-13.48193,15.26503],[-13.48243,15.2643],[-13.4831,15.26254],[-13.48368,15.26125],[-13.48444,15.2599],[-13.48579,15.25818],[-13.48687,15.25717],[-13.48889,15.25592],[-13.49057,15.25469],[-13.49162,15.25378],[-13.49301,15.25221],[-13.49442,15.2498],[-13.49501,15.24838],[-13.49544,15.24764],[-13.49676,15.24658],[-13.49881,15.24559],[-13.50099,15.24486],[-13.50232,15.24421],[-13.50358,15.24338],[-13.50658,15.24125],[-13.50758,15.24045],[-13.50869,15.23909],[-13.50985,15.23725],[-13.51155,15.23517],[-13.51573,15.23051],[-13.51709,15.22909],[-13.51956,15.22701],[-13.52221,15.22434],[-13.52483,15.22198],[-13.52802,15.21924],[-13.52996,15.21767],[-13.53262,15.21588],[-13.53554,15.21418],[-13.53771,15.21304],[-13.53891,15.21235],[-13.54056,15.21115],[-13.5428,15.20927],[-13.54551,15.20742],[-13.54724,15.20639],[-13.54871,15.2056],[-13.55148,15.20437],[-13.55412,15.2035],[-13.5554,15.2029],[-13.55824,15.2012],[-13.55991,15.20007],[-13.56129,15.19905],[-13.56394,15.19687],[-13.56514,15.19578],[-13.56844,15.19251],[-13.57028,15.19076],[-13.57132,15.18966],[-13.57238,15.18833],[-13.57299,15.18738],[-13.57346,15.18597],[-13.57396,15.18325],[-13.57422,15.18136],[-13.57429,15.17955],[-13.57468,15.17775],[-13.57541,15.17592],[-13.57625,15.17419],[-13.57791,15.17134],[-13.57891,15.16974],[-13.57938,15.16847],[-13.57974,15.16652],[-13.57965,15.16388],[-13.57984,15.16215],[-13.58037,15.16056],[-13.58112,15.15879],[-13.5821,15.15684],[-13.58313,15.15454],[-13.58393,15.15297],[-13.58442,15.15181],[-13.58474,15.15063],[-13.58515,15.14848],[-13.58572,15.14647],[-13.58673,15.14392],[-13.58868,15.13944],[-13.58924,15.13781],[-13.5894,15.1368],[-13.58949,15.13494],[-13.58967,15.13392],[-13.59014,15.13245],[-13.59074,15.13105],[-13.59135,15.12989],[-13.59219,15.12854],[-13.59309,15.12735],[-13.59384,15.12608],[-13.59465,15.12392],[-13.59501,15.12279],[-13.59558,15.12171],[-13.59619,15.12111],[-13.59752,15.12007],[-13.59956,15.11795],[-13.60047,15.11712],[-13.60182,15.11618],[-13.60627,15.11351],[-13.6071,15.11291],[-13.6092,15.11112],[-13.61053,15.10991],[-13.61178,15.10889],[-13.6139,15.10743],[-13.6151,15.10678],[-13.61817,15.10525],[-13.6196,15.10428],[-13.62062,15.10378],[-13.62154,15.10361],[-13.62338,15.10364],[-13.6247,15.1039],[-13.62615,15.10394],[-13.62798,15.10381],[-13.62999,15.10383],[-13.63071,15.10377],[-13.63357,15.10321],[-13.63474,15.10294],[-13.63661,15.10218],[-13.6385,15.1019],[-13.63973,15.10194],[-13.64128,15.10222],[-13.64237,15.10211],[-13.64413,15.10165],[-13.64675,15.10168],[-13.64832,15.10158],[-13.64944,15.10118],[-13.65114,15.10025],[-13.65224,15.10019],[-13.65383,15.10036],[-13.65512,15.10035],[-13.65652,15.10022],[-13.6576,15.09998],[-13.6595,15.09927],[-13.66223,15.09833],[-13.66336,15.09805],[-13.66552,15.09766],[-13.66652,15.09718],[-13.6678,15.09623],[-13.66953,15.09446],[-13.67046,15.09326],[-13.67116,15.09214],[-13.67215,15.0901],[-13.67321,15.08817],[-13.67347,15.08738],[-13.6736,15.08635],[-13.67362,15.08353],[-13.67339,15.0824],[-13.67249,15.0807],[-13.6713,15.07934],[-13.66974,15.07797],[-13.66834,15.07641],[-13.66745,15.07563],[-13.6666,15.07518],[-13.66073,15.07345],[-13.65692,15.07225],[-13.65531,15.07194],[-13.6511,15.07198],[-13.65034,15.07189],[-13.64939,15.07144],[-13.64825,15.07056],[-13.64779,15.07034],[-13.64623,15.0699],[-13.64352,15.06861],[-13.64089,15.06758],[-13.63853,15.06635],[-13.63744,15.06558],[-13.63615,15.06438],[-13.63505,15.06321],[-13.63308,15.06082],[-13.63128,15.05898],[-13.62953,15.05666],[-13.628,15.05485],[-13.6272,15.0537],[-13.62607,15.05181],[-13.62471,15.05014],[-13.62403,15.04909],[-13.62357,15.04754],[-13.62304,15.0465],[-13.62238,15.04575],[-13.62146,15.04492],[-13.61952,15.04369],[-13.61819,15.04251],[-13.61729,15.04153],[-13.61616,15.04012],[-13.61563,15.0392],[-13.61499,15.03777],[-13.61451,15.03691],[-13.61363,15.03605],[-13.61025,15.03468],[-13.60878,15.03385],[-13.60776,15.03292],[-13.60663,15.03164],[-13.60581,15.03058],[-13.60496,15.02975],[-13.6029,15.02815],[-13.60176,15.02742],[-13.60047,15.0268],[-13.59909,15.0264],[-13.59625,15.0251],[-13.59402,15.02437],[-13.59278,15.02412],[-13.5911,15.0239],[-13.59005,15.02385],[-13.58782,15.02388],[-13.58633,15.02375],[-13.58471,15.0233],[-13.5818,15.02227],[-13.57966,15.02159],[-13.57765,15.02063],[-13.5759,15.01992],[-13.57384,15.01887],[-13.57243,15.01778],[-13.56966,15.0163],[-13.56935,15.01602],[-13.56868,15.01493],[-13.5673,15.01386],[-13.56655,15.01297],[-13.56557,15.01225],[-13.56223,15.01042],[-13.56165,15.00995],[-13.5611,15.00906],[-13.55986,15.00603],[-13.55837,15.00176],[-13.5576,14.99965],[-13.55675,14.99813],[-13.55409,14.9953],[-13.55298,14.99431],[-13.55163,14.99346],[-13.54979,14.99282],[-13.54934,14.99229],[-13.5491,14.99157],[-13.54885,14.9903],[-13.54878,14.98793],[-13.54837,14.98584],[-13.54772,14.98453],[-13.54729,14.984],[-13.54671,14.98361],[-13.54559,14.98335],[-13.54435,14.98359],[-13.54284,14.98498],[-13.5415,14.98604],[-13.54029,14.9868],[-13.53942,14.9872],[-13.53858,14.9874],[-13.53792,14.98737],[-13.53758,14.98672],[-13.53746,14.98552],[-13.53704,14.98388],[-13.53643,14.983],[-13.53439,14.98106],[-13.53255,14.97991],[-13.53146,14.97974],[-13.52983,14.98019],[-13.52898,14.98055],[-13.52834,14.98049],[-13.52817,14.97997],[-13.52797,14.97758],[-13.52812,14.97617],[-13.52863,14.97443],[-13.52909,14.9723],[-13.52955,14.97074],[-13.53024,14.96931],[-13.53023,14.96834],[-13.52988,14.96739],[-13.52949,14.96702],[-13.52811,14.96643],[-13.52693,14.96641],[-13.52529,14.96658],[-13.52244,14.96712],[-13.52066,14.96694],[-13.51994,14.967],[-13.51921,14.9674],[-13.51855,14.96753],[-13.51718,14.96757],[-13.51609,14.9679],[-13.51519,14.96793],[-13.51442,14.96761],[-13.51364,14.96704],[-13.51201,14.96486],[-13.51123,14.96409],[-13.50993,14.96336],[-13.5089,14.96207],[-13.50763,14.96078],[-13.50593,14.95937],[-13.50496,14.95873],[-13.50361,14.95807],[-13.50143,14.9575],[-13.50006,14.95689],[-13.49949,14.9568],[-13.49793,14.95703],[-13.49725,14.95726],[-13.49625,14.95871],[-13.49557,14.95886],[-13.49423,14.9588],[-13.49302,14.95815],[-13.49267,14.95764],[-13.49215,14.95646],[-13.49075,14.95406],[-13.49024,14.95349],[-13.48818,14.95252],[-13.48733,14.95195],[-13.48641,14.95046],[-13.48564,14.94979],[-13.48463,14.94944],[-13.48296,14.94917],[-13.48128,14.94916],[-13.48049,14.94949],[-13.47962,14.95011],[-13.47916,14.95026],[-13.47859,14.94995],[-13.47788,14.94923],[-13.47551,14.94776],[-13.47488,14.94722],[-13.47443,14.94653],[-13.47416,14.94564],[-13.47445,14.94466],[-13.47498,14.94372],[-13.47579,14.94263],[-13.47604,14.94176],[-13.47597,14.94035],[-13.47578,14.9398],[-13.47475,14.93842],[-13.4744,14.93699],[-13.4744,14.936],[-13.47454,14.9353],[-13.47535,14.93249],[-13.4759,14.9314],[-13.47667,14.93027],[-13.47737,14.92894],[-13.47791,14.92762],[-13.47814,14.92677],[-13.47819,14.92536],[-13.47851,14.92427],[-13.47932,14.92316],[-13.48074,14.92097],[-13.48188,14.91947],[-13.48202,14.91895],[-13.48215,14.91706],[-13.48246,14.91648],[-13.48327,14.91557],[-13.48537,14.91372],[-13.48757,14.91217],[-13.4895,14.91104],[-13.49088,14.90993],[-13.4923,14.90853],[-13.49319,14.90776],[-13.49539,14.90616],[-13.49707,14.90487],[-13.49795,14.90406],[-13.50043,14.9013],[-13.50113,14.90041],[-13.50187,14.89926],[-13.50301,14.89688],[-13.50367,14.89594],[-13.50611,14.89304],[-13.50672,14.89196],[-13.50699,14.8899],[-13.50696,14.88746],[-13.50724,14.88624],[-13.50794,14.88482],[-13.50912,14.88386],[-13.51008,14.88345],[-13.51072,14.88341],[-13.51233,14.88356],[-13.51306,14.8834],[-13.51433,14.88277],[-13.51516,14.88201],[-13.51558,14.88117],[-13.51601,14.87979],[-13.51655,14.87725],[-13.5169,14.87636],[-13.51751,14.87529],[-13.51839,14.87447],[-13.51885,14.87379],[-13.51889,14.87163],[-13.5192,14.87083],[-13.52008,14.86961],[-13.52069,14.86926],[-13.52185,14.86883],[-13.52234,14.86838],[-13.52226,14.86784],[-13.5217,14.86693],[-13.52078,14.86645],[-13.5204,14.86607],[-13.51994,14.86519],[-13.51993,14.86464],[-13.52044,14.86347],[-13.521,14.86263],[-13.52226,14.86166],[-13.52242,14.86133],[-13.52225,14.86048],[-13.52148,14.85905],[-13.52042,14.85755],[-13.51988,14.85694],[-13.51789,14.85509],[-13.51704,14.85399],[-13.51674,14.85342],[-13.51637,14.85208],[-13.51595,14.84957],[-13.51588,14.84831],[-13.51609,14.84743],[-13.51658,14.84616],[-13.51685,14.84494],[-13.51682,14.84257],[-13.51703,14.84159],[-13.51808,14.83877],[-13.51918,14.8365],[-13.51972,14.83514],[-13.52014,14.83319],[-13.52029,14.83185],[-13.52061,14.8283],[-13.52063,14.82735],[-13.52037,14.82577],[-13.52039,14.82467],[-13.52092,14.82317],[-13.52148,14.8211],[-13.52256,14.81891],[-13.52278,14.81801],[-13.52327,14.81507],[-13.52386,14.81273],[-13.52424,14.81049],[-13.52476,14.8088],[-13.52608,14.80537],[-13.52705,14.80323],[-13.52718,14.80223],[-13.52703,14.7996],[-13.52675,14.79771],[-13.52667,14.79656],[-13.52676,14.79524],[-13.5269,14.79461],[-13.52778,14.79287],[-13.52816,14.79174],[-13.52856,14.79004],[-13.52885,14.78734],[-13.52941,14.78393],[-13.52991,14.78178],[-13.53045,14.7802],[-13.53166,14.77823],[-13.53203,14.77675],[-13.53239,14.77381],[-13.5323,14.77224],[-13.53189,14.77103],[-13.53138,14.77024],[-13.5307,14.76957],[-13.52981,14.76808],[-13.5293,14.76623],[-13.52949,14.76527],[-13.53014,14.76466],[-13.53188,14.76408],[-13.53329,14.76351],[-13.53403,14.76308],[-13.53479,14.7622],[-13.53539,14.76064],[-13.53537,14.75854],[-13.53521,14.75661],[-13.53521,14.75563],[-13.53536,14.7546],[-13.53574,14.75324],[-13.5364,14.75195],[-13.53702,14.75121],[-13.54016,14.74809],[-13.54123,14.74689],[-13.54395,14.74339],[-13.54483,14.74215],[-13.54561,14.74084],[-13.54724,14.7378],[-13.54863,14.7356],[-13.54921,14.73456],[-13.55,14.73276],[-13.55158,14.72888],[-13.55313,14.72532],[-13.55353,14.72456],[-13.55456,14.72344],[-13.55618,14.72216],[-13.55734,14.72135],[-13.55806,14.72073],[-13.55893,14.71944],[-13.5601,14.717],[-13.56084,14.71524],[-13.56135,14.71381],[-13.56196,14.71171],[-13.56228,14.71001],[-13.5628,14.7064],[-13.56297,14.70555],[-13.56353,14.70371],[-13.56368,14.70258],[-13.56337,14.70114],[-13.56276,14.70041],[-13.56201,14.69989],[-13.56066,14.69919],[-13.55902,14.69806],[-13.55847,14.69723],[-13.55777,14.69569],[-13.5565,14.69404],[-13.55533,14.6922],[-13.55337,14.69029],[-13.55291,14.69005],[-13.55179,14.69034],[-13.55099,14.69032],[-13.55032,14.68978],[-13.54939,14.68741],[-13.5485,14.68656],[-13.54641,14.68547],[-13.54589,14.68509],[-13.54561,14.68452],[-13.54502,14.68223],[-13.54456,14.68193],[-13.54373,14.68174],[-13.54269,14.68076],[-13.54214,14.67894],[-13.54176,14.67835],[-13.53984,14.67613],[-13.53927,14.67523],[-13.53919,14.67476],[-13.53935,14.67367],[-13.53943,14.67189],[-13.53921,14.67126],[-13.53826,14.67054],[-13.53824,14.66998],[-13.5385,14.66927],[-13.53868,14.66739],[-13.53858,14.66585],[-13.5384,14.665],[-13.53763,14.66354],[-13.5374,14.66291],[-13.53736,14.66197],[-13.5376,14.66039],[-13.53814,14.6594],[-13.53861,14.65766],[-13.53858,14.65643],[-13.53915,14.65511],[-13.53932,14.65444],[-13.53934,14.65351],[-13.53893,14.65227],[-13.5396,14.64979],[-13.54005,14.64753],[-13.54072,14.64499],[-13.54076,14.64337],[-13.54053,14.64262],[-13.53946,14.64167],[-13.53871,14.6406],[-13.53855,14.64002],[-13.53876,14.63865],[-13.53909,14.63732],[-13.53933,14.63582],[-13.53946,14.63418],[-13.53935,14.6325],[-13.53903,14.63139],[-13.53865,14.63072],[-13.53763,14.62932],[-13.53747,14.62811],[-13.53781,14.62691],[-13.53838,14.6265],[-13.54073,14.62537],[-13.54159,14.62471],[-13.54202,14.62403],[-13.54362,14.62043],[-13.54516,14.61802],[-13.54701,14.61437],[-13.54815,14.61234],[-13.54891,14.6108],[-13.54943,14.60952],[-13.54984,14.60794],[-13.55021,14.60572],[-13.55054,14.60216],[-13.55171,14.59516],[-13.55238,14.59181],[-13.55305,14.58938],[-13.55334,14.58777],[-13.55337,14.58709],[-13.55307,14.58187],[-13.55288,14.58085],[-13.5523,14.57932],[-13.55203,14.57815],[-13.552,14.57711],[-13.55211,14.57501],[-13.55209,14.57419],[-13.55171,14.57122],[-13.55168,14.56941],[-13.55232,14.56601],[-13.5527,14.56171],[-13.55294,14.56019],[-13.55338,14.55803],[-13.55403,14.55413],[-13.55417,14.55273],[-13.55412,14.55074],[-13.55398,14.54962],[-13.55364,14.54797],[-13.55278,14.54558],[-13.5525,14.54462],[-13.55232,14.54312],[-13.5523,14.54127],[-13.55221,14.54008],[-13.55186,14.53858],[-13.55128,14.5367],[-13.55097,14.53548],[-13.55074,14.5341],[-13.5503,14.5308],[-13.54979,14.52846],[-13.54822,14.52299],[-13.54757,14.52032],[-13.54701,14.51858],[-13.54605,14.51624],[-13.54539,14.51419],[-13.54491,14.51305],[-13.54422,14.51183],[-13.5439,14.51101],[-13.54269,14.5061],[-13.54224,14.50518],[-13.5413,14.50381],[-13.54089,14.50303],[-13.5405,14.50181],[-13.53946,14.49735],[-13.53847,14.49437],[-13.53832,14.49357],[-13.53822,14.4918],[-13.53804,14.49083],[-13.5375,14.48875],[-13.53733,14.4876],[-13.53725,14.4856],[-13.53712,14.48441],[-13.53668,14.48142],[-13.53666,14.47878],[-13.53638,14.47618],[-13.53621,14.47295],[-13.536,14.47022],[-13.53615,14.46845],[-13.5362,14.46605],[-13.53618,14.46279],[-13.53624,14.46088],[-13.53637,14.4595],[-13.53667,14.45821],[-13.53681,14.45576],[-13.53752,14.45356],[-13.53819,14.45086],[-13.5384,14.44937],[-13.53855,14.44528],[-13.53852,14.44347],[-13.5384,14.44094],[-13.53852,14.43877],[-13.53837,14.43704],[-13.5379,14.4356],[-13.53765,14.43448],[-13.5374,14.43264],[-13.53737,14.43121],[-13.53747,14.42919],[-13.53772,14.42723],[-13.53777,14.42605],[-13.53762,14.42502],[-13.53665,14.42182],[-13.53582,14.41929],[-13.53547,14.4175],[-13.53557,14.41572],[-13.5356,14.41291],[-13.53528,14.41065],[-13.53295,14.40746],[-13.52044,14.40733],[-13.51887,14.40731],[-13.51009,14.41413],[-13.51015,14.4143],[-13.4943,14.42539],[-13.39808,14.4989],[-13.31143,14.56357],[-13.28178,14.58604],[-13.2561,14.60549],[-13.24747,14.61069],[-13.24482,14.61074],[-13.24372,14.61025],[-13.242,14.61024],[-13.2404,14.61118],[-13.23781,14.61236],[-13.23671,14.61259],[-13.23572,14.61246],[-13.23462,14.61198],[-13.2329,14.61268],[-13.23203,14.61327],[-13.2281,14.61372],[-13.22516,14.61334],[-13.22198,14.612],[-13.21536,14.61016],[-13.19403,14.60569],[-13.14155,14.59822],[-13.1223,14.59556],[-13.1153,14.59538],[-13.11248,14.59548],[-13.11015,14.5951],[-13.10867,14.59521],[-13.10634,14.59519],[-13.10401,14.59481],[-13.10217,14.5948],[-13.09775,14.59428],[-13.09394,14.59509],[-13.09209,14.59627],[-13.08901,14.59768],[-13.08765,14.59803],[-13.0868,14.59766],[-13.08546,14.59669],[-13.083,14.59631],[-13.07921,14.59509],[-13.07835,14.59472],[-13.07541,14.59398],[-13.07419,14.59325],[-13.07347,14.59205],[-13.07152,14.58976],[-13.07006,14.58868],[-13.06896,14.58771],[-13.06762,14.5871],[-13.05242,14.58446],[-13.04236,14.58319],[-13.02888,14.58056],[-13.00953,14.57609],[-12.99802,14.57301],[-12.98675,14.57028],[-12.97172,14.56647],[-12.95611,14.56171],[-12.95228,14.56107],[-12.94722,14.56073],[-12.93355,14.5624],[-12.90467,14.56678],[-12.88854,14.56902],[-12.86656,14.57241],[-12.84045,14.57591],[-12.81986,14.5787],[-12.80327,14.58124],[-12.79697,14.58237],[-12.77832,14.59042],[-12.73749,14.60721],[-12.72085,14.61422],[-12.69875,14.64448],[-12.66916,14.68542],[-12.65529,14.70455],[-12.65284,14.70931],[-12.64887,14.7218],[-12.64468,14.73334],[-12.63509,14.76218],[-12.61661,14.81974],[-12.60657,14.84815],[-12.59798,14.87644],[-12.59621,14.88137],[-12.59175,14.89805],[-12.59236,14.89894],[-12.59382,14.89967],[-12.59347,14.9005],[-12.59371,14.90135],[-12.59344,14.90244],[-12.59372,14.90303],[-12.59364,14.90482],[-12.5932,14.90547],[-12.59323,14.90639],[-12.59379,14.90711],[-12.59378,14.90761],[-12.59348,14.90825],[-12.59345,14.90948],[-12.59328,14.91101],[-12.59336,14.9118],[-12.59404,14.91252],[-12.59495,14.91266],[-12.59543,14.91376],[-12.59616,14.91413],[-12.59651,14.91462],[-12.59588,14.91541],[-12.59609,14.9165],[-12.59681,14.91721],[-12.59689,14.91811],[-12.59682,14.91939],[-12.59721,14.92096],[-12.59764,14.92183],[-12.59806,14.92207],[-12.59873,14.92181],[-12.5997,14.92188],[-12.59997,14.92215],[-12.6002,14.92306],[-12.60017,14.92405],[-12.60075,14.92448],[-12.6009,14.92496],[-12.60071,14.92578],[-12.6009,14.92652],[-12.60178,14.92709],[-12.60212,14.92863],[-12.60266,14.9295],[-12.60225,14.93074],[-12.60286,14.93193],[-12.60348,14.93264],[-12.60377,14.93333],[-12.60349,14.93402],[-12.6034,14.93492],[-12.60283,14.93619],[-12.60258,14.9378],[-12.60294,14.94059],[-12.60253,14.94213],[-12.60248,14.9431],[-12.60285,14.94427],[-12.60345,14.94486],[-12.60369,14.94538],[-12.6038,14.94617],[-12.60458,14.94688],[-12.60479,14.94821],[-12.60462,14.94917],[-12.60428,14.94966],[-12.60444,14.95019],[-12.60553,14.95079],[-12.60554,14.95167],[-12.60502,14.95221],[-12.60506,14.95277],[-12.60556,14.9533],[-12.60621,14.9537],[-12.60637,14.95429],[-12.60615,14.95488],[-12.60604,14.95602],[-12.60636,14.95718],[-12.6068,14.95722],[-12.60736,14.95766],[-12.60806,14.9592],[-12.60769,14.95995],[-12.60796,14.96108],[-12.60957,14.96102],[-12.61036,14.96239],[-12.61078,14.96268],[-12.61139,14.96259],[-12.61264,14.96316],[-12.61308,14.96319],[-12.61407,14.96388],[-12.61395,14.96461],[-12.61446,14.96489],[-12.61442,14.96556],[-12.61533,14.96668],[-12.61611,14.96684],[-12.61636,14.96707],[-12.61664,14.96795],[-12.61712,14.96856],[-12.61685,14.96928],[-12.61713,14.96966],[-12.61809,14.97005],[-12.61843,14.97048],[-12.6185,14.97101],[-12.61831,14.97187],[-12.61793,14.9723],[-12.61663,14.973],[-12.61618,14.9735],[-12.61557,14.9748],[-12.61556,14.97528],[-12.61657,14.97693],[-12.61718,14.97717],[-12.61724,14.97838],[-12.61772,14.9789],[-12.61829,14.97913],[-12.61943,14.9789],[-12.62067,14.97922],[-12.62197,14.98024],[-12.62219,14.9806],[-12.62203,14.98116],[-12.62104,14.98181],[-12.62126,14.98231],[-12.62221,14.98222],[-12.6228,14.98253],[-12.62306,14.98304],[-12.62268,14.98426],[-12.62265,14.98767],[-12.62286,14.98873],[-12.62324,14.98935],[-12.62426,14.98984],[-12.62456,14.99025],[-12.62515,14.99212],[-12.62507,14.99287],[-12.62525,14.9931],[-12.62633,14.99324],[-12.62689,14.99368],[-12.62706,14.99424],[-12.62695,14.99468],[-12.62621,14.99527],[-12.626,14.99573],[-12.62665,14.99802],[-12.62726,14.99846],[-12.62864,14.9988],[-12.63007,15.00003],[-12.62971,15.00202],[-12.62815,15.00243],[-12.68926,15.08739]]]},"properties":{"slug":"kanel","name":"Kanel","department":"Kanel","code":"SN0901","parent":"region-matam"}},{"type":"Feature","geometry":{"type":"Polygon","coordinates":[[[-15.8184,15.36359],[-15.80609,15.38451],[-15.79414,15.40383],[-15.78388,15.42091],[-15.77592,15.43424],[-15.76949,15.44533],[-15.76351,15.45372],[-15.75309,15.47185],[-15.74619,15.48308],[-15.74098,15.49117],[-15.71952,15.52712],[-15.70327,15.55408],[-15.69932,15.56012],[-15.6688,15.61159],[-15.66171,15.62387],[-15.65533,15.6351],[-15.6449,15.65165],[-15.63152,15.67215],[-15.62046,15.69021],[-15.60879,15.71055],[-15.59182,15.73788],[-15.58465,15.74957],[-15.58154,15.75685],[-15.58149,15.76508],[-15.58118,15.78265],[-15.58118,15.79243],[-15.58122,15.89166],[-15.58083,15.91864],[-15.58076,15.92197],[-15.58076,15.92692],[-15.6062,15.95431],[-15.65046,16.00195],[-15.67409,16.02662],[-15.69131,16.04506],[-15.71083,16.06596],[-15.72621,16.08242],[-15.80564,16.16737],[-15.822,16.18485],[-15.82281,16.18577],[-15.82468,16.1874],[-15.82542,16.18778],[-15.82597,16.18788],[-15.82707,16.18783],[-15.82801,16.18759],[-15.82997,16.18686],[-15.83438,16.18494],[-15.83697,16.18363],[-15.83849,16.1827],[-15.84396,16.17919],[-15.84504,16.17855],[-15.84746,16.17725],[-15.84946,16.1761],[-15.85172,16.17453],[-15.85473,16.17222],[-15.85703,16.17059],[-15.86195,16.16742],[-15.86382,16.16617],[-15.86667,16.16415],[-15.86985,16.16177],[-15.87359,16.15884],[-15.87662,16.15661],[-15.87831,16.15525],[-15.8797,16.15397],[-15.882,16.15171],[-15.88357,16.15027],[-15.88743,16.14698],[-15.8911,16.14365],[-15.89392,16.14118],[-15.89658,16.1386],[-15.89791,16.13738],[-15.90114,16.13457],[-15.90339,16.1327],[-15.90676,16.12971],[-15.90807,16.12848],[-15.91096,16.12564],[-15.91255,16.12419],[-15.91484,16.12223],[-15.917,16.12057],[-15.91796,16.11975],[-15.9198,16.11785],[-15.92053,16.1168],[-15.92192,16.11439],[-15.92363,16.11194],[-15.92423,16.11087],[-15.92532,16.10867],[-15.92712,16.10635],[-15.92806,16.10502],[-15.92927,16.10373],[-15.93064,16.10277],[-15.93218,16.10193],[-15.93574,16.10058],[-15.93934,16.09866],[-15.94259,16.09722],[-15.94507,16.09631],[-15.94825,16.09537],[-15.95131,16.09413],[-15.95221,16.09383],[-15.95536,16.09303],[-15.95908,16.09186],[-15.96125,16.09103],[-15.96485,16.0894],[-15.96641,16.08856],[-15.96846,16.08706],[-15.97055,16.08575],[-15.97386,16.08407],[-15.97661,16.08286],[-15.98033,16.08104],[-15.9845,16.07917],[-15.98737,16.07775],[-15.99037,16.0762],[-15.99288,16.07513],[-15.99464,16.0742],[-15.99736,16.07257],[-16.00095,16.07073],[-16.00549,16.06859],[-16.00802,16.06756],[-16.00908,16.06706],[-16.01136,16.06566],[-16.01488,16.06363],[-16.01648,16.06284],[-16.01992,16.06144],[-16.02217,16.06068],[-16.0237,16.05986],[-16.05019,16.04785],[-16.08014,16.03375],[-16.09626,16.02612],[-16.13662,16.00558],[-16.13843,16.00452],[-16.13999,16.003],[-16.14345,15.99872],[-16.14445,15.99736],[-16.14965,15.9898],[-16.15309,15.98475],[-16.15826,15.97544],[-16.15964,15.9732],[-16.16232,15.96965],[-16.16438,15.96604],[-16.16823,15.96231],[-16.17111,15.95986],[-16.17387,15.95802],[-16.17772,15.95553],[-16.18579,15.94867],[-16.19094,15.94526],[-16.20251,15.93643],[-16.21678,15.92497],[-16.22054,15.92212],[-16.22293,15.92039],[-16.22745,15.91726],[-16.23029,15.91539],[-16.24288,15.90917],[-16.25133,15.90419],[-16.25427,15.90206],[-16.28023,15.87024],[-16.29108,15.85621],[-16.29231,15.85533],[-16.29336,15.85519],[-16.29713,15.85483],[-16.30006,15.85442],[-16.3043,15.85374],[-16.31799,15.85158],[-16.32037,15.85101],[-16.35654,15.83221],[-16.35795,15.83225],[-16.35923,15.83217],[-16.3652,15.83225],[-16.37097,15.83213],[-16.38764,15.83214],[-16.39519,15.83222],[-16.40083,15.83214],[-16.41437,15.8321],[-16.42261,15.83188],[-16.43146,15.8317],[-16.44225,15.83163],[-16.45147,15.83153],[-16.45962,15.83142],[-16.46548,15.83139],[-16.47207,15.83119],[-16.47844,15.83119],[-16.48343,15.83099],[-16.49548,15.83015],[-16.50212,15.82999],[-16.50878,15.82954],[-16.5122,15.8294],[-16.52851,15.82853],[-16.52958,15.82442],[-16.53022,15.8216],[-16.53094,15.81778],[-16.53142,15.81557],[-16.53186,15.8138],[-16.53258,15.81127],[-16.53334,15.8089],[-16.53436,15.80604],[-16.5351,15.80375],[-16.5366,15.79866],[-16.53752,15.79578],[-16.53912,15.7912],[-16.54006,15.78833],[-16.54088,15.78635],[-16.54134,15.78483],[-16.54154,15.7837],[-16.54213,15.78208],[-16.54257,15.78053],[-16.54324,15.77905],[-16.54383,15.77796],[-16.54431,15.77684],[-16.54449,15.77606],[-16.54532,15.7744],[-16.54574,15.77307],[-16.5464,15.77214],[-16.54686,15.76962],[-16.54798,15.76631],[-16.54872,15.76337],[-16.5493,15.76178],[-16.54975,15.76094],[-16.54997,15.75983],[-16.55062,15.75826],[-16.5507,15.75705],[-16.55021,15.75598],[-16.55002,15.7544],[-16.55016,15.75307],[-16.55057,15.75218],[-16.55201,15.75023],[-16.55241,15.74921],[-16.55248,15.74846],[-16.55241,15.74699],[-16.55264,15.74582],[-16.55431,15.74134],[-16.5545,15.74091],[-16.55868,15.73315],[-16.56102,15.72858],[-16.56293,15.72417],[-16.56395,15.72263],[-16.56411,15.7218],[-16.56486,15.72021],[-16.56664,15.71684],[-16.56942,15.71095],[-16.57161,15.70609],[-16.57263,15.70394],[-16.57788,15.69368],[-16.57985,15.68975],[-16.58263,15.68464],[-16.58415,15.68166],[-16.58558,15.67833],[-16.5863,15.67681],[-16.58738,15.67483],[-16.58928,15.67187],[-16.59005,15.67057],[-16.59092,15.66892],[-16.59333,15.66413],[-16.56472,15.65892],[-16.54201,15.65314],[-16.52725,15.65021],[-16.52342,15.64924],[-16.50688,15.6433],[-16.49702,15.64018],[-16.48921,15.64051],[-16.47815,15.64127],[-16.47475,15.64253],[-16.4734,15.64409],[-16.47219,15.6478],[-16.47098,15.6518],[-16.46807,15.65843],[-16.46579,15.66143],[-16.4635,15.66337],[-16.46211,15.66382],[-16.46092,15.66386],[-16.45986,15.66373],[-16.45833,15.66337],[-16.45691,15.66283],[-16.45005,15.65955],[-16.44863,15.65864],[-16.44694,15.65695],[-16.44514,15.65502],[-16.44349,15.65366],[-16.44094,15.65113],[-16.43939,15.64998],[-16.43871,15.64926],[-16.43782,15.64805],[-16.43618,15.64623],[-16.43509,15.64518],[-16.43354,15.64391],[-16.43214,15.6426],[-16.4298,15.64027],[-16.4273,15.63745],[-16.42495,15.63497],[-16.4238,15.63401],[-16.42156,15.63238],[-16.41754,15.62932],[-16.41576,15.62816],[-16.41345,15.6269],[-16.41132,15.62552],[-16.41009,15.62484],[-16.40841,15.62416],[-16.40752,15.62371],[-16.40485,15.622],[-16.40339,15.62134],[-16.4022,15.62092],[-16.39974,15.6203],[-16.39756,15.61998],[-16.3928,15.6196],[-16.39023,15.61973],[-16.38909,15.61969],[-16.38492,15.61933],[-16.38204,15.61898],[-16.37763,15.61867],[-16.37601,15.61838],[-16.37392,15.61744],[-16.37129,15.61654],[-16.37013,15.61605],[-16.36644,15.61412],[-16.36541,15.61353],[-16.36306,15.61189],[-16.36226,15.61114],[-16.36099,15.60971],[-16.35933,15.60808],[-16.35732,15.60642],[-16.35491,15.60409],[-16.35282,15.60177],[-16.3522,15.60118],[-16.35025,15.59954],[-16.34812,15.5973],[-16.34535,15.59423],[-16.3447,15.59339],[-16.34284,15.59061],[-16.34216,15.58938],[-16.34081,15.58548],[-16.34039,15.58416],[-16.33963,15.58082],[-16.33925,15.57836],[-16.33911,15.57582],[-16.33951,15.5707],[-16.33951,15.56794],[-16.33935,15.56591],[-16.33912,15.56423],[-16.33879,15.56312],[-16.33728,15.55938],[-16.33628,15.55666],[-16.3352,15.55442],[-16.33424,15.55314],[-16.33264,15.55137],[-16.33203,15.55047],[-16.3306,15.54807],[-16.33003,15.54731],[-16.32816,15.5452],[-16.3273,15.54402],[-16.32643,15.54264],[-16.32507,15.5398],[-16.32401,15.5379],[-16.32375,15.53717],[-16.32356,15.53616],[-16.32328,15.53289],[-16.32326,15.53047],[-16.32312,15.52844],[-16.32317,15.52773],[-16.32373,15.5252],[-16.32363,15.52306],[-16.32326,15.52115],[-16.32242,15.51829],[-16.32237,15.51731],[-16.32258,15.51436],[-16.31986,15.51029],[-16.31876,15.50887],[-16.31717,15.50787],[-16.31235,15.50702],[-16.29786,15.50411],[-16.28753,15.50115],[-16.28641,15.49996],[-16.28509,15.49395],[-16.28457,15.48965],[-16.28459,15.48678],[-16.28395,15.48192],[-16.28108,15.47635],[-16.28053,15.47321],[-16.2807,15.46691],[-16.28046,15.46134],[-16.27878,15.45849],[-16.2754,15.45554],[-16.26909,15.45128],[-16.26133,15.44694],[-16.25448,15.44315],[-16.24714,15.43897],[-16.23675,15.43329],[-16.22591,15.42781],[-16.21813,15.4238],[-16.21214,15.42139],[-16.20473,15.41876],[-16.19501,15.41642],[-16.1828,15.41449],[-16.17384,15.41486],[-16.16727,15.41561],[-16.16197,15.41552],[-16.15794,15.41491],[-16.15242,15.4133],[-16.14838,15.41152],[-16.1429,15.4084],[-16.12971,15.40205],[-16.12287,15.39894],[-16.11587,15.39626],[-16.10941,15.39423],[-16.10081,15.39235],[-16.09714,15.39166],[-16.09246,15.39132],[-16.08202,15.39029],[-16.07696,15.39035],[-16.07404,15.39065],[-16.06874,15.39132],[-16.06365,15.39182],[-16.04878,15.39141],[-16.03915,15.39121],[-16.02933,15.39043],[-16.02049,15.38903],[-16.01716,15.38813],[-16.01006,15.38637],[-16.00557,15.38428],[-16.00403,15.38309],[-15.99892,15.37863],[-15.9943,15.37806],[-15.98212,15.37721],[-15.95869,15.37522],[-15.93403,15.37323],[-15.89011,15.36953],[-15.87877,15.36853],[-15.84449,15.36552],[-15.8184,15.36359]]]},"properties":{"slug":"louga","name":"Louga","department":"Louga","code":"SN0803","parent":"region-louga"}},{"type":"Feature","geometry":{"type":"Polygon","coordinates":[[[-14.24844,15.57296],[-14.24867,15.57254],[-14.25306,15.56789],[-14.25423,15.56479],[-14.25366,15.56027],[-14.24718,15.53949],[-14.24602,15.5375],[-14.24589,15.53482],[-14.24807,15.53481],[-14.25007,15.53287],[-14.25276,15.5304],[-14.2537,15.5297],[-14.25517,15.52885],[-14.25644,15.52789],[-14.25727,15.52683],[-14.25835,15.5251],[-14.2595,15.52297],[-14.26044,15.5205],[-14.26084,15.51964],[-14.26192,15.51818],[-14.26305,15.51715],[-14.2645,15.51665],[-14.26828,15.51618],[-14.26935,15.51624],[-14.27604,15.51443],[-14.27901,15.51415],[-14.28078,15.51461],[-14.28214,15.51594],[-14.28278,15.51697],[-14.28308,15.51858],[-14.28307,15.52048],[-14.28348,15.52134],[-14.28431,15.52203],[-14.28714,15.52388],[-14.29022,15.52526],[-14.29152,15.52578],[-14.29311,15.52613],[-14.29536,15.52597],[-14.29957,15.52558],[-14.30488,15.52145],[-14.31057,15.51708],[-14.31613,15.51202],[-14.33374,15.49611],[-14.34147,15.49557],[-14.37119,15.49494],[-14.41876,15.49417],[-14.41833,15.50255],[-14.41638,15.50581],[-14.41531,15.50796],[-14.41471,15.5095],[-14.41407,15.51175],[-14.41369,15.51422],[-14.41363,15.51588],[-14.4137,15.51726],[-14.4139,15.51951],[-14.41418,15.52147],[-14.41445,15.52277],[-14.41539,15.52667],[-14.41604,15.53],[-14.41724,15.53649],[-14.41778,15.53903],[-14.41871,15.54276],[-14.41914,15.54496],[-14.41933,15.54663],[-14.41942,15.54961],[-14.41937,15.55147],[-14.41908,15.55378],[-14.41865,15.55562],[-14.4183,15.55666],[-14.41747,15.55855],[-14.41601,15.56146],[-14.41387,15.56616],[-14.41127,15.57138],[-14.40967,15.57479],[-14.40841,15.57795],[-14.40738,15.58098],[-14.40645,15.58418],[-14.40553,15.58781],[-14.40523,15.58946],[-14.40502,15.59204],[-14.40508,15.59362],[-14.4055,15.59653],[-14.40632,15.60017],[-14.40673,15.60213],[-14.40738,15.6046],[-14.4077,15.60616],[-14.40777,15.607],[-14.40755,15.60855],[-14.40704,15.60968],[-14.40617,15.61104],[-14.40552,15.6124],[-14.40529,15.61323],[-14.40427,15.61552],[-14.40399,15.61632],[-14.40384,15.61722],[-14.4039,15.61914],[-14.40408,15.62006],[-14.40465,15.62147],[-14.40583,15.62316],[-14.42662,15.65626],[-14.44839,15.69162],[-14.47704,15.74011],[-14.49853,15.77629],[-14.51745,15.8081],[-14.53213,15.7985],[-14.56131,15.77926],[-14.58327,15.76372],[-14.64732,15.71838],[-14.74069,15.69309],[-14.74207,15.66887],[-14.75025,15.52357],[-14.75031,15.47271],[-14.76475,15.43035],[-14.75314,15.41453],[-14.73567,15.40886],[-14.70655,15.39752],[-14.66871,15.38617],[-14.63379,15.36915],[-14.60761,15.35499],[-14.58431,15.35212],[-14.55809,15.35772],[-14.51148,15.3661],[-14.49785,15.37832],[-14.50847,15.34055],[-14.52072,15.29697],[-14.539,15.23383],[-14.56235,15.15872],[-14.57379,15.11621],[-14.5232,15.07947],[-14.53379,15.07732],[-14.55417,15.07312],[-14.70377,15.04793],[-14.7503,15.04376],[-14.78056,15.02047],[-14.77394,15.00001],[-14.74155,14.90413],[-14.71139,14.84899],[-14.70909,14.83204],[-14.76262,14.7664],[-14.78587,14.75371],[-14.79754,14.69225],[-14.82079,14.65413],[-14.8362,14.64143],[-14.84976,14.63174],[-14.82124,14.62437],[-14.79267,14.61572],[-14.76569,14.60778],[-14.73754,14.59942],[-14.7097,14.59119],[-14.68185,14.5831],[-14.65386,14.57515],[-14.62704,14.5672],[-14.62917,14.52821],[-14.62865,14.5292],[-14.62647,14.52948],[-14.62531,14.53018],[-14.62169,14.52989],[-14.61994,14.53045],[-14.61791,14.5313],[-14.61269,14.53228],[-14.61153,14.53227],[-14.60877,14.53326],[-14.60573,14.53382],[-14.60267,14.53381],[-14.59934,14.53466],[-14.59527,14.53593],[-14.59194,14.5362],[-14.58802,14.53732],[-14.58599,14.53689],[-14.58425,14.53732],[-14.57786,14.53872],[-14.57568,14.53984],[-14.57205,14.54026],[-14.56929,14.54068],[-14.56422,14.54124],[-14.56073,14.54151],[-14.55913,14.5425],[-14.55609,14.54221],[-14.55319,14.54319],[-14.55116,14.54376],[-14.5468,14.54586],[-14.54433,14.54656],[-14.54128,14.54727],[-14.53896,14.54882],[-14.53679,14.54882],[-14.53475,14.55008],[-14.53185,14.55135],[-14.52895,14.55148],[-14.52619,14.5536],[-14.52459,14.55388],[-14.52271,14.5543],[-14.5201,14.55513],[-14.51661,14.55612],[-14.51312,14.55752],[-14.5108,14.55809],[-14.50746,14.56006],[-14.50485,14.56034],[-14.50267,14.56146],[-14.50078,14.56174],[-14.49831,14.56258],[-14.49585,14.56286],[-14.49178,14.56511],[-14.48974,14.56609],[-14.48843,14.56638],[-14.48554,14.5675],[-14.48322,14.56735],[-14.48147,14.56862],[-14.47973,14.57101],[-14.47826,14.57369],[-14.47666,14.57539],[-14.47478,14.57609],[-14.47245,14.57792],[-14.47027,14.58018],[-14.46774,14.5826],[-14.46348,14.58682],[-14.45076,14.59931],[-14.42317,14.62739],[-14.41618,14.63414],[-14.41548,14.63514],[-14.4143,14.63638],[-14.41386,14.63702],[-14.41329,14.63821],[-14.41261,14.6393],[-14.41209,14.63988],[-14.41105,14.64037],[-14.41053,14.6404],[-14.40997,14.64007],[-14.40921,14.63931],[-14.4079,14.6387],[-14.40519,14.63857],[-14.40439,14.63823],[-14.40395,14.63753],[-14.40349,14.63748],[-14.40214,14.63766],[-14.4012,14.63729],[-14.39984,14.63704],[-14.39632,14.63679],[-14.39361,14.6373],[-14.39318,14.63749],[-14.39213,14.63833],[-14.39048,14.63945],[-14.38954,14.64052],[-14.38796,14.64167],[-14.38667,14.64235],[-14.38548,14.64274],[-14.38359,14.64316],[-14.38266,14.64347],[-14.38166,14.64402],[-14.38015,14.64434],[-14.37864,14.64476],[-14.37737,14.64523],[-14.37618,14.64599],[-14.37479,14.64779],[-14.37414,14.64829],[-14.37322,14.64874],[-14.37202,14.64886],[-14.37104,14.64874],[-14.36925,14.6484],[-14.36827,14.64829],[-14.36723,14.64837],[-14.36658,14.64862],[-14.36567,14.64919],[-14.36235,14.65174],[-14.36103,14.65258],[-14.35988,14.65294],[-14.35931,14.65324],[-14.35848,14.65448],[-14.35813,14.65528],[-14.35744,14.65597],[-14.35654,14.65616],[-14.35557,14.65611],[-14.35394,14.65541],[-14.35241,14.65534],[-14.35148,14.65553],[-14.34945,14.65639],[-14.34835,14.65651],[-14.34727,14.65624],[-14.34604,14.65609],[-14.34502,14.65609],[-14.34405,14.65623],[-14.34295,14.6559],[-14.34267,14.65531],[-14.34269,14.65461],[-14.34296,14.65386],[-14.34279,14.65309],[-14.34247,14.65266],[-14.34159,14.65194],[-14.34027,14.65156],[-14.33954,14.65083],[-14.33917,14.64968],[-14.33918,14.64703],[-14.33904,14.64591],[-14.33846,14.6429],[-14.33824,14.64214],[-14.33767,14.64132],[-14.33672,14.6404],[-14.33604,14.63928],[-14.33508,14.63726],[-14.33483,14.6364],[-14.33482,14.63512],[-14.33456,14.63416],[-14.33391,14.6331],[-14.33251,14.63228],[-14.33221,14.63199],[-14.33219,14.63138],[-14.33249,14.63015],[-14.33248,14.62771],[-14.33235,14.62695],[-14.33192,14.62669],[-14.33096,14.62679],[-14.33041,14.62636],[-14.32986,14.62539],[-14.32854,14.62441],[-14.32783,14.623],[-14.32658,14.62189],[-14.32512,14.62089],[-14.32438,14.61969],[-14.32383,14.61907],[-14.32319,14.61872],[-14.31998,14.61739],[-14.31803,14.61646],[-14.31677,14.61567],[-14.31585,14.61491],[-14.31386,14.61297],[-14.31336,14.61291],[-14.31224,14.61308],[-14.31164,14.61273],[-14.31084,14.61176],[-14.31055,14.61089],[-14.31085,14.6099],[-14.311,14.60877],[-14.31107,14.60738],[-14.31084,14.60694],[-14.30951,14.60538],[-14.30855,14.60361],[-14.30821,14.60236],[-14.30813,14.60024],[-14.30799,14.59932],[-14.30813,14.59853],[-14.30861,14.59713],[-14.30848,14.59607],[-14.30762,14.59538],[-14.30682,14.59512],[-14.3057,14.59497],[-14.30435,14.59442],[-14.30351,14.5942],[-14.30197,14.59441],[-14.30102,14.59426],[-14.30052,14.59386],[-14.29957,14.59285],[-14.29851,14.59202],[-14.29692,14.59114],[-14.29532,14.59064],[-14.29374,14.59027],[-14.29237,14.5901],[-14.29183,14.58988],[-14.28962,14.5882],[-14.28826,14.58736],[-14.28782,14.58726],[-14.28657,14.58731],[-14.28615,14.58689],[-14.28522,14.58512],[-14.28458,14.5846],[-14.28362,14.58409],[-14.28228,14.58308],[-14.28085,14.58155],[-14.28008,14.58087],[-14.27844,14.57997],[-14.27763,14.57901],[-14.27656,14.57823],[-14.27392,14.57701],[-14.27214,14.57633],[-14.26883,14.57534],[-14.26707,14.57462],[-14.26624,14.57438],[-14.26263,14.57367],[-14.26147,14.57308],[-14.26052,14.57226],[-14.25748,14.5721],[-14.25473,14.57125],[-14.25038,14.56926],[-14.24864,14.56868],[-14.24559,14.56741],[-14.24241,14.56683],[-14.23734,14.56498],[-14.23474,14.56355],[-14.23169,14.56312],[-14.22705,14.56113],[-14.22502,14.56084],[-14.22285,14.55998],[-14.2201,14.55913],[-14.2172,14.55856],[-14.21489,14.55713],[-14.213,14.5567],[-14.21083,14.5557],[-14.20894,14.55513],[-14.20634,14.55456],[-14.2046,14.55385],[-14.20126,14.55313],[-14.1988,14.55199],[-14.19648,14.55127],[-14.19257,14.55055],[-14.18837,14.54927],[-14.18706,14.54842],[-14.18547,14.54799],[-14.18315,14.54784],[-14.18069,14.54642],[-14.17692,14.5457],[-14.17489,14.54498],[-14.17358,14.5447],[-14.17127,14.54327],[-14.1691,14.54313],[-14.16344,14.54028],[-14.16084,14.53942],[-14.15809,14.5387],[-14.15244,14.53685],[-14.14838,14.53556],[-14.1439,14.53357],[-14.14099,14.53327],[-14.13854,14.53185],[-14.1339,14.53071],[-14.12941,14.52928],[-14.12565,14.52838],[-14.12202,14.52685],[-14.11869,14.52641],[-14.11435,14.52442],[-14.10956,14.52313],[-14.10537,14.52128],[-14.10044,14.51998],[-14.09595,14.51813],[-14.09118,14.51667],[-14.08726,14.51527],[-14.08306,14.51412],[-14.08248,14.5137],[-14.07958,14.51312],[-14.07742,14.5117],[-14.07567,14.51127],[-14.07336,14.51013],[-14.07119,14.50942],[-14.06597,14.50784],[-14.06423,14.50727],[-14.06177,14.50655],[-14.05337,14.5037],[-14.0512,14.50354],[-14.04845,14.50265],[-14.04511,14.50182],[-14.04077,14.49997],[-14.03686,14.4984],[-14.03193,14.49739],[-14.0273,14.49582],[-14.02354,14.49411],[-14.00766,14.48982],[-14.00227,14.48885],[-13.98806,14.48161],[-13.95392,14.46542],[-13.93001,14.45408],[-13.91594,14.44735],[-13.88055,14.43041],[-13.8475,14.41399],[-13.79916,14.41279],[-13.7802,14.41289],[-13.77536,14.41291],[-13.76088,14.41259],[-13.68972,14.41101],[-13.67157,14.4102],[-13.62936,14.41019],[-13.60385,14.40933],[-13.56207,14.40842],[-13.53939,14.40753],[-13.53295,14.40746],[-13.53528,14.41065],[-13.5356,14.41291],[-13.53557,14.41572],[-13.53547,14.4175],[-13.53582,14.41929],[-13.53665,14.42182],[-13.53762,14.42502],[-13.53777,14.42605],[-13.53772,14.42723],[-13.53747,14.42919],[-13.53737,14.43121],[-13.5374,14.43264],[-13.53765,14.43448],[-13.5379,14.4356],[-13.53837,14.43704],[-13.53852,14.43877],[-13.5384,14.44094],[-13.53852,14.44347],[-13.53855,14.44528],[-13.5384,14.44937],[-13.53819,14.45086],[-13.53752,14.45356],[-13.53681,14.45576],[-13.53667,14.45821],[-13.53637,14.4595],[-13.53624,14.46088],[-13.53618,14.46279],[-13.5362,14.46605],[-13.53615,14.46845],[-13.536,14.47022],[-13.53621,14.47295],[-13.53638,14.47618],[-13.53666,14.47878],[-13.53668,14.48142],[-13.53712,14.48441],[-13.53725,14.4856],[-13.53733,14.4876],[-13.5375,14.48875],[-13.53804,14.49083],[-13.53822,14.4918],[-13.53832,14.49357],[-13.53847,14.49437],[-13.53946,14.49735],[-13.5405,14.50181],[-13.54089,14.50303],[-13.5413,14.50381],[-13.54224,14.50518],[-13.54269,14.5061],[-13.5439,14.51101],[-13.54422,14.51183],[-13.54491,14.51305],[-13.54539,14.51419],[-13.54605,14.51624],[-13.54701,14.51858],[-13.54757,14.52032],[-13.54822,14.52299],[-13.54979,14.52846],[-13.5503,14.5308],[-13.55074,14.5341],[-13.55097,14.53548],[-13.55128,14.5367],[-13.55186,14.53858],[-13.55221,14.54008],[-13.5523,14.54127],[-13.55232,14.54312],[-13.5525,14.54462],[-13.55278,14.54558],[-13.55364,14.54797],[-13.55398,14.54962],[-13.55412,14.55074],[-13.55417,14.55273],[-13.55403,14.55413],[-13.55338,14.55803],[-13.55294,14.56019],[-13.5527,14.56171],[-13.55232,14.56601],[-13.55168,14.56941],[-13.55171,14.57122],[-13.55209,14.57419],[-13.55211,14.57501],[-13.552,14.57711],[-13.55203,14.57815],[-13.5523,14.57932],[-13.55288,14.58085],[-13.55307,14.58187],[-13.55337,14.58709],[-13.55334,14.58777],[-13.55305,14.58938],[-13.55238,14.59181],[-13.55171,14.59516],[-13.55054,14.60216],[-13.55021,14.60572],[-13.54984,14.60794],[-13.54943,14.60952],[-13.54891,14.6108],[-13.54815,14.61234],[-13.54701,14.61437],[-13.54516,14.61802],[-13.54362,14.62043],[-13.54202,14.62403],[-13.54159,14.62471],[-13.54073,14.62537],[-13.53838,14.6265],[-13.53781,14.62691],[-13.53747,14.62811],[-13.53763,14.62932],[-13.53865,14.63072],[-13.53903,14.63139],[-13.53935,14.6325],[-13.53946,14.63418],[-13.53933,14.63582],[-13.53909,14.63732],[-13.53876,14.63865],[-13.53855,14.64002],[-13.53871,14.6406],[-13.53946,14.64167],[-13.54053,14.64262],[-13.54076,14.64337],[-13.54072,14.64499],[-13.54005,14.64753],[-13.5396,14.64979],[-13.53893,14.65227],[-13.53934,14.65351],[-13.53932,14.65444],[-13.53915,14.65511],[-13.53858,14.65643],[-13.53861,14.65766],[-13.53814,14.6594],[-13.5376,14.66039],[-13.53736,14.66197],[-13.5374,14.66291],[-13.53763,14.66354],[-13.5384,14.665],[-13.53858,14.66585],[-13.53868,14.66739],[-13.5385,14.66927],[-13.53824,14.66998],[-13.53826,14.67054],[-13.53921,14.67126],[-13.53943,14.67189],[-13.53935,14.67367],[-13.53919,14.67476],[-13.53927,14.67523],[-13.53984,14.67613],[-13.54176,14.67835],[-13.54214,14.67894],[-13.54269,14.68076],[-13.54373,14.68174],[-13.54456,14.68193],[-13.54502,14.68223],[-13.54561,14.68452],[-13.54589,14.68509],[-13.54641,14.68547],[-13.5485,14.68656],[-13.54939,14.68741],[-13.55032,14.68978],[-13.55099,14.69032],[-13.55179,14.69034],[-13.55291,14.69005],[-13.55337,14.69029],[-13.55533,14.6922],[-13.5565,14.69404],[-13.55777,14.69569],[-13.55847,14.69723],[-13.55902,14.69806],[-13.56066,14.69919],[-13.56201,14.69989],[-13.56276,14.70041],[-13.56337,14.70114],[-13.56368,14.70258],[-13.56353,14.70371],[-13.56297,14.70555],[-13.5628,14.7064],[-13.56228,14.71001],[-13.56196,14.71171],[-13.56135,14.71381],[-13.56084,14.71524],[-13.5601,14.717],[-13.55893,14.71944],[-13.55806,14.72073],[-13.55734,14.72135],[-13.55618,14.72216],[-13.55456,14.72344],[-13.55353,14.72456],[-13.55313,14.72532],[-13.55158,14.72888],[-13.55,14.73276],[-13.54921,14.73456],[-13.54863,14.7356],[-13.54724,14.7378],[-13.54561,14.74084],[-13.54483,14.74215],[-13.54395,14.74339],[-13.54123,14.74689],[-13.54016,14.74809],[-13.53702,14.75121],[-13.5364,14.75195],[-13.53574,14.75324],[-13.53536,14.7546],[-13.53521,14.75563],[-13.53521,14.75661],[-13.53537,14.75854],[-13.53539,14.76064],[-13.53479,14.7622],[-13.53403,14.76308],[-13.53329,14.76351],[-13.53188,14.76408],[-13.53014,14.76466],[-13.52949,14.76527],[-13.5293,14.76623],[-13.52981,14.76808],[-13.5307,14.76957],[-13.53138,14.77024],[-13.53189,14.77103],[-13.5323,14.77224],[-13.53239,14.77381],[-13.53203,14.77675],[-13.53166,14.77823],[-13.53045,14.7802],[-13.52991,14.78178],[-13.52941,14.78393],[-13.52885,14.78734],[-13.52856,14.79004],[-13.52816,14.79174],[-13.52778,14.79287],[-13.5269,14.79461],[-13.52676,14.79524],[-13.52667,14.79656],[-13.52675,14.79771],[-13.52703,14.7996],[-13.52718,14.80223],[-13.52705,14.80323],[-13.52608,14.80537],[-13.52476,14.8088],[-13.52424,14.81049],[-13.52386,14.81273],[-13.52327,14.81507],[-13.52278,14.81801],[-13.52256,14.81891],[-13.52148,14.8211],[-13.52092,14.82317],[-13.52039,14.82467],[-13.52037,14.82577],[-13.52063,14.82735],[-13.52061,14.8283],[-13.52029,14.83185],[-13.52014,14.83319],[-13.51972,14.83514],[-13.51918,14.8365],[-13.51808,14.83877],[-13.51703,14.84159],[-13.51682,14.84257],[-13.51685,14.84494],[-13.51658,14.84616],[-13.51609,14.84743],[-13.51588,14.84831],[-13.51595,14.84957],[-13.51637,14.85208],[-13.51674,14.85342],[-13.51704,14.85399],[-13.51789,14.85509],[-13.51988,14.85694],[-13.52042,14.85755],[-13.52148,14.85905],[-13.52225,14.86048],[-13.52242,14.86133],[-13.52226,14.86166],[-13.521,14.86263],[-13.52044,14.86347],[-13.51993,14.86464],[-13.51994,14.86519],[-13.5204,14.86607],[-13.52078,14.86645],[-13.5217,14.86693],[-13.52226,14.86784],[-13.52234,14.86838],[-13.52185,14.86883],[-13.52069,14.86926],[-13.52008,14.86961],[-13.5192,14.87083],[-13.51889,14.87163],[-13.51885,14.87379],[-13.51839,14.87447],[-13.51751,14.87529],[-13.5169,14.87636],[-13.51655,14.87725],[-13.51601,14.87979],[-13.51558,14.88117],[-13.51516,14.88201],[-13.51433,14.88277],[-13.51306,14.8834],[-13.51233,14.88356],[-13.51072,14.88341],[-13.51008,14.88345],[-13.50912,14.88386],[-13.50794,14.88482],[-13.50724,14.88624],[-13.50696,14.88746],[-13.50699,14.8899],[-13.50672,14.89196],[-13.50611,14.89304],[-13.50367,14.89594],[-13.50301,14.89688],[-13.50187,14.89926],[-13.50113,14.90041],[-13.50043,14.9013],[-13.49795,14.90406],[-13.49707,14.90487],[-13.49539,14.90616],[-13.49319,14.90776],[-13.4923,14.90853],[-13.49088,14.90993],[-13.4895,14.91104],[-13.48757,14.91217],[-13.48537,14.91372],[-13.48327,14.91557],[-13.48246,14.91648],[-13.48215,14.91706],[-13.48202,14.91895],[-13.48188,14.91947],[-13.48074,14.92097],[-13.47932,14.92316],[-13.47851,14.92427],[-13.47819,14.92536],[-13.47814,14.92677],[-13.47791,14.92762],[-13.47737,14.92894],[-13.47667,14.93027],[-13.4759,14.9314],[-13.47535,14.93249],[-13.47454,14.9353],[-13.4744,14.936],[-13.4744,14.93699],[-13.47475,14.93842],[-13.47578,14.9398],[-13.47597,14.94035],[-13.47604,14.94176],[-13.47579,14.94263],[-13.47498,14.94372],[-13.47445,14.94466],[-13.47416,14.94564],[-13.47443,14.94653],[-13.47488,14.94722],[-13.47551,14.94776],[-13.47788,14.94923],[-13.47859,14.94995],[-13.47916,14.95026],[-13.47962,14.95011],[-13.48049,14.94949],[-13.48128,14.94916],[-13.48296,14.94917],[-13.48463,14.94944],[-13.48564,14.94979],[-13.48641,14.95046],[-13.48733,14.95195],[-13.48818,14.95252],[-13.49024,14.95349],[-13.49075,14.95406],[-13.49215,14.95646],[-13.49267,14.95764],[-13.49302,14.95815],[-13.49423,14.9588],[-13.49557,14.95886],[-13.49625,14.95871],[-13.49725,14.95726],[-13.49793,14.95703],[-13.49949,14.9568],[-13.50006,14.95689],[-13.50143,14.9575],[-13.50361,14.95807],[-13.50496,14.95873],[-13.50593,14.95937],[-13.50763,14.96078],[-13.5089,14.96207],[-13.50993,14.96336],[-13.51123,14.96409],[-13.51201,14.96486],[-13.51364,14.96704],[-13.51442,14.96761],[-13.51519,14.96793],[-13.51609,14.9679],[-13.51718,14.96757],[-13.51855,14.96753],[-13.51921,14.9674],[-13.51994,14.967],[-13.52066,14.96694],[-13.52244,14.96712],[-13.52529,14.96658],[-13.52693,14.96641],[-13.52811,14.96643],[-13.52949,14.96702],[-13.52988,14.96739],[-13.53023,14.96834],[-13.53024,14.96931],[-13.52955,14.97074],[-13.52909,14.9723],[-13.52863,14.97443],[-13.52812,14.97617],[-13.52797,14.97758],[-13.52817,14.97997],[-13.52834,14.98049],[-13.52898,14.98055],[-13.52983,14.98019],[-13.53146,14.97974],[-13.53255,14.97991],[-13.53439,14.98106],[-13.53643,14.983],[-13.53704,14.98388],[-13.53746,14.98552],[-13.53758,14.98672],[-13.53792,14.98737],[-13.53858,14.9874],[-13.53942,14.9872],[-13.54029,14.9868],[-13.5415,14.98604],[-13.54284,14.98498],[-13.54435,14.98359],[-13.54559,14.98335],[-13.54671,14.98361],[-13.54729,14.984],[-13.54772,14.98453],[-13.54837,14.98584],[-13.54878,14.98793],[-13.54885,14.9903],[-13.5491,14.99157],[-13.54934,14.99229],[-13.54979,14.99282],[-13.55163,14.99346],[-13.55298,14.99431],[-13.55409,14.9953],[-13.55675,14.99813],[-13.5576,14.99965],[-13.55837,15.00176],[-13.55986,15.00603],[-13.5611,15.00906],[-13.56165,15.00995],[-13.56223,15.01042],[-13.56557,15.01225],[-13.56655,15.01297],[-13.5673,15.01386],[-13.56868,15.01493],[-13.56935,15.01602],[-13.56966,15.0163],[-13.57243,15.01778],[-13.57384,15.01887],[-13.5759,15.01992],[-13.57765,15.02063],[-13.57966,15.02159],[-13.5818,15.02227],[-13.58471,15.0233],[-13.58633,15.02375],[-13.58782,15.02388],[-13.59005,15.02385],[-13.5911,15.0239],[-13.59278,15.02412],[-13.59402,15.02437],[-13.59625,15.0251],[-13.59909,15.0264],[-13.60047,15.0268],[-13.60176,15.02742],[-13.6029,15.02815],[-13.60496,15.02975],[-13.60581,15.03058],[-13.60663,15.03164],[-13.60776,15.03292],[-13.60878,15.03385],[-13.61025,15.03468],[-13.61363,15.03605],[-13.61451,15.03691],[-13.61499,15.03777],[-13.61563,15.0392],[-13.61616,15.04012],[-13.61729,15.04153],[-13.61819,15.04251],[-13.61952,15.04369],[-13.62146,15.04492],[-13.62238,15.04575],[-13.62304,15.0465],[-13.62357,15.04754],[-13.62403,15.04909],[-13.62471,15.05014],[-13.62607,15.05181],[-13.6272,15.0537],[-13.628,15.05485],[-13.62953,15.05666],[-13.63128,15.05898],[-13.63308,15.06082],[-13.63505,15.06321],[-13.63615,15.06438],[-13.63744,15.06558],[-13.63853,15.06635],[-13.64089,15.06758],[-13.64352,15.06861],[-13.64623,15.0699],[-13.64779,15.07034],[-13.64825,15.07056],[-13.64939,15.07144],[-13.65034,15.07189],[-13.6511,15.07198],[-13.65531,15.07194],[-13.65692,15.07225],[-13.66073,15.07345],[-13.6666,15.07518],[-13.66745,15.07563],[-13.66834,15.07641],[-13.66974,15.07797],[-13.6713,15.07934],[-13.67249,15.0807],[-13.67339,15.0824],[-13.67362,15.08353],[-13.6736,15.08635],[-13.67347,15.08738],[-13.67321,15.08817],[-13.67215,15.0901],[-13.67116,15.09214],[-13.67046,15.09326],[-13.66953,15.09446],[-13.6678,15.09623],[-13.66652,15.09718],[-13.66552,15.09766],[-13.66336,15.09805],[-13.66223,15.09833],[-13.6595,15.09927],[-13.6576,15.09998],[-13.65652,15.10022],[-13.65512,15.10035],[-13.65383,15.10036],[-13.65224,15.10019],[-13.65114,15.10025],[-13.64944,15.10118],[-13.64832,15.10158],[-13.64675,15.10168],[-13.64413,15.10165],[-13.64237,15.10211],[-13.64128,15.10222],[-13.63973,15.10194],[-13.6385,15.1019],[-13.63661,15.10218],[-13.63474,15.10294],[-13.63357,15.10321],[-13.63071,15.10377],[-13.62999,15.10383],[-13.62798,15.10381],[-13.62615,15.10394],[-13.6247,15.1039],[-13.62338,15.10364],[-13.62154,15.10361],[-13.62062,15.10378],[-13.6196,15.10428],[-13.61817,15.10525],[-13.6151,15.10678],[-13.6139,15.10743],[-13.61178,15.10889],[-13.61053,15.10991],[-13.6092,15.11112],[-13.6071,15.11291],[-13.60627,15.11351],[-13.60182,15.11618],[-13.60047,15.11712],[-13.59956,15.11795],[-13.59752,15.12007],[-13.59619,15.12111],[-13.59558,15.12171],[-13.59501,15.12279],[-13.59465,15.12392],[-13.59384,15.12608],[-13.59309,15.12735],[-13.59219,15.12854],[-13.59135,15.12989],[-13.59074,15.13105],[-13.59014,15.13245],[-13.58967,15.13392],[-13.58949,15.13494],[-13.5894,15.1368],[-13.58924,15.13781],[-13.58868,15.13944],[-13.58673,15.14392],[-13.58572,15.14647],[-13.58515,15.14848],[-13.58474,15.15063],[-13.58442,15.15181],[-13.58393,15.15297],[-13.58313,15.15454],[-13.5821,15.15684],[-13.58112,15.15879],[-13.58037,15.16056],[-13.57984,15.16215],[-13.57965,15.16388],[-13.57974,15.16652],[-13.57938,15.16847],[-13.57891,15.16974],[-13.57791,15.17134],[-13.57625,15.17419],[-13.57541,15.17592],[-13.57468,15.17775],[-13.57429,15.17955],[-13.57422,15.18136],[-13.57396,15.18325],[-13.57346,15.18597],[-13.57299,15.18738],[-13.57238,15.18833],[-13.57132,15.18966],[-13.57028,15.19076],[-13.56844,15.19251],[-13.56514,15.19578],[-13.56394,15.19687],[-13.56129,15.19905],[-13.55991,15.20007],[-13.55824,15.2012],[-13.5554,15.2029],[-13.55412,15.2035],[-13.55148,15.20437],[-13.54871,15.2056],[-13.54724,15.20639],[-13.54551,15.20742],[-13.5428,15.20927],[-13.54056,15.21115],[-13.53891,15.21235],[-13.53771,15.21304],[-13.53554,15.21418],[-13.53262,15.21588],[-13.52996,15.21767],[-13.52802,15.21924],[-13.52483,15.22198],[-13.52221,15.22434],[-13.51956,15.22701],[-13.51709,15.22909],[-13.51573,15.23051],[-13.51155,15.23517],[-13.50985,15.23725],[-13.50869,15.23909],[-13.50758,15.24045],[-13.50658,15.24125],[-13.50358,15.24338],[-13.50232,15.24421],[-13.50099,15.24486],[-13.49881,15.24559],[-13.49676,15.24658],[-13.49544,15.24764],[-13.49501,15.24838],[-13.49442,15.2498],[-13.49301,15.25221],[-13.49162,15.25378],[-13.49057,15.25469],[-13.48889,15.25592],[-13.48687,15.25717],[-13.48579,15.25818],[-13.48444,15.2599],[-13.48368,15.26125],[-13.4831,15.26254],[-13.48243,15.2643],[-13.48193,15.26503],[-13.48121,15.26579],[-13.48022,15.26658],[-13.47935,15.26712],[-13.47799,15.2677],[-13.47634,15.26809],[-13.47449,15.26835],[-13.47293,15.2684],[-13.47185,15.26855],[-13.47013,15.26913],[-13.46886,15.26977],[-13.46706,15.27103],[-13.4661,15.27203],[-13.46542,15.27316],[-13.46481,15.27453],[-13.46455,15.27543],[-13.46401,15.278],[-13.46338,15.27945],[-13.46207,15.28172],[-13.46086,15.28326],[-13.45987,15.28422],[-13.45845,15.28528],[-13.45504,15.28706],[-13.45352,15.28798],[-13.45094,15.2901],[-13.44937,15.29169],[-13.47252,15.3047],[-13.60106,15.37626],[-13.60533,15.37864],[-13.69439,15.42814],[-13.77787,15.49642],[-13.85921,15.53923],[-13.99999,15.55193],[-14.01746,15.55334],[-14.20249,15.56998],[-14.24844,15.57296]]]},"properties":{"slug":"ranerou-ferlo","name":"Ranerou Ferlo","department":"Ranerou Ferlo","code":"SN0903","parent":"region-matam"}},{"type":"Feature","geometry":{"type":"Polygon","coordinates":[[[-13.15724,15.61266],[-13.15925,15.61389],[-13.16067,15.61462],[-13.1626,15.61586],[-13.16562,15.61769],[-13.16957,15.62019],[-13.17145,15.62149],[-13.17269,15.62223],[-13.17439,15.62307],[-13.17581,15.62366],[-13.1779,15.62481],[-13.18011,15.62576],[-13.18212,15.62648],[-13.1832,15.62678],[-13.18554,15.62722],[-13.18687,15.62753],[-13.18807,15.62765],[-13.18954,15.62755],[-13.1906,15.62737],[-13.19319,15.62718],[-13.19576,15.62664],[-13.19692,15.6263],[-13.1982,15.62581],[-13.20031,15.62486],[-13.2014,15.62422],[-13.20492,15.62146],[-13.20595,15.62046],[-13.20792,15.61776],[-13.2113,15.61426],[-13.21201,15.61343],[-13.21317,15.61261],[-13.21409,15.61176],[-13.21535,15.61085],[-13.21743,15.60988],[-13.21919,15.6094],[-13.22059,15.60939],[-13.22278,15.60993],[-13.22502,15.61085],[-13.22613,15.61164],[-13.22686,15.61236],[-13.22761,15.61329],[-13.22922,15.6156],[-13.22991,15.61647],[-13.2306,15.61771],[-13.23173,15.6216],[-13.23214,15.62348],[-13.23275,15.6259],[-13.23351,15.62812],[-13.23399,15.62979],[-13.23442,15.6309],[-13.23525,15.63259],[-13.23557,15.63343],[-13.23646,15.63535],[-13.23715,15.6365],[-13.23816,15.63787],[-13.2387,15.63879],[-13.23955,15.63976],[-13.24008,15.6406],[-13.2417,15.64256],[-13.24306,15.64385],[-13.2455,15.64646],[-13.24765,15.64978],[-13.24825,15.65093],[-13.25026,15.65426],[-13.2506,15.65507],[-13.25129,15.65764],[-13.25164,15.6592],[-13.25181,15.66115],[-13.25163,15.665],[-13.25135,15.66817],[-13.25099,15.67004],[-13.25045,15.67195],[-13.25015,15.67273],[-13.24961,15.67353],[-13.24878,15.67435],[-13.24801,15.67528],[-13.24745,15.67579],[-13.24594,15.67686],[-13.24509,15.67715],[-13.24371,15.67738],[-13.24308,15.67737],[-13.23906,15.6752],[-13.23774,15.67437],[-13.23602,15.67394],[-13.23129,15.67177],[-13.23055,15.67155],[-13.22915,15.6714],[-13.22237,15.67231],[-13.22093,15.67267],[-13.21966,15.67316],[-13.21812,15.6741],[-13.2168,15.67527],[-13.21623,15.67599],[-13.21511,15.67709],[-13.21409,15.67837],[-13.21357,15.67947],[-13.21278,15.68075],[-13.21223,15.6818],[-13.21114,15.68338],[-13.21035,15.68506],[-13.20964,15.68629],[-13.20837,15.68815],[-13.20776,15.68927],[-13.207,15.69106],[-13.20669,15.6921],[-13.20641,15.69391],[-13.2065,15.69491],[-13.20706,15.69622],[-13.20763,15.69687],[-13.20907,15.69786],[-13.21001,15.69839],[-13.21138,15.69945],[-13.21279,15.7003],[-13.21451,15.70159],[-13.21717,15.70411],[-13.21835,15.70528],[-13.21984,15.70665],[-13.22209,15.70921],[-13.22284,15.70995],[-13.22589,15.71265],[-13.22731,15.71417],[-13.23016,15.7169],[-13.23125,15.71789],[-13.23254,15.71929],[-13.2343,15.721],[-13.2362,15.72268],[-13.23774,15.7242],[-13.23888,15.72506],[-13.24226,15.72821],[-13.24522,15.73059],[-13.24819,15.73286],[-13.24996,15.73412],[-13.25113,15.73503],[-13.25316,15.7365],[-13.25554,15.73803],[-13.25794,15.73976],[-13.26006,15.74143],[-13.26496,15.74501],[-13.26759,15.74713],[-13.2692,15.74837],[-13.27083,15.74983],[-13.27266,15.75126],[-13.27392,15.75243],[-13.27646,15.75449],[-13.27892,15.75668],[-13.27998,15.75769],[-13.28186,15.75967],[-13.2832,15.76068],[-13.28427,15.76121],[-13.28523,15.76154],[-13.28619,15.76208],[-13.29004,15.76482],[-13.2908,15.76558],[-13.29121,15.76621],[-13.29208,15.76789],[-13.29246,15.76923],[-13.29241,15.77048],[-13.29146,15.7735],[-13.29129,15.77456],[-13.29128,15.77636],[-13.29105,15.77831],[-13.29034,15.77979],[-13.28969,15.78177],[-13.28853,15.7842],[-13.28776,15.78531],[-13.28688,15.7862],[-13.28572,15.787],[-13.28388,15.7878],[-13.28296,15.78802],[-13.28118,15.78818],[-13.27976,15.78815],[-13.27915,15.78792],[-13.27771,15.78707],[-13.27718,15.78653],[-13.27623,15.78521],[-13.27499,15.7841],[-13.27393,15.78343],[-13.27183,15.78259],[-13.27039,15.78227],[-13.26933,15.78225],[-13.26819,15.78244],[-13.26721,15.78281],[-13.26569,15.78373],[-13.26454,15.78467],[-13.26401,15.78569],[-13.26389,15.78701],[-13.26401,15.7887],[-13.2643,15.7901],[-13.26469,15.79109],[-13.26567,15.79299],[-13.26655,15.79422],[-13.2683,15.79572],[-13.26899,15.79617],[-13.27073,15.79704],[-13.27211,15.79829],[-13.27626,15.80147],[-13.28103,15.80497],[-13.28303,15.80672],[-13.28528,15.80842],[-13.28795,15.81074],[-13.28871,15.81148],[-13.28979,15.81278],[-13.29051,15.81385],[-13.29422,15.81593],[-13.29528,15.81706],[-13.29617,15.81873],[-13.29719,15.8212],[-13.298,15.82356],[-13.29818,15.82466],[-13.29834,15.82734],[-13.29833,15.82909],[-13.2985,15.83064],[-13.29915,15.83401],[-13.2995,15.83639],[-13.29953,15.83741],[-13.29939,15.83934],[-13.29975,15.84166],[-13.30018,15.84321],[-13.30025,15.84466],[-13.30004,15.84616],[-13.29976,15.84737],[-13.29831,15.85178],[-13.29699,15.85538],[-13.29666,15.85704],[-13.29658,15.85876],[-13.29668,15.86089],[-13.297,15.86342],[-13.29743,15.8659],[-13.29776,15.86723],[-13.29834,15.86871],[-13.29902,15.87003],[-13.29986,15.87186],[-13.30069,15.87282],[-13.3017,15.87373],[-13.30373,15.87525],[-13.30471,15.87623],[-13.30578,15.87716],[-13.30665,15.87778],[-13.3089,15.87914],[-13.31148,15.88041],[-13.31561,15.88271],[-13.31734,15.88375],[-13.31923,15.88474],[-13.32047,15.88558],[-13.32265,15.88731],[-13.32363,15.88847],[-13.32493,15.89053],[-13.32543,15.89141],[-13.32605,15.8928],[-13.32641,15.89398],[-13.32681,15.89582],[-13.3268,15.89726],[-13.32665,15.89918],[-13.3263,15.90032],[-13.32518,15.9026],[-13.32444,15.90388],[-13.32323,15.90559],[-13.32246,15.90647],[-13.32089,15.90789],[-13.31841,15.90993],[-13.31731,15.91078],[-13.31485,15.91253],[-13.31364,15.9136],[-13.31159,15.91579],[-13.31092,15.91692],[-13.3106,15.91789],[-13.3104,15.91935],[-13.31048,15.92058],[-13.31088,15.92212],[-13.31213,15.92526],[-13.31259,15.9261],[-13.31378,15.92741],[-13.31524,15.9293],[-13.31628,15.9302],[-13.31737,15.93067],[-13.31873,15.93092],[-13.32063,15.93113],[-13.32141,15.93113],[-13.3222,15.93088],[-13.32327,15.93025],[-13.32476,15.92997],[-13.3258,15.93003],[-13.32731,15.93041],[-13.32839,15.93089],[-13.32976,15.93162],[-13.3318,15.93253],[-13.3344,15.93393],[-13.33696,15.93543],[-13.33893,15.93672],[-13.34025,15.93776],[-13.34266,15.93985],[-13.34498,15.9421],[-13.34574,15.94295],[-13.34704,15.94459],[-13.34871,15.94655],[-13.35083,15.94929],[-13.35373,15.95346],[-13.35526,15.95589],[-13.35673,15.95843],[-13.35804,15.96103],[-13.35913,15.96305],[-13.36005,15.96507],[-13.361,15.96689],[-13.36247,15.96994],[-13.36304,15.97157],[-13.36358,15.97354],[-13.36426,15.97515],[-13.36467,15.97653],[-13.36497,15.97788],[-13.36529,15.97886],[-13.36534,15.97957],[-13.36522,15.9809],[-13.36483,15.98365],[-13.36447,15.98556],[-13.36313,15.99048],[-13.36255,15.99283],[-13.36175,15.99527],[-13.36163,15.99634],[-13.36186,15.9973],[-13.36328,15.99991],[-13.36404,16.00086],[-13.36525,16.00184],[-13.36657,16.00259],[-13.3674,16.00322],[-13.36937,16.00533],[-13.36994,16.00602],[-13.37067,16.00724],[-13.37198,16.00881],[-13.37272,16.00991],[-13.37347,16.01133],[-13.37401,16.01206],[-13.3747,16.01276],[-13.3757,16.01401],[-13.37669,16.01542],[-13.37708,16.01612],[-13.37738,16.01713],[-13.37739,16.01777],[-13.37712,16.01972],[-13.37627,16.02162],[-13.37662,16.02253],[-13.37689,16.02421],[-13.3769,16.02509],[-13.37674,16.02655],[-13.37591,16.03127],[-13.37584,16.03255],[-13.37559,16.03444],[-13.37515,16.03682],[-13.37423,16.04135],[-13.37374,16.04326],[-13.3725,16.04683],[-13.37226,16.04802],[-13.37222,16.0489],[-13.37252,16.05087],[-13.37281,16.05208],[-13.3732,16.05312],[-13.37398,16.05463],[-13.37465,16.05567],[-13.37539,16.05651],[-13.37724,16.0575],[-13.3794,16.05945],[-13.38054,16.0604],[-13.38177,16.06127],[-13.38353,16.06227],[-13.38633,16.06344],[-13.38728,16.06363],[-13.38846,16.06357],[-13.38926,16.06318],[-13.39016,16.06332],[-13.39189,16.06382],[-13.39468,16.06503],[-13.39854,16.06655],[-13.40043,16.06724],[-13.40211,16.06793],[-13.40375,16.06873],[-13.40542,16.06943],[-13.40799,16.07035],[-13.41055,16.07116],[-13.41265,16.0719],[-13.41416,16.07252],[-13.41708,16.07383],[-13.42278,16.0759],[-13.42766,16.07781],[-13.43052,16.07887],[-13.4326,16.07972],[-13.43396,16.08035],[-13.43608,16.08156],[-13.43966,16.08343],[-13.44199,16.08458],[-13.4438,16.08556],[-13.44569,16.0868],[-13.44674,16.08773],[-13.44771,16.08878],[-13.44862,16.08955],[-13.45023,16.09139],[-13.45129,16.09229],[-13.45195,16.09302],[-13.45306,16.09482],[-13.45373,16.09625],[-13.45415,16.09777],[-13.45477,16.10078],[-13.45518,16.10232],[-13.45546,16.10374],[-13.45573,16.10627],[-13.45602,16.10746],[-13.45631,16.1079],[-13.45761,16.1088],[-13.45917,16.10962],[-13.46006,16.10983],[-13.46147,16.10979],[-13.46492,16.10888],[-13.4669,16.10822],[-13.46887,16.10741],[-13.47068,16.10639],[-13.47143,16.10571],[-13.47272,16.10477],[-13.47401,16.10328],[-13.47582,16.10148],[-13.47748,16.09924],[-13.47853,16.09728],[-13.47983,16.0941],[-13.48042,16.09236],[-13.48085,16.09138],[-13.48222,16.08873],[-13.483,16.08753],[-13.48427,16.08537],[-13.48495,16.08455],[-13.48737,16.08235],[-13.48818,16.08241],[-13.48898,16.08208],[-13.48976,16.08209],[-13.49201,16.0828],[-13.49356,16.08304],[-13.49579,16.08353],[-13.49897,16.08377],[-13.50035,16.08397],[-13.50214,16.08463],[-13.50494,16.08742],[-13.50709,16.08978],[-13.50872,16.09148],[-13.50972,16.09282],[-13.51013,16.09351],[-13.5127,16.09851],[-13.51324,16.09984],[-13.51364,16.10166],[-13.51368,16.10261],[-13.51347,16.10471],[-13.51281,16.10697],[-13.51207,16.10861],[-13.51065,16.11127],[-13.5097,16.11287],[-13.50893,16.11399],[-13.50811,16.11494],[-13.50664,16.11637],[-13.50394,16.11873],[-13.50287,16.11954],[-13.49997,16.12146],[-13.49811,16.12258],[-13.49538,16.124],[-13.49404,16.12458],[-13.49162,16.12528],[-13.49034,16.12553],[-13.48811,16.12575],[-13.48709,16.12594],[-13.48576,16.12634],[-13.48157,16.12731],[-13.48085,16.12735],[-13.47906,16.12729],[-13.47832,16.12757],[-13.47766,16.12807],[-13.47628,16.12867],[-13.47527,16.12975],[-13.47421,16.13143],[-13.47365,16.13289],[-13.47365,16.13433],[-13.47438,16.1372],[-13.47483,16.13803],[-13.47577,16.13887],[-13.476,16.13924],[-13.47742,16.14213],[-13.47876,16.14423],[-13.48005,16.14564],[-13.48107,16.14634],[-13.48215,16.14687],[-13.48498,16.14855],[-13.4858,16.14887],[-13.48716,16.14903],[-13.48847,16.14899],[-13.48976,16.14928],[-13.49031,16.14916],[-13.49073,16.14841],[-13.49145,16.1479],[-13.4917,16.14713],[-13.49147,16.14649],[-13.49151,16.14542],[-13.49196,16.14441],[-13.49244,16.14404],[-13.49339,16.14386],[-13.49377,16.14279],[-13.49454,16.14219],[-13.49699,16.14105],[-13.49843,16.14021],[-13.49953,16.13938],[-13.50056,16.1389],[-13.50327,16.13724],[-13.50458,16.13635],[-13.50732,16.13419],[-13.5087,16.13286],[-13.50956,16.13218],[-13.51198,16.13048],[-13.51354,16.12955],[-13.51425,16.12904],[-13.51542,16.12791],[-13.51592,16.1276],[-13.51701,16.12754],[-13.51788,16.12727],[-13.51944,16.12641],[-13.52072,16.12584],[-13.52223,16.12542],[-13.52354,16.1253],[-13.52445,16.12542],[-13.5261,16.12585],[-13.52786,16.12611],[-13.53114,16.12676],[-13.53271,16.12725],[-13.53374,16.12789],[-13.53539,16.12924],[-13.53657,16.13007],[-13.53735,16.13049],[-13.54091,16.13189],[-13.54429,16.13307],[-13.54763,16.13414],[-13.55034,16.13491],[-13.55488,16.136],[-13.55616,16.13622],[-13.55864,16.13643],[-13.5607,16.13646],[-13.56287,16.1364],[-13.56506,16.1365],[-13.56659,16.13633],[-13.56787,16.13605],[-13.57122,16.1351],[-13.57264,16.13503],[-13.57394,16.13474],[-13.57482,16.13431],[-13.57731,16.13362],[-13.57864,16.13337],[-13.58002,16.13321],[-13.58177,16.13267],[-13.58425,16.13139],[-13.58544,16.13058],[-13.58626,16.13015],[-13.58695,16.12948],[-13.58976,16.12795],[-13.59082,16.12749],[-13.59485,16.12606],[-13.597,16.12533],[-13.59849,16.12465],[-13.59998,16.12378],[-13.60212,16.12279],[-13.60382,16.12192],[-13.60903,16.11969],[-13.61119,16.11854],[-13.61277,16.11783],[-13.61393,16.11722],[-13.61577,16.11642],[-13.61689,16.11569],[-13.62041,16.11355],[-13.62273,16.11256],[-13.62632,16.11091],[-13.62906,16.10971],[-13.63061,16.10896],[-13.63212,16.10832],[-13.63417,16.10764],[-13.63531,16.10743],[-13.63718,16.10744],[-13.63941,16.10718],[-13.64182,16.10703],[-13.64387,16.1071],[-13.64516,16.10729],[-13.64678,16.10765],[-13.6502,16.10859],[-13.65315,16.10965],[-13.6561,16.1104],[-13.65763,16.11061],[-13.65954,16.1106],[-13.66109,16.11028],[-13.66332,16.10932],[-13.66502,16.10806],[-13.66592,16.10757],[-13.66631,16.10718],[-13.66774,16.10517],[-13.66859,16.10414],[-13.67257,16.09985],[-13.67358,16.09883],[-13.67594,16.09707],[-13.67793,16.09619],[-13.67921,16.09584],[-13.68088,16.09558],[-13.68158,16.0957],[-13.68314,16.09649],[-13.68424,16.09714],[-13.68669,16.09905],[-13.68867,16.10091],[-13.69039,16.10271],[-13.69209,16.10431],[-13.69375,16.10578],[-13.69569,16.10762],[-13.69767,16.10936],[-13.70048,16.11163],[-13.70301,16.11388],[-13.70415,16.11506],[-13.70537,16.11649],[-13.7069,16.1185],[-13.70799,16.12011],[-13.70944,16.12239],[-13.71234,16.12683],[-13.71392,16.12963],[-13.71475,16.13093],[-13.71526,16.132],[-13.71638,16.13522],[-13.71739,16.13768],[-13.71909,16.13601],[-13.72107,16.13301],[-13.72455,16.12336],[-13.72629,16.11505],[-13.72811,16.10524],[-13.73088,16.09697],[-13.73207,16.09084],[-13.73336,16.08678],[-13.73547,16.07819],[-13.73731,16.06971],[-13.73895,16.0626],[-13.74139,16.05333],[-13.74237,16.04645],[-13.8056,16.02364],[-13.82566,16.01582],[-13.84021,16.00997],[-13.84299,16.00891],[-13.84531,16.00761],[-13.84679,16.00615],[-13.84853,16.00413],[-13.84971,16.00151],[-13.84986,16.0004],[-13.85062,15.99605],[-13.85104,15.99121],[-13.85167,15.99043],[-13.85232,15.98906],[-13.87942,15.96162],[-13.90523,15.93291],[-13.93361,15.90674],[-13.96069,15.8793],[-13.9874,15.84914],[-14.00001,15.83563],[-14.00834,15.82684],[-14.01507,15.82009],[-14.02197,15.81292],[-14.03516,15.79998],[-14.04674,15.78859],[-14.06133,15.77438],[-14.07671,15.75892],[-14.08726,15.74822],[-14.10874,15.72693],[-14.12644,15.70938],[-14.1318,15.70405],[-14.14468,15.69153],[-14.20397,15.63355],[-14.22863,15.60835],[-14.23289,15.60173],[-14.24844,15.57296],[-14.20249,15.56998],[-14.01746,15.55334],[-13.99999,15.55193],[-13.85921,15.53923],[-13.77787,15.49642],[-13.69439,15.42814],[-13.60533,15.37864],[-13.60106,15.37626],[-13.47252,15.3047],[-13.44937,15.29169],[-13.44855,15.29285],[-13.44807,15.29373],[-13.4471,15.29578],[-13.44618,15.29754],[-13.44516,15.29895],[-13.44308,15.30143],[-13.44204,15.30301],[-13.44038,15.3074],[-13.44023,15.30887],[-13.43968,15.31033],[-13.43954,15.31184],[-13.43927,15.3129],[-13.43886,15.31389],[-13.43821,15.315],[-13.43718,15.31638],[-13.4357,15.31796],[-13.43434,15.3192],[-13.43325,15.32037],[-13.43256,15.32098],[-13.43038,15.32272],[-13.42929,15.32374],[-13.42785,15.32556],[-13.42637,15.32686],[-13.42393,15.32968],[-13.42288,15.33107],[-13.42125,15.33339],[-13.42067,15.33432],[-13.4195,15.33643],[-13.41887,15.33783],[-13.41837,15.33983],[-13.41763,15.34187],[-13.4159,15.34601],[-13.41506,15.3487],[-13.4147,15.35028],[-13.41444,15.35203],[-13.41419,15.35308],[-13.41361,15.35493],[-13.41254,15.35764],[-13.41181,15.36026],[-13.411,15.36209],[-13.40808,15.36763],[-13.40747,15.36857],[-13.40611,15.37024],[-13.40504,15.37198],[-13.40441,15.3727],[-13.40338,15.37359],[-13.40269,15.37442],[-13.40206,15.37611],[-13.40152,15.37722],[-13.40049,15.37878],[-13.39755,15.38258],[-13.39667,15.38346],[-13.39515,15.38472],[-13.39407,15.38575],[-13.39256,15.38736],[-13.39124,15.38898],[-13.39015,15.39011],[-13.38745,15.39253],[-13.38426,15.3952],[-13.38212,15.39708],[-13.3784,15.39993],[-13.37407,15.40357],[-13.37147,15.40534],[-13.36958,15.40644],[-13.36691,15.40846],[-13.36402,15.41018],[-13.36291,15.41093],[-13.36159,15.41211],[-13.35987,15.41336],[-13.35808,15.41507],[-13.35674,15.41661],[-13.35577,15.41795],[-13.35397,15.41991],[-13.3526,15.42175],[-13.35058,15.42411],[-13.35007,15.42505],[-13.34966,15.42553],[-13.34893,15.42591],[-13.34764,15.42633],[-13.34602,15.42668],[-13.34434,15.42731],[-13.34189,15.42845],[-13.338,15.43035],[-13.33538,15.43147],[-13.33443,15.43181],[-13.33181,15.43259],[-13.33051,15.43291],[-13.329,15.43311],[-13.32749,15.43353],[-13.32549,15.43428],[-13.32257,15.43545],[-13.32043,15.43615],[-13.31684,15.43764],[-13.31537,15.43815],[-13.31323,15.43855],[-13.31082,15.43932],[-13.30869,15.44033],[-13.30713,15.44093],[-13.30433,15.44164],[-13.30096,15.44287],[-13.2985,15.44367],[-13.2942,15.44534],[-13.29151,15.44631],[-13.28784,15.44752],[-13.28676,15.44792],[-13.28333,15.4494],[-13.28101,15.45027],[-13.27937,15.45073],[-13.27514,15.45179],[-13.27215,15.45276],[-13.26814,15.45417],[-13.2637,15.4558],[-13.25541,15.45905],[-13.2525,15.46001],[-13.24959,15.46086],[-13.24591,15.46184],[-13.24229,15.46294],[-13.2409,15.46343],[-13.23809,15.46451],[-13.23492,15.46582],[-13.23332,15.46634],[-13.22936,15.46723],[-13.22784,15.46778],[-13.22543,15.46882],[-13.22377,15.46936],[-13.22108,15.47012],[-13.21775,15.47123],[-13.21693,15.47144],[-13.21464,15.47182],[-13.21274,15.47241],[-13.21145,15.47298],[-13.21015,15.47376],[-13.21036,15.47472],[-13.21121,15.47565],[-13.21306,15.47699],[-13.21675,15.47926],[-13.21812,15.48032],[-13.21844,15.48076],[-13.21916,15.48298],[-13.21983,15.48421],[-13.22011,15.48501],[-13.21987,15.48706],[-13.21985,15.48869],[-13.21952,15.49011],[-13.21875,15.49174],[-13.21722,15.4944],[-13.21666,15.49519],[-13.21494,15.49655],[-13.21459,15.49725],[-13.21348,15.50016],[-13.21309,15.50185],[-13.21286,15.50248],[-13.2121,15.50353],[-13.21153,15.50494],[-13.21167,15.50658],[-13.21164,15.50762],[-13.21145,15.50823],[-13.21024,15.5096],[-13.20903,15.51068],[-13.20704,15.51188],[-13.20649,15.51199],[-13.20499,15.51206],[-13.20439,15.51218],[-13.20382,15.51264],[-13.20293,15.51381],[-13.20174,15.51485],[-13.20071,15.51603],[-13.20018,15.51683],[-13.19882,15.51947],[-13.19868,15.52036],[-13.19866,15.52284],[-13.19846,15.52389],[-13.19775,15.52554],[-13.19627,15.52697],[-13.1959,15.52772],[-13.19544,15.52824],[-13.19471,15.52865],[-13.19324,15.52902],[-13.19245,15.52947],[-13.19117,15.53099],[-13.19074,15.53228],[-13.18968,15.53437],[-13.18851,15.53691],[-13.18772,15.53916],[-13.18495,15.54539],[-13.18368,15.54853],[-13.18282,15.55112],[-13.18246,15.55204],[-13.18088,15.55546],[-13.17981,15.55814],[-13.17745,15.56446],[-13.17692,15.56564],[-13.17554,15.56821],[-13.1738,15.57191],[-13.17101,15.57818],[-13.17045,15.57962],[-13.16921,15.58329],[-13.16826,15.58633],[-13.16725,15.58872],[-13.16606,15.59111],[-13.16495,15.59364],[-13.16372,15.59678],[-13.16219,15.60095],[-13.16091,15.60402],[-13.15983,15.60708],[-13.15932,15.60833],[-13.15813,15.61063],[-13.15724,15.61266]]]},"properties":{"slug":"matam","name":"Matam","department":"Matam","code":"SN0902","parent":"region-matam"}},{"type":"Feature","geometry":{"type":"Polygon","coordinates":[[[-16.13662,16.00558],[-16.14134,16.00571],[-16.15166,16.00593],[-16.16088,16.00599],[-16.16412,16.00604],[-16.16927,16.0062],[-16.1757,16.00647],[-16.19859,16.02314],[-16.2021,16.02575],[-16.20972,16.0315],[-16.21382,16.0345],[-16.2173,16.03694],[-16.22093,16.0394],[-16.22265,16.04079],[-16.22371,16.0415],[-16.22463,16.04183],[-16.22581,16.04191],[-16.22694,16.04147],[-16.22747,16.04091],[-16.22749,16.04037],[-16.22701,16.03938],[-16.22439,16.0356],[-16.22298,16.03376],[-16.2207,16.03108],[-16.21943,16.02946],[-16.21797,16.02711],[-16.21731,16.02566],[-16.21724,16.02386],[-16.21772,16.02347],[-16.21873,16.02348],[-16.21974,16.02333],[-16.22319,16.0233],[-16.22484,16.02334],[-16.23182,16.02362],[-16.24069,16.02379],[-16.24848,16.02399],[-16.25491,16.02608],[-16.25825,16.02711],[-16.26072,16.0278],[-16.26617,16.02925],[-16.27252,16.03104],[-16.27681,16.03228],[-16.28044,16.02985],[-16.28966,16.02411],[-16.29439,16.024],[-16.29798,16.02386],[-16.30582,16.02381],[-16.33315,16.02345],[-16.33321,16.02707],[-16.33331,16.03012],[-16.3333,16.03539],[-16.33341,16.04303],[-16.33362,16.05241],[-16.33377,16.06252],[-16.33388,16.07276],[-16.33405,16.08309],[-16.33431,16.09397],[-16.33442,16.10106],[-16.33448,16.10793],[-16.33451,16.11853],[-16.33452,16.12796],[-16.33451,16.14024],[-16.33556,16.14063],[-16.33595,16.14062],[-16.33709,16.14017],[-16.33846,16.13931],[-16.33966,16.13833],[-16.34132,16.13715],[-16.34337,16.13555],[-16.34515,16.13387],[-16.34655,16.13268],[-16.34773,16.13089],[-16.34839,16.12959],[-16.34916,16.12772],[-16.34931,16.12713],[-16.3494,16.12567],[-16.34976,16.12363],[-16.35032,16.12165],[-16.35039,16.11998],[-16.35096,16.11674],[-16.35091,16.11467],[-16.3511,16.11333],[-16.35114,16.1101],[-16.35126,16.10915],[-16.35159,16.10773],[-16.35271,16.10481],[-16.35341,16.10323],[-16.35467,16.10084],[-16.35557,16.09943],[-16.35646,16.09833],[-16.3573,16.09701],[-16.35844,16.09573],[-16.35989,16.09393],[-16.36093,16.09313],[-16.36235,16.09234],[-16.36329,16.09212],[-16.3647,16.09254],[-16.36502,16.09323],[-16.36463,16.0946],[-16.36449,16.09548],[-16.36465,16.09599],[-16.36527,16.09702],[-16.36599,16.0976],[-16.36659,16.09849],[-16.36754,16.09935],[-16.36762,16.09992],[-16.36688,16.10053],[-16.36413,16.1013],[-16.36292,16.10194],[-16.3625,16.10275],[-16.3625,16.10357],[-16.36303,16.10473],[-16.36438,16.10607],[-16.36522,16.10662],[-16.36589,16.10684],[-16.36722,16.10697],[-16.3681,16.10691],[-16.36939,16.10665],[-16.37078,16.10624],[-16.37285,16.10547],[-16.37492,16.10453],[-16.37791,16.10228],[-16.37995,16.101],[-16.38147,16.1002],[-16.38294,16.09953],[-16.38468,16.09912],[-16.38651,16.099],[-16.38747,16.0991],[-16.38946,16.09945],[-16.39097,16.09958],[-16.39194,16.09942],[-16.39278,16.09894],[-16.39436,16.09842],[-16.39567,16.09766],[-16.39749,16.09675],[-16.39836,16.09592],[-16.39917,16.09467],[-16.39985,16.09343],[-16.40097,16.09254],[-16.40489,16.0904],[-16.40685,16.08948],[-16.40855,16.08882],[-16.40942,16.08821],[-16.41041,16.087],[-16.41069,16.08612],[-16.41057,16.0845],[-16.41066,16.08395],[-16.41109,16.08307],[-16.41156,16.08264],[-16.41268,16.08197],[-16.41382,16.08109],[-16.41622,16.07945],[-16.41677,16.07915],[-16.41758,16.07901],[-16.41822,16.07915],[-16.4199,16.07986],[-16.42139,16.08019],[-16.42234,16.08022],[-16.4232,16.08007],[-16.42468,16.07949],[-16.42603,16.07872],[-16.42781,16.0775],[-16.42986,16.07594],[-16.4321,16.07465],[-16.43297,16.07436],[-16.4341,16.07426],[-16.43516,16.0743],[-16.43659,16.07456],[-16.43897,16.07545],[-16.44073,16.07628],[-16.44241,16.07648],[-16.4432,16.07629],[-16.44398,16.07585],[-16.44543,16.07402],[-16.44699,16.0716],[-16.44857,16.06961],[-16.4494,16.06881],[-16.451,16.06756],[-16.45181,16.06679],[-16.45271,16.06617],[-16.45401,16.06589],[-16.45711,16.06633],[-16.46029,16.06694],[-16.46198,16.06687],[-16.46353,16.06651],[-16.46607,16.0661],[-16.4682,16.0654],[-16.46928,16.06515],[-16.47014,16.06509],[-16.47135,16.06517],[-16.47517,16.06567],[-16.47715,16.0661],[-16.4785,16.06663],[-16.48055,16.06766],[-16.48206,16.0666],[-16.48413,16.06476],[-16.48586,16.06287],[-16.48751,16.06124],[-16.48817,16.06033],[-16.48851,16.06009],[-16.48916,16.06025],[-16.48932,16.06059],[-16.48923,16.0616],[-16.48896,16.06251],[-16.48888,16.06378],[-16.48936,16.06659],[-16.48964,16.06767],[-16.49022,16.0687],[-16.49202,16.07088],[-16.49306,16.07246],[-16.4965,16.07497],[-16.49722,16.07506],[-16.49854,16.07421],[-16.49996,16.07243],[-16.50239,16.07048],[-16.50316,16.07002],[-16.50434,16.06948],[-16.50607,16.06814],[-16.50707,16.06755],[-16.5076,16.06666],[-16.50821,16.06425],[-16.50863,16.06182],[-16.50868,16.06119],[-16.50848,16.05707],[-16.50851,16.0555],[-16.5087,16.05146],[-16.50876,16.04897],[-16.50889,16.04877],[-16.509,16.04733],[-16.50967,16.04327],[-16.50987,16.04139],[-16.50988,16.04011],[-16.50966,16.03887],[-16.50945,16.03833],[-16.50935,16.03717],[-16.50955,16.03363],[-16.50948,16.03236],[-16.50918,16.03188],[-16.5093,16.03097],[-16.50948,16.0274],[-16.50977,16.02374],[-16.5099,16.02146],[-16.50981,16.01972],[-16.50957,16.01808],[-16.50966,16.01694],[-16.51036,16.01303],[-16.51111,16.00369],[-16.51176,16.00005],[-16.51183,15.9992],[-16.51231,15.99594],[-16.51267,15.99391],[-16.51327,15.99146],[-16.51343,15.98933],[-16.5137,15.9879],[-16.51381,15.98653],[-16.51383,15.98502],[-16.51395,15.9826],[-16.5139,15.9803],[-16.51365,15.9784],[-16.5137,15.97642],[-16.51359,15.97507],[-16.51376,15.97185],[-16.5137,15.97077],[-16.51338,15.96954],[-16.51284,15.96845],[-16.51219,15.96764],[-16.51125,15.96696],[-16.51104,15.9662],[-16.51111,15.9651],[-16.51098,15.96299],[-16.51102,15.96235],[-16.51147,15.9625],[-16.5122,15.96213],[-16.51355,15.96112],[-16.51409,15.96049],[-16.51436,15.95938],[-16.51471,15.95687],[-16.51521,15.95177],[-16.51603,15.94805],[-16.51613,15.94693],[-16.51623,15.94407],[-16.51624,15.94005],[-16.51613,15.93801],[-16.51629,15.93629],[-16.5164,15.93315],[-16.51689,15.9286],[-16.51711,15.92517],[-16.51717,15.92215],[-16.51727,15.92133],[-16.51772,15.91977],[-16.5179,15.91867],[-16.51801,15.9166],[-16.51808,15.91358],[-16.51833,15.91074],[-16.51899,15.90604],[-16.51915,15.90436],[-16.51928,15.90187],[-16.51955,15.89791],[-16.51986,15.88944],[-16.5198,15.8877],[-16.51996,15.88579],[-16.52025,15.88402],[-16.52045,15.88227],[-16.52073,15.87891],[-16.52151,15.87255],[-16.52169,15.87024],[-16.52193,15.86886],[-16.52245,15.86667],[-16.52256,15.86533],[-16.52251,15.86394],[-16.52231,15.86177],[-16.52239,15.85974],[-16.52274,15.85654],[-16.52298,15.8548],[-16.52359,15.85109],[-16.52449,15.8462],[-16.52495,15.8432],[-16.52549,15.84047],[-16.52664,15.83642],[-16.52741,15.83335],[-16.52851,15.82853],[-16.5122,15.8294],[-16.50878,15.82954],[-16.50212,15.82999],[-16.49548,15.83015],[-16.48343,15.83099],[-16.47844,15.83119],[-16.47207,15.83119],[-16.46548,15.83139],[-16.45962,15.83142],[-16.45147,15.83153],[-16.44225,15.83163],[-16.43146,15.8317],[-16.42261,15.83188],[-16.41437,15.8321],[-16.40083,15.83214],[-16.39519,15.83222],[-16.38764,15.83214],[-16.37097,15.83213],[-16.3652,15.83225],[-16.35923,15.83217],[-16.35795,15.83225],[-16.35654,15.83221],[-16.32037,15.85101],[-16.31799,15.85158],[-16.3043,15.85374],[-16.30006,15.85442],[-16.29713,15.85483],[-16.29336,15.85519],[-16.29231,15.85533],[-16.29108,15.85621],[-16.28023,15.87024],[-16.25427,15.90206],[-16.25133,15.90419],[-16.24288,15.90917],[-16.23029,15.91539],[-16.22745,15.91726],[-16.22293,15.92039],[-16.22054,15.92212],[-16.21678,15.92497],[-16.20251,15.93643],[-16.19094,15.94526],[-16.18579,15.94867],[-16.17772,15.95553],[-16.17387,15.95802],[-16.17111,15.95986],[-16.16823,15.96231],[-16.16438,15.96604],[-16.16232,15.96965],[-16.15964,15.9732],[-16.15826,15.97544],[-16.15309,15.98475],[-16.14965,15.9898],[-16.14445,15.99736],[-16.14345,15.99872],[-16.13999,16.003],[-16.13843,16.00452],[-16.13662,16.00558]]]},"properties":{"slug":"saint-louis","name":"Saint Louis","department":"Saint Louis","code":"SN1003","parent":"region-saint-louis"}},{"type":"Feature","geometry":{"type":"Polygon","coordinates":[[[-13.71739,16.13768],[-13.71789,16.13923],[-13.71859,16.14173],[-13.71887,16.14354],[-13.71889,16.1446],[-13.71865,16.14587],[-13.71785,16.14654],[-13.71747,16.14752],[-13.71676,16.14844],[-13.71486,16.14994],[-13.71168,16.15225],[-13.71069,16.15303],[-13.70889,16.15459],[-13.70682,16.15626],[-13.70583,16.15715],[-13.70475,16.15846],[-13.70434,16.15923],[-13.70395,16.16055],[-13.70386,16.16121],[-13.70344,16.16174],[-13.70312,16.16279],[-13.70237,16.16369],[-13.70203,16.16455],[-13.70122,16.16747],[-13.70106,16.16875],[-13.70097,16.17165],[-13.70107,16.17285],[-13.70137,16.17425],[-13.70212,16.17655],[-13.7026,16.17763],[-13.70339,16.1789],[-13.70414,16.17978],[-13.70535,16.18068],[-13.70704,16.1816],[-13.70848,16.18227],[-13.70929,16.18245],[-13.71077,16.1823],[-13.71149,16.18232],[-13.71517,16.18287],[-13.71627,16.18297],[-13.71734,16.18293],[-13.71909,16.18242],[-13.71992,16.18201],[-13.72129,16.18081],[-13.72241,16.18021],[-13.72282,16.17984],[-13.72383,16.1785],[-13.72538,16.17724],[-13.72715,16.17554],[-13.72786,16.17466],[-13.72928,16.17355],[-13.7307,16.17198],[-13.73234,16.17076],[-13.73282,16.17029],[-13.73333,16.16941],[-13.73356,16.16872],[-13.73354,16.16781],[-13.73421,16.16651],[-13.73463,16.16535],[-13.7352,16.1643],[-13.73616,16.16311],[-13.73708,16.16223],[-13.73837,16.16041],[-13.73963,16.15903],[-13.7432,16.15477],[-13.74473,16.15342],[-13.74726,16.15163],[-13.74926,16.15036],[-13.75049,16.14972],[-13.75283,16.14875],[-13.75452,16.14795],[-13.75709,16.14704],[-13.75852,16.14642],[-13.7601,16.14586],[-13.76177,16.14546],[-13.7638,16.14519],[-13.76577,16.14464],[-13.76885,16.14388],[-13.77148,16.14315],[-13.77298,16.14283],[-13.77438,16.14262],[-13.77758,16.14229],[-13.77913,16.14235],[-13.78097,16.14267],[-13.78433,16.14354],[-13.79077,16.14479],[-13.79266,16.14495],[-13.79419,16.14479],[-13.79512,16.14479],[-13.79612,16.14449],[-13.7974,16.1444],[-13.79867,16.14401],[-13.79966,16.14315],[-13.80174,16.14163],[-13.80427,16.14046],[-13.80552,16.13995],[-13.80805,16.1391],[-13.81052,16.13814],[-13.81354,16.13674],[-13.81422,16.13617],[-13.81557,16.1354],[-13.81791,16.13432],[-13.82052,16.13289],[-13.82169,16.13236],[-13.82315,16.13131],[-13.82515,16.1296],[-13.8267,16.12851],[-13.82742,16.12791],[-13.82919,16.12602],[-13.83129,16.12362],[-13.8328,16.122],[-13.83416,16.11997],[-13.83616,16.11709],[-13.83679,16.11629],[-13.83763,16.11542],[-13.8383,16.11447],[-13.83878,16.11346],[-13.83939,16.1126],[-13.8418,16.10972],[-13.84272,16.1088],[-13.84444,16.1074],[-13.84505,16.10702],[-13.84635,16.10664],[-13.84749,16.10683],[-13.84844,16.10732],[-13.84916,16.10795],[-13.84979,16.10873],[-13.85044,16.10981],[-13.85086,16.11087],[-13.85168,16.11418],[-13.85266,16.11697],[-13.85317,16.11924],[-13.85354,16.12174],[-13.85382,16.12437],[-13.85418,16.12587],[-13.85472,16.12702],[-13.85551,16.12788],[-13.85664,16.12853],[-13.85743,16.12879],[-13.85911,16.12912],[-13.86091,16.12971],[-13.86208,16.12959],[-13.86341,16.12974],[-13.86493,16.1302],[-13.86592,16.13082],[-13.86652,16.13149],[-13.86684,16.13243],[-13.86669,16.13677],[-13.86681,16.13811],[-13.86748,16.14027],[-13.86837,16.14234],[-13.86945,16.14413],[-13.86997,16.14523],[-13.8705,16.14602],[-13.87134,16.14693],[-13.87297,16.14831],[-13.8742,16.14942],[-13.87521,16.1506],[-13.87655,16.15268],[-13.87749,16.15372],[-13.87806,16.15462],[-13.87839,16.15608],[-13.87845,16.15688],[-13.87834,16.15912],[-13.87813,16.16222],[-13.87796,16.16311],[-13.87746,16.16504],[-13.87683,16.16816],[-13.87638,16.16959],[-13.87572,16.1709],[-13.87476,16.17221],[-13.87292,16.17406],[-13.8719,16.17516],[-13.87071,16.17603],[-13.87005,16.17668],[-13.86874,16.17832],[-13.86795,16.1796],[-13.86764,16.18032],[-13.86738,16.1815],[-13.86734,16.18339],[-13.86762,16.18561],[-13.86803,16.18725],[-13.86839,16.18813],[-13.86956,16.18968],[-13.87458,16.19476],[-13.87641,16.19642],[-13.87821,16.19775],[-13.87963,16.19853],[-13.88157,16.1992],[-13.88345,16.19949],[-13.88452,16.19944],[-13.88576,16.19912],[-13.88772,16.19821],[-13.88922,16.19698],[-13.89029,16.1962],[-13.89131,16.19561],[-13.89206,16.19486],[-13.895,16.19313],[-13.89572,16.19282],[-13.89788,16.19226],[-13.89879,16.19211],[-13.89967,16.19144],[-13.9004,16.1911],[-13.9024,16.19122],[-13.90357,16.19161],[-13.90539,16.19248],[-13.90714,16.19345],[-13.90842,16.19405],[-13.90962,16.19471],[-13.91164,16.1961],[-13.91335,16.19757],[-13.91446,16.19868],[-13.91539,16.19987],[-13.91587,16.20065],[-13.91648,16.20198],[-13.91681,16.20302],[-13.91713,16.2048],[-13.91737,16.20728],[-13.91759,16.20846],[-13.91797,16.20945],[-13.91813,16.21059],[-13.91806,16.21307],[-13.91815,16.21464],[-13.91834,16.21584],[-13.91865,16.217],[-13.91897,16.21874],[-13.9191,16.22022],[-13.91912,16.22163],[-13.91892,16.22463],[-13.91868,16.22634],[-13.91875,16.22765],[-13.91913,16.22937],[-13.91935,16.22987],[-13.91987,16.23036],[-13.92083,16.23076],[-13.92189,16.2308],[-13.92437,16.23004],[-13.92637,16.22863],[-13.92703,16.2283],[-13.92779,16.22821],[-13.92935,16.22781],[-13.9309,16.2276],[-13.93146,16.22764],[-13.93275,16.22821],[-13.93437,16.22929],[-13.93554,16.23035],[-13.93673,16.23155],[-13.9378,16.23292],[-13.93867,16.23451],[-13.9397,16.23522],[-13.94084,16.23571],[-13.94183,16.23575],[-13.94496,16.23466],[-13.94647,16.23389],[-13.94901,16.2331],[-13.95174,16.23235],[-13.95253,16.23204],[-13.95525,16.23049],[-13.95637,16.2294],[-13.95907,16.22779],[-13.96039,16.2271],[-13.96509,16.2249],[-13.96662,16.22409],[-13.96822,16.22351],[-13.97071,16.22295],[-13.97196,16.22296],[-13.97336,16.22333],[-13.9737,16.2239],[-13.97304,16.22538],[-13.97229,16.22673],[-13.97178,16.22851],[-13.97038,16.23284],[-13.9702,16.23382],[-13.97009,16.23581],[-13.97012,16.23753],[-13.97007,16.23982],[-13.9702,16.24505],[-13.97008,16.24611],[-13.96909,16.24895],[-13.9686,16.25015],[-13.96797,16.25134],[-13.96669,16.25327],[-13.96566,16.25462],[-13.96375,16.25688],[-13.96197,16.25884],[-13.96013,16.26069],[-13.95869,16.26184],[-13.95757,16.26257],[-13.95389,16.26512],[-13.95288,16.26597],[-13.95195,16.26698],[-13.95136,16.26793],[-13.95111,16.26872],[-13.95106,16.26975],[-13.95137,16.27108],[-13.95179,16.27174],[-13.9529,16.27264],[-13.95421,16.27335],[-13.95695,16.27459],[-13.95954,16.27555],[-13.96138,16.27604],[-13.96316,16.27665],[-13.96624,16.27692],[-13.96904,16.27694],[-13.97542,16.2767],[-13.97763,16.27647],[-13.98103,16.27581],[-13.98303,16.27524],[-13.98366,16.27517],[-13.9855,16.27517],[-13.98633,16.27534],[-13.98706,16.27572],[-13.98794,16.27663],[-13.98827,16.27741],[-13.98837,16.27908],[-13.98817,16.28191],[-13.98813,16.28441],[-13.9882,16.28657],[-13.98839,16.28942],[-13.98832,16.29283],[-13.98852,16.29527],[-13.98853,16.29689],[-13.98888,16.29937],[-13.98986,16.30128],[-13.99027,16.30315],[-13.99022,16.3048],[-13.98983,16.30605],[-13.98931,16.30687],[-13.98859,16.30748],[-13.98763,16.30808],[-13.98659,16.30847],[-13.98419,16.30899],[-13.98142,16.30975],[-13.97843,16.31037],[-13.97528,16.3105],[-13.97378,16.31041],[-13.97281,16.31046],[-13.97112,16.31002],[-13.9683,16.30878],[-13.96554,16.30733],[-13.96229,16.30598],[-13.96147,16.30589],[-13.96051,16.30611],[-13.95928,16.3068],[-13.95825,16.30764],[-13.95745,16.30851],[-13.95669,16.30991],[-13.95639,16.31111],[-13.95636,16.31181],[-13.95649,16.31337],[-13.95689,16.31498],[-13.9569,16.31588],[-13.95816,16.31696],[-13.95886,16.31783],[-13.95974,16.31934],[-13.96191,16.3238],[-13.96254,16.32488],[-13.96324,16.32568],[-13.96372,16.32655],[-13.96405,16.32752],[-13.96488,16.3289],[-13.96663,16.33105],[-13.96827,16.33261],[-13.96916,16.33337],[-13.97081,16.33455],[-13.97237,16.33528],[-13.97433,16.3358],[-13.97579,16.33599],[-13.97767,16.33588],[-13.97814,16.33594],[-13.97955,16.33652],[-13.98271,16.33753],[-13.98448,16.3382],[-13.98631,16.339],[-13.98739,16.33956],[-13.98838,16.3403],[-13.98962,16.34151],[-13.99215,16.34446],[-13.99295,16.34517],[-13.99471,16.34652],[-13.99559,16.34691],[-13.99784,16.34746],[-14.00017,16.34796],[-14.00402,16.34904],[-14.0052,16.34929],[-14.00793,16.34975],[-14.01038,16.35005],[-14.01205,16.35013],[-14.0152,16.35],[-14.01848,16.34967],[-14.02191,16.34919],[-14.02442,16.34873],[-14.02628,16.34856],[-14.02731,16.34861],[-14.02857,16.34887],[-14.02998,16.34963],[-14.03072,16.35046],[-14.03137,16.35182],[-14.03192,16.35352],[-14.03245,16.35494],[-14.03275,16.35603],[-14.03292,16.35762],[-14.03333,16.35928],[-14.0347,16.36333],[-14.03522,16.36444],[-14.03707,16.36781],[-14.03829,16.36973],[-14.03978,16.37168],[-14.04085,16.37294],[-14.0421,16.37422],[-14.04483,16.37679],[-14.04601,16.37802],[-14.04753,16.37986],[-14.04968,16.38193],[-14.05179,16.38386],[-14.05391,16.38596],[-14.05562,16.38749],[-14.05829,16.39017],[-14.05991,16.39144],[-14.06153,16.39286],[-14.06385,16.39464],[-14.06503,16.39575],[-14.06573,16.39668],[-14.06659,16.39824],[-14.06693,16.39954],[-14.06769,16.40133],[-14.06792,16.40229],[-14.06894,16.40436],[-14.06974,16.40551],[-14.07047,16.40636],[-14.07151,16.40733],[-14.07506,16.41003],[-14.07606,16.41088],[-14.07954,16.41341],[-14.08385,16.41677],[-14.08492,16.41747],[-14.08783,16.41906],[-14.08921,16.41975],[-14.09226,16.42113],[-14.09468,16.42189],[-14.09674,16.42238],[-14.0999,16.42359],[-14.10135,16.4242],[-14.1031,16.42517],[-14.10467,16.42625],[-14.10586,16.42729],[-14.10656,16.42809],[-14.10716,16.42898],[-14.10781,16.43031],[-14.10797,16.43102],[-14.10787,16.4319],[-14.10805,16.43295],[-14.10799,16.43523],[-14.10804,16.43657],[-14.10829,16.43789],[-14.10873,16.43903],[-14.10957,16.44057],[-14.11054,16.44186],[-14.11272,16.44411],[-14.11401,16.44534],[-14.11488,16.44596],[-14.11626,16.44671],[-14.1172,16.4476],[-14.11808,16.44817],[-14.11939,16.44887],[-14.12143,16.4498],[-14.12582,16.45151],[-14.12792,16.45225],[-14.12993,16.45274],[-14.13237,16.45314],[-14.13509,16.4534],[-14.13686,16.45376],[-14.13779,16.45423],[-14.13855,16.4549],[-14.13921,16.45586],[-14.13991,16.45765],[-14.14013,16.45846],[-14.1405,16.46065],[-14.14058,16.46163],[-14.14055,16.46307],[-14.14027,16.46435],[-14.13918,16.4667],[-14.13861,16.46769],[-14.13769,16.46889],[-14.13636,16.47033],[-14.13505,16.47198],[-14.13391,16.47301],[-14.13343,16.47331],[-14.1321,16.47381],[-14.13167,16.47455],[-14.13198,16.4749],[-14.13201,16.47666],[-14.13252,16.47753],[-14.13378,16.47833],[-14.13518,16.47873],[-14.13662,16.47871],[-14.13779,16.47829],[-14.13843,16.47784],[-14.14064,16.47519],[-14.14237,16.47343],[-14.14412,16.47226],[-14.14541,16.47172],[-14.14679,16.47153],[-14.14922,16.47183],[-14.1499,16.47201],[-14.15128,16.47256],[-14.15266,16.47336],[-14.15415,16.47459],[-14.15515,16.47569],[-14.15687,16.47793],[-14.15782,16.47944],[-14.15898,16.48163],[-14.16133,16.48702],[-14.16261,16.48964],[-14.16306,16.49045],[-14.16388,16.49152],[-14.1648,16.49239],[-14.16758,16.49444],[-14.16982,16.49568],[-14.17249,16.49676],[-14.17525,16.49768],[-14.1774,16.49848],[-14.17997,16.49965],[-14.18206,16.50088],[-14.18373,16.50196],[-14.18567,16.50331],[-14.18816,16.50476],[-14.19044,16.50591],[-14.19245,16.50677],[-14.19486,16.50749],[-14.1987,16.50883],[-14.19959,16.50933],[-14.20035,16.51],[-14.20153,16.51142],[-14.20244,16.51269],[-14.20287,16.51353],[-14.20352,16.51543],[-14.2037,16.51658],[-14.20386,16.51888],[-14.20375,16.52012],[-14.20341,16.52154],[-14.203,16.52258],[-14.20191,16.5245],[-14.2011,16.52556],[-14.19956,16.52739],[-14.1985,16.52806],[-14.19825,16.52891],[-14.19871,16.53081],[-14.19915,16.53151],[-14.19986,16.53215],[-14.20096,16.53262],[-14.20247,16.53268],[-14.20353,16.53294],[-14.2055,16.53388],[-14.20721,16.53483],[-14.20847,16.53507],[-14.20983,16.53585],[-14.21148,16.53737],[-14.21328,16.53916],[-14.2166,16.54226],[-14.21754,16.54303],[-14.21885,16.54385],[-14.22028,16.54448],[-14.22118,16.54476],[-14.22289,16.5451],[-14.22486,16.5453],[-14.22672,16.54558],[-14.23021,16.54628],[-14.23222,16.5466],[-14.23446,16.54686],[-14.23674,16.54722],[-14.23857,16.54736],[-14.24014,16.54732],[-14.24386,16.54709],[-14.24504,16.54692],[-14.24709,16.5463],[-14.2483,16.54572],[-14.25023,16.54446],[-14.25279,16.54218],[-14.25341,16.54153],[-14.25517,16.53873],[-14.25566,16.53785],[-14.25656,16.53562],[-14.25753,16.53242],[-14.25802,16.5305],[-14.25848,16.52821],[-14.25866,16.5269],[-14.25849,16.52515],[-14.25812,16.52403],[-14.25721,16.52197],[-14.25634,16.52021],[-14.25549,16.51876],[-14.25447,16.51741],[-14.25398,16.51653],[-14.25372,16.51581],[-14.2536,16.51477],[-14.25382,16.51426],[-14.25492,16.51377],[-14.25549,16.51384],[-14.25639,16.51452],[-14.25758,16.51592],[-14.2603,16.52182],[-14.26255,16.52698],[-14.26419,16.53037],[-14.267,16.53576],[-14.26829,16.53781],[-14.27028,16.54029],[-14.2715,16.54209],[-14.27291,16.54462],[-14.27384,16.54668],[-14.2743,16.54794],[-14.27493,16.55021],[-14.27527,16.55227],[-14.2753,16.55348],[-14.27508,16.55549],[-14.27436,16.55847],[-14.27328,16.56166],[-14.27206,16.56445],[-14.27073,16.56669],[-14.26878,16.56914],[-14.26768,16.57066],[-14.26664,16.57252],[-14.2663,16.57354],[-14.26638,16.57481],[-14.2666,16.57539],[-14.26767,16.57696],[-14.2682,16.57734],[-14.26938,16.57752],[-14.27032,16.57789],[-14.27203,16.57958],[-14.2738,16.58178],[-14.27511,16.58312],[-14.27593,16.58377],[-14.27807,16.58511],[-14.28147,16.58674],[-14.28287,16.58701],[-14.28374,16.58691],[-14.28554,16.58634],[-14.2866,16.58588],[-14.28825,16.58481],[-14.28903,16.58416],[-14.29109,16.58207],[-14.29288,16.57978],[-14.29344,16.57885],[-14.29423,16.57691],[-14.29542,16.57478],[-14.29641,16.57349],[-14.2979,16.57175],[-14.29893,16.57091],[-14.29973,16.57061],[-14.30082,16.57052],[-14.30215,16.57056],[-14.30516,16.57042],[-14.30675,16.57048],[-14.31034,16.571],[-14.31259,16.57111],[-14.31482,16.57095],[-14.31583,16.57075],[-14.31729,16.57015],[-14.31816,16.56959],[-14.31916,16.56846],[-14.31978,16.56735],[-14.32035,16.56683],[-14.32144,16.56621],[-14.32361,16.56553],[-14.32547,16.56534],[-14.32641,16.56539],[-14.32746,16.5656],[-14.32876,16.56611],[-14.32959,16.56658],[-14.33072,16.56745],[-14.33223,16.56905],[-14.33291,16.57019],[-14.33323,16.57105],[-14.33377,16.57394],[-14.33399,16.57703],[-14.33394,16.57841],[-14.33378,16.57974],[-14.33341,16.58115],[-14.33156,16.58609],[-14.33084,16.58908],[-14.3306,16.59065],[-14.33028,16.5919],[-14.32829,16.59733],[-14.32729,16.59943],[-14.32672,16.60108],[-14.32653,16.60218],[-14.32644,16.60498],[-14.32652,16.60671],[-14.32679,16.60935],[-14.32695,16.61234],[-14.32699,16.6165],[-14.32695,16.618],[-14.32676,16.62055],[-14.32644,16.62317],[-14.32623,16.62605],[-14.32619,16.62778],[-14.32625,16.6299],[-14.32647,16.63212],[-14.32694,16.63383],[-14.32775,16.63551],[-14.3281,16.63697],[-14.32835,16.63764],[-14.32891,16.63853],[-14.33001,16.63958],[-14.33157,16.64074],[-14.33302,16.64152],[-14.33449,16.64211],[-14.33575,16.64246],[-14.33725,16.64266],[-14.33899,16.64266],[-14.3409,16.64244],[-14.3459,16.64124],[-14.35035,16.6405],[-14.35252,16.63994],[-14.35478,16.63907],[-14.35706,16.63835],[-14.35857,16.63772],[-14.36118,16.63613],[-14.36355,16.63502],[-14.36504,16.63455],[-14.3669,16.63417],[-14.36797,16.6341],[-14.37021,16.63423],[-14.37119,16.63443],[-14.37347,16.6351],[-14.37543,16.63588],[-14.37742,16.63676],[-14.38005,16.63769],[-14.38129,16.63792],[-14.38279,16.63801],[-14.3867,16.63763],[-14.38876,16.63732],[-14.39083,16.63688],[-14.3939,16.63594],[-14.39499,16.63547],[-14.39623,16.63447],[-14.39767,16.63372],[-14.39871,16.63343],[-14.40113,16.63302],[-14.40414,16.63287],[-14.40576,16.63301],[-14.40701,16.63332],[-14.40772,16.63364],[-14.4088,16.63434],[-14.40937,16.63485],[-14.41059,16.63642],[-14.41119,16.63761],[-14.41234,16.64054],[-14.41288,16.64237],[-14.41318,16.64443],[-14.41325,16.64584],[-14.41318,16.64781],[-14.41346,16.64881],[-14.41404,16.64986],[-14.41519,16.6512],[-14.41612,16.65183],[-14.41834,16.65268],[-14.4202,16.65298],[-14.42107,16.65293],[-14.42225,16.65259],[-14.42312,16.6521],[-14.42381,16.65148],[-14.42467,16.64998],[-14.4256,16.64907],[-14.428,16.64753],[-14.43038,16.64625],[-14.43176,16.64535],[-14.43279,16.64458],[-14.43483,16.64288],[-14.43645,16.6416],[-14.43753,16.64058],[-14.43817,16.63984],[-14.43919,16.6383],[-14.44016,16.63636],[-14.44071,16.63497],[-14.44141,16.63281],[-14.44228,16.6308],[-14.44302,16.62929],[-14.44385,16.62798],[-14.44507,16.62634],[-14.44607,16.62535],[-14.44743,16.62432],[-14.44838,16.62381],[-14.4499,16.62341],[-14.4511,16.62341],[-14.45312,16.6237],[-14.4556,16.62395],[-14.45728,16.6242],[-14.46195,16.62506],[-14.46688,16.6261],[-14.47143,16.62694],[-14.47262,16.62705],[-14.47435,16.6271],[-14.4757,16.627],[-14.47762,16.62654],[-14.47886,16.62596],[-14.47956,16.62547],[-14.48203,16.62326],[-14.48422,16.62085],[-14.48585,16.61876],[-14.48677,16.61791],[-14.48916,16.61629],[-14.49039,16.6156],[-14.49187,16.61506],[-14.49361,16.61476],[-14.497,16.61445],[-14.49835,16.61439],[-14.49974,16.61453],[-14.50125,16.61493],[-14.50244,16.61544],[-14.5037,16.61621],[-14.50474,16.61698],[-14.5066,16.61881],[-14.50791,16.62043],[-14.50892,16.62147],[-14.51006,16.6225],[-14.51127,16.62333],[-14.51269,16.62403],[-14.51454,16.62474],[-14.51774,16.62571],[-14.52045,16.62647],[-14.52422,16.62743],[-14.52581,16.62798],[-14.52745,16.62876],[-14.52947,16.63013],[-14.53033,16.63089],[-14.53236,16.63286],[-14.53327,16.63391],[-14.53444,16.63558],[-14.53577,16.63711],[-14.53713,16.63841],[-14.53827,16.63962],[-14.53936,16.64098],[-14.54012,16.64175],[-14.54146,16.6428],[-14.54321,16.64379],[-14.54482,16.64431],[-14.54609,16.6443],[-14.54748,16.64386],[-14.54883,16.64278],[-14.54953,16.64146],[-14.55033,16.63906],[-14.5506,16.63758],[-14.55066,16.63627],[-14.55057,16.63482],[-14.55058,16.63348],[-14.55095,16.63096],[-14.55165,16.6276],[-14.55196,16.62636],[-14.55257,16.62441],[-14.55322,16.62274],[-14.55394,16.6212],[-14.55488,16.61947],[-14.55575,16.61834],[-14.55672,16.61756],[-14.55774,16.61724],[-14.55864,16.61725],[-14.55964,16.61748],[-14.56041,16.61785],[-14.56164,16.61867],[-14.56288,16.61982],[-14.56362,16.62069],[-14.5651,16.62186],[-14.56701,16.62346],[-14.56789,16.62391],[-14.56883,16.62421],[-14.57053,16.62454],[-14.57161,16.62459],[-14.57328,16.62448],[-14.57636,16.62388],[-14.57795,16.62327],[-14.58156,16.62131],[-14.583,16.62089],[-14.58563,16.62051],[-14.58698,16.62054],[-14.58878,16.6212],[-14.59056,16.62243],[-14.59262,16.62372],[-14.59357,16.6241],[-14.59433,16.62418],[-14.59541,16.62401],[-14.59706,16.62324],[-14.59857,16.62182],[-14.60047,16.6192],[-14.60111,16.61859],[-14.6024,16.61792],[-14.60391,16.61773],[-14.60507,16.61831],[-14.60574,16.61902],[-14.60675,16.62128],[-14.60726,16.62326],[-14.60756,16.62404],[-14.60843,16.62551],[-14.60927,16.62653],[-14.61066,16.62768],[-14.61202,16.62843],[-14.61414,16.62928],[-14.61545,16.6295],[-14.6201,16.62931],[-14.62341,16.62939],[-14.62557,16.62936],[-14.62768,16.62904],[-14.62885,16.62861],[-14.62995,16.62782],[-14.63126,16.62628],[-14.634,16.62143],[-14.63548,16.6195],[-14.6362,16.61879],[-14.63753,16.61771],[-14.63814,16.61743],[-14.63939,16.61741],[-14.64057,16.61783],[-14.64171,16.61862],[-14.64333,16.62015],[-14.64477,16.62164],[-14.64778,16.62443],[-14.64981,16.62672],[-14.65111,16.62841],[-14.65144,16.62902],[-14.65174,16.63007],[-14.65163,16.63128],[-14.65089,16.63218],[-14.64994,16.63269],[-14.64928,16.63284],[-14.64724,16.63301],[-14.64487,16.63312],[-14.64323,16.63312],[-14.64199,16.63354],[-14.64106,16.6343],[-14.63984,16.63617],[-14.63919,16.63778],[-14.63897,16.63906],[-14.63915,16.64146],[-14.63919,16.64303],[-14.63931,16.64404],[-14.63961,16.64533],[-14.64029,16.64671],[-14.64151,16.64805],[-14.64218,16.64863],[-14.64335,16.64939],[-14.64471,16.65],[-14.64596,16.65033],[-14.6474,16.65053],[-14.64898,16.65066],[-14.65138,16.65052],[-14.65391,16.64996],[-14.65586,16.64925],[-14.65835,16.64853],[-14.66359,16.64737],[-14.66608,16.64701],[-14.66918,16.64685],[-14.67248,16.64659],[-14.67549,16.64656],[-14.67827,16.64675],[-14.68108,16.64687],[-14.68313,16.64689],[-14.68447,16.64683],[-14.68674,16.64661],[-14.68979,16.6461],[-14.69235,16.64538],[-14.69504,16.64442],[-14.69781,16.64365],[-14.69954,16.64307],[-14.70086,16.64248],[-14.70318,16.64135],[-14.70626,16.64024],[-14.70948,16.63937],[-14.7108,16.63918],[-14.71326,16.63904],[-14.71518,16.63922],[-14.716,16.63937],[-14.71763,16.63989],[-14.71889,16.64049],[-14.7199,16.6412],[-14.72068,16.64195],[-14.72195,16.64343],[-14.72381,16.64596],[-14.72483,16.64695],[-14.72581,16.64741],[-14.72632,16.64744],[-14.72716,16.64722],[-14.72807,16.64645],[-14.72851,16.64574],[-14.72882,16.64463],[-14.72882,16.644],[-14.72858,16.64192],[-14.72819,16.63951],[-14.728,16.63765],[-14.7279,16.63566],[-14.72774,16.63431],[-14.72782,16.63377],[-14.72818,16.63316],[-14.72888,16.63258],[-14.73001,16.63216],[-14.73076,16.63207],[-14.73258,16.63225],[-14.73541,16.63315],[-14.73645,16.63297],[-14.73799,16.63193],[-14.73847,16.63138],[-14.73886,16.63063],[-14.73902,16.62924],[-14.73885,16.62829],[-14.7384,16.62724],[-14.73794,16.62653],[-14.73732,16.62591],[-14.73603,16.62491],[-14.73506,16.62371],[-14.7346,16.62294],[-14.73404,16.62105],[-14.73425,16.62029],[-14.73465,16.61985],[-14.73598,16.61928],[-14.73705,16.61914],[-14.73789,16.61922],[-14.73899,16.61951],[-14.74049,16.62021],[-14.74302,16.62173],[-14.74449,16.62247],[-14.74596,16.62307],[-14.74742,16.62388],[-14.74972,16.6254],[-14.75117,16.62659],[-14.75189,16.62738],[-14.75314,16.62925],[-14.75353,16.63089],[-14.75346,16.63177],[-14.75317,16.63293],[-14.752,16.63516],[-14.75162,16.63692],[-14.7514,16.63961],[-14.75143,16.64135],[-14.75164,16.64298],[-14.75217,16.64501],[-14.75307,16.64701],[-14.75384,16.64825],[-14.75468,16.64923],[-14.7558,16.6503],[-14.75712,16.65122],[-14.75835,16.65185],[-14.7601,16.65311],[-14.76123,16.65419],[-14.76218,16.65484],[-14.76409,16.65564],[-14.76503,16.65588],[-14.76632,16.6564],[-14.76717,16.65659],[-14.76869,16.65621],[-14.76931,16.65585],[-14.77183,16.65397],[-14.77283,16.65303],[-14.77398,16.65176],[-14.77565,16.65005],[-14.77667,16.64877],[-14.77796,16.64686],[-14.77848,16.64593],[-14.78038,16.64225],[-14.78235,16.63827],[-14.78333,16.63611],[-14.78534,16.63224],[-14.78601,16.63123],[-14.78674,16.63047],[-14.78764,16.62975],[-14.78828,16.62944],[-14.78922,16.62935],[-14.79093,16.62994],[-14.79158,16.63031],[-14.79237,16.63096],[-14.79376,16.63233],[-14.79474,16.63343],[-14.79854,16.6383],[-14.80028,16.64059],[-14.80102,16.64144],[-14.80232,16.64274],[-14.80327,16.64389],[-14.80399,16.64496],[-14.80608,16.64755],[-14.80822,16.65035],[-14.80947,16.65213],[-14.8104,16.65292],[-14.81214,16.65397],[-14.81362,16.65445],[-14.81518,16.65443],[-14.81629,16.65429],[-14.81795,16.65371],[-14.81887,16.65316],[-14.82026,16.65205],[-14.82087,16.65133],[-14.82214,16.64916],[-14.82259,16.64811],[-14.82303,16.64672],[-14.82328,16.64522],[-14.82313,16.64369],[-14.82278,16.64269],[-14.82277,16.64135],[-14.82301,16.64052],[-14.82361,16.63911],[-14.82428,16.63782],[-14.82465,16.6373],[-14.82583,16.63605],[-14.82642,16.63555],[-14.82724,16.63512],[-14.82804,16.63491],[-14.82929,16.63492],[-14.83038,16.63517],[-14.83113,16.63549],[-14.83222,16.63614],[-14.83309,16.6368],[-14.83541,16.63883],[-14.83677,16.63977],[-14.8381,16.64036],[-14.8395,16.64061],[-14.84127,16.64054],[-14.8428,16.64016],[-14.84835,16.6393],[-14.85009,16.63894],[-14.85166,16.6385],[-14.85358,16.63767],[-14.85615,16.63686],[-14.85809,16.6366],[-14.85906,16.63657],[-14.86105,16.63693],[-14.86196,16.63748],[-14.86233,16.63882],[-14.86292,16.64016],[-14.86325,16.6413],[-14.86354,16.64318],[-14.86424,16.64495],[-14.86528,16.64691],[-14.86634,16.64865],[-14.86815,16.65117],[-14.87046,16.65464],[-14.87231,16.65726],[-14.87313,16.65821],[-14.87411,16.65904],[-14.87488,16.65953],[-14.87719,16.66073],[-14.87842,16.66101],[-14.87918,16.661],[-14.88133,16.66068],[-14.88234,16.66045],[-14.88375,16.6599],[-14.88458,16.65946],[-14.88565,16.65857],[-14.88624,16.65789],[-14.88699,16.65667],[-14.88734,16.65587],[-14.88805,16.65357],[-14.88836,16.65237],[-14.88876,16.65008],[-14.8889,16.64713],[-14.88941,16.64488],[-14.88995,16.64339],[-14.89136,16.63925],[-14.89199,16.63724],[-14.89268,16.63568],[-14.89378,16.63413],[-14.89444,16.63343],[-14.89574,16.63228],[-14.89852,16.63049],[-14.89974,16.63031],[-14.90073,16.63045],[-14.90254,16.63107],[-14.90519,16.6323],[-14.90647,16.63297],[-14.90774,16.63385],[-14.91008,16.63599],[-14.91074,16.63682],[-14.91106,16.63755],[-14.9112,16.63833],[-14.91125,16.64101],[-14.91095,16.64373],[-14.91054,16.64421],[-14.90987,16.64433],[-14.909,16.64502],[-14.90917,16.6453],[-14.90982,16.64534],[-14.91054,16.64687],[-14.91107,16.64827],[-14.91188,16.64903],[-14.91325,16.64954],[-14.91392,16.64954],[-14.91492,16.64932],[-14.9157,16.64901],[-14.91639,16.64853],[-14.91769,16.64725],[-14.91849,16.64603],[-14.91953,16.64399],[-14.92014,16.64341],[-14.92124,16.64272],[-14.92214,16.64185],[-14.92302,16.64076],[-14.92393,16.63979],[-14.92534,16.6385],[-14.92989,16.63453],[-14.93179,16.63307],[-14.93274,16.63245],[-14.93348,16.63212],[-14.93542,16.63158],[-14.93727,16.63147],[-14.93904,16.63162],[-14.94121,16.6323],[-14.94205,16.63272],[-14.94347,16.63368],[-14.94451,16.63464],[-14.94624,16.6367],[-14.94735,16.63829],[-14.94877,16.64054],[-14.9511,16.64453],[-14.95334,16.64867],[-14.95376,16.64974],[-14.95415,16.65178],[-14.95415,16.65295],[-14.95402,16.6539],[-14.95333,16.65692],[-14.95254,16.66068],[-14.95187,16.66292],[-14.95058,16.66635],[-14.95012,16.66786],[-14.95006,16.66873],[-14.94946,16.66988],[-14.94967,16.67194],[-14.94996,16.6731],[-14.95057,16.67473],[-14.95113,16.67594],[-14.95223,16.67759],[-14.95333,16.67874],[-14.95417,16.67936],[-14.95573,16.67989],[-14.95705,16.68061],[-14.95823,16.6811],[-14.96189,16.68235],[-14.9644,16.68342],[-14.96602,16.68429],[-14.97045,16.68713],[-14.97255,16.68828],[-14.97658,16.69026],[-14.97879,16.69121],[-14.98097,16.69197],[-14.98259,16.69247],[-14.98435,16.69279],[-14.98598,16.69272],[-14.98711,16.69246],[-14.9891,16.69183],[-14.99021,16.69128],[-14.99134,16.69046],[-14.99401,16.68749],[-14.9959,16.68502],[-14.99691,16.68329],[-14.99766,16.68158],[-14.99811,16.68006],[-14.99837,16.67842],[-14.99836,16.67703],[-14.99819,16.67527],[-14.99786,16.67022],[-14.9976,16.66789],[-14.99751,16.66621],[-14.99762,16.66441],[-14.9979,16.66228],[-14.99826,16.65861],[-14.99876,16.65444],[-14.99915,16.65222],[-14.99964,16.65021],[-14.9999,16.64866],[-15.00075,16.64702],[-15.00192,16.64544],[-15.00382,16.64335],[-15.00469,16.64253],[-15.00606,16.6415],[-15.0077,16.64053],[-15.00974,16.63967],[-15.01163,16.63903],[-15.01276,16.63872],[-15.01553,16.63812],[-15.0195,16.63719],[-15.02133,16.63649],[-15.02301,16.63556],[-15.02454,16.6348],[-15.02797,16.63327],[-15.03015,16.63242],[-15.03124,16.63207],[-15.03381,16.63149],[-15.03535,16.63128],[-15.03832,16.63106],[-15.03976,16.63109],[-15.04076,16.63131],[-15.04166,16.63165],[-15.04309,16.63239],[-15.04432,16.63323],[-15.04561,16.63363],[-15.04648,16.63359],[-15.04762,16.63329],[-15.04864,16.63266],[-15.05029,16.63091],[-15.05099,16.62966],[-15.05122,16.62899],[-15.05174,16.62828],[-15.0524,16.62824],[-15.05337,16.62899],[-15.05391,16.6302],[-15.05484,16.63156],[-15.05537,16.63263],[-15.05566,16.63366],[-15.05617,16.63486],[-15.05667,16.63579],[-15.05743,16.63688],[-15.05826,16.63782],[-15.05936,16.63874],[-15.06027,16.63962],[-15.06199,16.64195],[-15.06324,16.64347],[-15.0643,16.64515],[-15.06495,16.64683],[-15.06552,16.64899],[-15.06618,16.65178],[-15.06659,16.65377],[-15.06725,16.65633],[-15.06827,16.65996],[-15.06903,16.66202],[-15.07016,16.66425],[-15.07137,16.66697],[-15.0725,16.66882],[-15.07355,16.66998],[-15.07504,16.67128],[-15.07638,16.67296],[-15.07726,16.67361],[-15.07868,16.67438],[-15.08207,16.67658],[-15.08332,16.67709],[-15.08728,16.67799],[-15.08801,16.67803],[-15.08934,16.67789],[-15.09175,16.67844],[-15.095,16.67881],[-15.09599,16.67881],[-15.09671,16.67866],[-15.09795,16.67806],[-15.09899,16.67726],[-15.10036,16.67635],[-15.10089,16.67581],[-15.10193,16.6742],[-15.10288,16.67313],[-15.10426,16.67181],[-15.10604,16.66996],[-15.10676,16.66911],[-15.10788,16.66758],[-15.10923,16.66591],[-15.11107,16.66406],[-15.11481,16.65993],[-15.11586,16.65857],[-15.11703,16.65671],[-15.11807,16.65518],[-15.11902,16.65345],[-15.1196,16.652],[-15.1206,16.64859],[-15.12089,16.64702],[-15.12115,16.64441],[-15.12114,16.64308],[-15.12085,16.64024],[-15.12053,16.63911],[-15.12009,16.63808],[-15.11909,16.63615],[-15.11822,16.63493],[-15.11705,16.63394],[-15.11633,16.63347],[-15.11504,16.63289],[-15.1126,16.63201],[-15.11111,16.63168],[-15.10873,16.63158],[-15.10505,16.63131],[-15.10301,16.63122],[-15.10046,16.63121],[-15.09827,16.63098],[-15.09605,16.63043],[-15.09474,16.62986],[-15.09381,16.62924],[-15.09259,16.62816],[-15.09136,16.62722],[-15.0907,16.6263],[-15.08971,16.62437],[-15.08773,16.62182],[-15.08627,16.61965],[-15.0854,16.61811],[-15.08431,16.61576],[-15.08398,16.6143],[-15.08393,16.61293],[-15.084,16.61141],[-15.08427,16.60966],[-15.08472,16.60807],[-15.08623,16.6045],[-15.08667,16.60378],[-15.0874,16.60297],[-15.08893,16.60147],[-15.0907,16.59994],[-15.09184,16.59905],[-15.09375,16.59772],[-15.09579,16.59641],[-15.10018,16.59338],[-15.10168,16.59239],[-15.10337,16.59093],[-15.10519,16.5889],[-15.10725,16.58696],[-15.10844,16.58571],[-15.10977,16.58408],[-15.11077,16.58321],[-15.11189,16.58244],[-15.11473,16.5809],[-15.11615,16.58028],[-15.11854,16.57954],[-15.12008,16.57927],[-15.1239,16.57881],[-15.1254,16.57869],[-15.12711,16.57875],[-15.1281,16.57888],[-15.13253,16.57966],[-15.13667,16.58049],[-15.13777,16.58075],[-15.13996,16.58144],[-15.14411,16.5831],[-15.14684,16.58428],[-15.14907,16.5854],[-15.15247,16.58725],[-15.15493,16.58843],[-15.15721,16.58924],[-15.15917,16.58972],[-15.16147,16.59037],[-15.16307,16.5907],[-15.16485,16.59137],[-15.16604,16.59157],[-15.1677,16.59156],[-15.16927,16.59134],[-15.17103,16.5908],[-15.17266,16.58994],[-15.17373,16.5891],[-15.17485,16.58792],[-15.17582,16.58672],[-15.1763,16.58581],[-15.1767,16.58463],[-15.17712,16.58273],[-15.17734,16.58129],[-15.17768,16.58038],[-15.17827,16.57954],[-15.17912,16.57877],[-15.18001,16.57825],[-15.18116,16.57779],[-15.18271,16.57736],[-15.18534,16.57634],[-15.18731,16.57571],[-15.18929,16.5752],[-15.191,16.57468],[-15.19236,16.57418],[-15.1936,16.57383],[-15.19485,16.5736],[-15.19659,16.57306],[-15.19833,16.57221],[-15.20055,16.57094],[-15.20542,16.5684],[-15.20697,16.56748],[-15.20939,16.56588],[-15.211,16.56467],[-15.21242,16.56369],[-15.214,16.56271],[-15.21465,16.56211],[-15.21631,16.56027],[-15.21779,16.559],[-15.21957,16.55771],[-15.22139,16.55667],[-15.22478,16.55507],[-15.22684,16.55428],[-15.22948,16.55371],[-15.23198,16.55354],[-15.23359,16.55361],[-15.23599,16.55397],[-15.23819,16.55453],[-15.23946,16.55498],[-15.24143,16.55595],[-15.2443,16.55778],[-15.2456,16.55883],[-15.24631,16.55959],[-15.24771,16.56152],[-15.24914,16.56317],[-15.2509,16.56497],[-15.25243,16.56637],[-15.25565,16.56895],[-15.25634,16.56941],[-15.2575,16.56992],[-15.25846,16.57014],[-15.26068,16.57033],[-15.26213,16.57024],[-15.26462,16.56986],[-15.26626,16.56935],[-15.26758,16.5687],[-15.26896,16.5682],[-15.27,16.56802],[-15.27101,16.56803],[-15.27208,16.56822],[-15.27573,16.56931],[-15.27919,16.57009],[-15.28162,16.57081],[-15.28427,16.57185],[-15.28733,16.57298],[-15.28954,16.57371],[-15.29251,16.57449],[-15.29544,16.57515],[-15.29806,16.57561],[-15.29972,16.57582],[-15.30147,16.57588],[-15.30406,16.57571],[-15.30844,16.57561],[-15.30963,16.57544],[-15.31108,16.57509],[-15.31307,16.57472],[-15.31466,16.5743],[-15.31708,16.57347],[-15.31847,16.57286],[-15.32026,16.57184],[-15.32178,16.57074],[-15.32431,16.56915],[-15.32741,16.56671],[-15.32935,16.56544],[-15.33085,16.56438],[-15.33173,16.56367],[-15.33339,16.56214],[-15.33446,16.55232],[-15.33467,16.52639],[-15.33485,16.50389],[-15.33577,16.5015],[-15.38143,16.47287],[-15.43333,16.43942],[-15.43681,16.43718],[-15.41589,16.36098],[-15.41277,16.35008],[-15.4069,16.28192],[-15.40116,16.21573],[-15.40056,16.21133],[-15.42068,16.17494],[-15.42778,16.16248],[-15.42817,16.16],[-15.43259,16.09971],[-15.4372,16.03484],[-15.4396,16.00252],[-15.43957,16.00004],[-15.41398,16.00001],[-15.36161,15.99994],[-15.24479,15.99974],[-15.21746,15.99983],[-15.16667,15.99999],[-15.15412,15.99999],[-15.08333,16],[-15,16],[-14.95072,16],[-14.91667,16],[-14.88556,16.00001],[-14.86439,16.00001],[-14.83695,15.9855],[-14.81009,15.97064],[-14.78292,15.95582],[-14.75573,15.94114],[-14.75292,15.93944],[-14.72956,15.93814],[-14.70239,15.93663],[-14.70118,15.93754],[-14.69996,15.93833],[-14.69922,15.93854],[-14.69648,15.93851],[-14.69175,15.93814],[-14.68661,15.93794],[-14.68185,15.93783],[-14.67971,15.93773],[-14.67262,15.93722],[-14.67018,15.93699],[-14.66727,15.93662],[-14.65243,15.93559],[-14.62511,15.93456],[-14.59226,15.93331],[-14.59177,15.93141],[-14.58634,15.9224],[-14.55591,15.87193],[-14.53192,15.83145],[-14.52101,15.81405],[-14.51745,15.8081],[-14.49853,15.77629],[-14.47704,15.74011],[-14.44839,15.69162],[-14.42662,15.65626],[-14.40583,15.62316],[-14.40465,15.62147],[-14.40408,15.62006],[-14.4039,15.61914],[-14.40384,15.61722],[-14.40399,15.61632],[-14.40427,15.61552],[-14.40529,15.61323],[-14.40552,15.6124],[-14.40617,15.61104],[-14.40704,15.60968],[-14.40755,15.60855],[-14.40777,15.607],[-14.4077,15.60616],[-14.40738,15.6046],[-14.40673,15.60213],[-14.40632,15.60017],[-14.4055,15.59653],[-14.40508,15.59362],[-14.40502,15.59204],[-14.40523,15.58946],[-14.40553,15.58781],[-14.40645,15.58418],[-14.40738,15.58098],[-14.40841,15.57795],[-14.40967,15.57479],[-14.41127,15.57138],[-14.41387,15.56616],[-14.41601,15.56146],[-14.41747,15.55855],[-14.4183,15.55666],[-14.41865,15.55562],[-14.41908,15.55378],[-14.41937,15.55147],[-14.41942,15.54961],[-14.41933,15.54663],[-14.41914,15.54496],[-14.41871,15.54276],[-14.41778,15.53903],[-14.41724,15.53649],[-14.41604,15.53],[-14.41539,15.52667],[-14.41445,15.52277],[-14.41418,15.52147],[-14.4139,15.51951],[-14.4137,15.51726],[-14.41363,15.51588],[-14.41369,15.51422],[-14.41407,15.51175],[-14.41471,15.5095],[-14.41531,15.50796],[-14.41638,15.50581],[-14.41833,15.50255],[-14.41876,15.49417],[-14.37119,15.49494],[-14.34147,15.49557],[-14.33374,15.49611],[-14.31613,15.51202],[-14.31057,15.51708],[-14.30488,15.52145],[-14.29957,15.52558],[-14.29536,15.52597],[-14.29311,15.52613],[-14.29152,15.52578],[-14.29022,15.52526],[-14.28714,15.52388],[-14.28431,15.52203],[-14.28348,15.52134],[-14.28307,15.52048],[-14.28308,15.51858],[-14.28278,15.51697],[-14.28214,15.51594],[-14.28078,15.51461],[-14.27901,15.51415],[-14.27604,15.51443],[-14.26935,15.51624],[-14.26828,15.51618],[-14.2645,15.51665],[-14.26305,15.51715],[-14.26192,15.51818],[-14.26084,15.51964],[-14.26044,15.5205],[-14.2595,15.52297],[-14.25835,15.5251],[-14.25727,15.52683],[-14.25644,15.52789],[-14.25517,15.52885],[-14.2537,15.5297],[-14.25276,15.5304],[-14.25007,15.53287],[-14.24807,15.53481],[-14.24589,15.53482],[-14.24602,15.5375],[-14.24718,15.53949],[-14.25366,15.56027],[-14.25423,15.56479],[-14.25306,15.56789],[-14.24867,15.57254],[-14.24844,15.57296],[-14.23289,15.60173],[-14.22863,15.60835],[-14.20397,15.63355],[-14.14468,15.69153],[-14.1318,15.70405],[-14.12644,15.70938],[-14.10874,15.72693],[-14.08726,15.74822],[-14.07671,15.75892],[-14.06133,15.77438],[-14.04674,15.78859],[-14.03516,15.79998],[-14.02197,15.81292],[-14.01507,15.82009],[-14.00834,15.82684],[-14.00001,15.83563],[-13.9874,15.84914],[-13.96069,15.8793],[-13.93361,15.90674],[-13.90523,15.93291],[-13.87942,15.96162],[-13.85232,15.98906],[-13.85167,15.99043],[-13.85104,15.99121],[-13.85062,15.99605],[-13.84986,16.0004],[-13.84971,16.00151],[-13.84853,16.00413],[-13.84679,16.00615],[-13.84531,16.00761],[-13.84299,16.00891],[-13.84021,16.00997],[-13.82566,16.01582],[-13.8056,16.02364],[-13.74237,16.04645],[-13.74139,16.05333],[-13.73895,16.0626],[-13.73731,16.06971],[-13.73547,16.07819],[-13.73336,16.08678],[-13.73207,16.09084],[-13.73088,16.09697],[-13.72811,16.10524],[-13.72629,16.11505],[-13.72455,16.12336],[-13.72107,16.13301],[-13.71909,16.13601],[-13.71739,16.13768]]]},"properties":{"slug":"podor","name":"Podor","department":"Podor","code":"SN1002","parent":"region-saint-louis"}},{"type":"Feature","geometry":{"type":"Polygon","coordinates":[[[-15.33339,16.56214],[-15.33454,16.56134],[-15.33638,16.56055],[-15.33909,16.55965],[-15.34005,16.55941],[-15.34189,16.55917],[-15.34621,16.55896],[-15.34888,16.55916],[-15.35019,16.55949],[-15.35135,16.55994],[-15.35332,16.56043],[-15.35457,16.56057],[-15.3559,16.56059],[-15.35745,16.56048],[-15.35952,16.56011],[-15.36195,16.5594],[-15.36341,16.55853],[-15.3639,16.55804],[-15.36431,16.55718],[-15.36613,16.55576],[-15.36741,16.5545],[-15.36827,16.55331],[-15.36916,16.55229],[-15.37039,16.55109],[-15.37233,16.54961],[-15.37413,16.5485],[-15.37865,16.54552],[-15.38059,16.54437],[-15.38247,16.54338],[-15.3861,16.5409],[-15.38782,16.53992],[-15.39032,16.53872],[-15.39218,16.53806],[-15.39487,16.53724],[-15.39677,16.5368],[-15.39828,16.53656],[-15.4006,16.53642],[-15.402,16.5364],[-15.40385,16.53648],[-15.40659,16.53685],[-15.40967,16.53757],[-15.4123,16.5381],[-15.41416,16.53856],[-15.41633,16.53924],[-15.41869,16.54014],[-15.4209,16.5411],[-15.42308,16.54197],[-15.42532,16.54318],[-15.42616,16.54374],[-15.42758,16.54494],[-15.42826,16.54567],[-15.42908,16.54688],[-15.42961,16.54799],[-15.43014,16.54935],[-15.43106,16.5522],[-15.43219,16.55601],[-15.43238,16.5573],[-15.43237,16.55893],[-15.43247,16.56154],[-15.43267,16.56336],[-15.43294,16.56383],[-15.43302,16.56525],[-15.43325,16.56704],[-15.43375,16.5687],[-15.43481,16.57106],[-15.43584,16.57294],[-15.4368,16.57485],[-15.43754,16.57608],[-15.43835,16.57723],[-15.44061,16.58016],[-15.44214,16.58173],[-15.44388,16.58316],[-15.44571,16.58443],[-15.44747,16.58606],[-15.44863,16.58692],[-15.45057,16.58807],[-15.45398,16.58978],[-15.45522,16.59034],[-15.45886,16.59164],[-15.46032,16.59203],[-15.46151,16.59219],[-15.46419,16.59222],[-15.466,16.59239],[-15.46693,16.59232],[-15.46797,16.59202],[-15.47028,16.5917],[-15.47128,16.59139],[-15.47335,16.59055],[-15.47493,16.5897],[-15.47551,16.58919],[-15.47671,16.5875],[-15.47748,16.58663],[-15.47796,16.58515],[-15.47843,16.58432],[-15.47927,16.58335],[-15.48027,16.58198],[-15.48085,16.58137],[-15.4819,16.58053],[-15.48398,16.57914],[-15.48584,16.578],[-15.48677,16.57753],[-15.48852,16.57686],[-15.49017,16.57642],[-15.49292,16.57541],[-15.49544,16.57465],[-15.4968,16.57416],[-15.4981,16.57355],[-15.50103,16.57239],[-15.5018,16.57217],[-15.50442,16.57119],[-15.50577,16.57055],[-15.50812,16.56902],[-15.50967,16.5681],[-15.51061,16.56737],[-15.51306,16.5647],[-15.51422,16.5636],[-15.5153,16.56238],[-15.51643,16.56067],[-15.51725,16.559],[-15.51784,16.55735],[-15.51874,16.55418],[-15.51912,16.5527],[-15.51936,16.55114],[-15.51938,16.54895],[-15.51923,16.54768],[-15.51869,16.54582],[-15.5179,16.54443],[-15.51594,16.54223],[-15.51205,16.53863],[-15.51119,16.53771],[-15.50881,16.53454],[-15.50842,16.53324],[-15.50822,16.53136],[-15.50798,16.53036],[-15.50799,16.52877],[-15.50822,16.5279],[-15.50876,16.52712],[-15.51097,16.52519],[-15.51371,16.52333],[-15.51553,16.52232],[-15.51846,16.52099],[-15.5223,16.51967],[-15.52391,16.5192],[-15.52718,16.51835],[-15.52911,16.51778],[-15.53334,16.51643],[-15.53626,16.51543],[-15.53874,16.5147],[-15.54104,16.51414],[-15.54315,16.51355],[-15.54617,16.51282],[-15.54789,16.51248],[-15.55036,16.51208],[-15.55219,16.51184],[-15.55563,16.51159],[-15.56065,16.51162],[-15.56294,16.51185],[-15.5693,16.51298],[-15.57095,16.51337],[-15.57443,16.51434],[-15.57615,16.5151],[-15.57695,16.51555],[-15.57987,16.51747],[-15.5829,16.51974],[-15.58454,16.5211],[-15.58599,16.52219],[-15.58757,16.52326],[-15.59093,16.52536],[-15.59247,16.52624],[-15.59465,16.5273],[-15.59579,16.52773],[-15.59725,16.52813],[-15.59903,16.52831],[-15.60024,16.52828],[-15.60161,16.52836],[-15.60295,16.52823],[-15.60474,16.52789],[-15.60655,16.52728],[-15.60812,16.52688],[-15.60998,16.52663],[-15.61123,16.52656],[-15.61525,16.52654],[-15.61795,16.52641],[-15.62067,16.52617],[-15.62228,16.52593],[-15.62496,16.52536],[-15.62573,16.52512],[-15.62652,16.52465],[-15.62831,16.52338],[-15.629,16.52274],[-15.6299,16.52141],[-15.63023,16.52055],[-15.63077,16.518],[-15.63107,16.51578],[-15.631,16.51459],[-15.63065,16.51307],[-15.63019,16.51164],[-15.62943,16.50973],[-15.62874,16.50784],[-15.62801,16.50624],[-15.62728,16.50514],[-15.62647,16.50347],[-15.62613,16.50241],[-15.62597,16.50083],[-15.62629,16.4983],[-15.62685,16.49599],[-15.6272,16.49504],[-15.62783,16.49378],[-15.62842,16.49295],[-15.62917,16.49218],[-15.62995,16.49162],[-15.63228,16.49024],[-15.63445,16.48918],[-15.6359,16.48856],[-15.63953,16.48731],[-15.64341,16.48592],[-15.64655,16.48492],[-15.64883,16.48428],[-15.65039,16.48392],[-15.65405,16.48319],[-15.65771,16.48235],[-15.65927,16.48207],[-15.66241,16.48163],[-15.66429,16.48147],[-15.66685,16.48108],[-15.66906,16.48096],[-15.67468,16.48076],[-15.67938,16.48052],[-15.68439,16.48003],[-15.68727,16.4799],[-15.68918,16.47965],[-15.69047,16.4793],[-15.6926,16.47845],[-15.69378,16.47759],[-15.69438,16.47699],[-15.69555,16.47522],[-15.69642,16.47326],[-15.69713,16.4722],[-15.69815,16.4716],[-15.69989,16.47134],[-15.70213,16.47132],[-15.70396,16.47177],[-15.7051,16.47219],[-15.70767,16.47347],[-15.7106,16.47527],[-15.71393,16.47754],[-15.72012,16.48161],[-15.72162,16.48266],[-15.72493,16.48507],[-15.72656,16.48616],[-15.73004,16.48831],[-15.73133,16.489],[-15.73251,16.48952],[-15.73384,16.48995],[-15.73726,16.49047],[-15.73861,16.49059],[-15.74053,16.4906],[-15.74291,16.49084],[-15.7446,16.49092],[-15.74611,16.49111],[-15.74923,16.49184],[-15.75093,16.49201],[-15.75352,16.49248],[-15.75498,16.49239],[-15.75723,16.4924],[-15.7596,16.49252],[-15.76225,16.49258],[-15.76329,16.49269],[-15.76664,16.49334],[-15.76837,16.49321],[-15.76942,16.49332],[-15.77188,16.49373],[-15.77317,16.49381],[-15.7754,16.49417],[-15.77793,16.49487],[-15.78048,16.49543],[-15.7831,16.49609],[-15.78764,16.49787],[-15.78921,16.49837],[-15.79065,16.49873],[-15.7922,16.49924],[-15.79322,16.49967],[-15.79476,16.5005],[-15.79808,16.50243],[-15.80172,16.50424],[-15.8043,16.50543],[-15.80648,16.50652],[-15.80898,16.50769],[-15.8102,16.50846],[-15.81315,16.50888],[-15.8152,16.50898],[-15.81718,16.50891],[-15.81854,16.50909],[-15.81993,16.5091],[-15.82122,16.50885],[-15.82241,16.50849],[-15.8235,16.50796],[-15.825,16.50702],[-15.8261,16.50686],[-15.82851,16.50634],[-15.83053,16.50602],[-15.8331,16.50542],[-15.83456,16.50496],[-15.8367,16.50394],[-15.83945,16.50236],[-15.84109,16.50125],[-15.84241,16.50007],[-15.84392,16.49889],[-15.84622,16.49732],[-15.84737,16.4966],[-15.85097,16.49453],[-15.85382,16.49303],[-15.85539,16.49244],[-15.8577,16.49188],[-15.85887,16.49188],[-15.85989,16.49259],[-15.86088,16.49397],[-15.86126,16.49507],[-15.86143,16.49633],[-15.86133,16.49726],[-15.86099,16.49891],[-15.8607,16.50154],[-15.86051,16.50465],[-15.86055,16.50565],[-15.86097,16.50746],[-15.86191,16.50934],[-15.86336,16.51136],[-15.86458,16.51259],[-15.86524,16.51304],[-15.86621,16.51348],[-15.86799,16.51398],[-15.87115,16.51443],[-15.87507,16.51533],[-15.87714,16.51566],[-15.87909,16.51582],[-15.88087,16.51612],[-15.88515,16.51705],[-15.88718,16.51731],[-15.8895,16.5174],[-15.8909,16.51733],[-15.89335,16.51709],[-15.89519,16.5171],[-15.89738,16.5167],[-15.90014,16.51579],[-15.90416,16.51482],[-15.90596,16.51453],[-15.91092,16.51413],[-15.91414,16.51369],[-15.91578,16.51324],[-15.9173,16.51259],[-15.91853,16.51183],[-15.91965,16.51126],[-15.92141,16.51051],[-15.92275,16.50973],[-15.92415,16.50845],[-15.92513,16.50822],[-15.92713,16.5074],[-15.92961,16.50653],[-15.93189,16.5055],[-15.93474,16.5039],[-15.93597,16.5031],[-15.93788,16.50151],[-15.94024,16.49924],[-15.94113,16.49833],[-15.94219,16.49702],[-15.94283,16.49637],[-15.94416,16.49538],[-15.94516,16.49451],[-15.9461,16.49357],[-15.94695,16.49288],[-15.94775,16.49247],[-15.94864,16.4918],[-15.94953,16.49093],[-15.95097,16.4901],[-15.95289,16.48937],[-15.9552,16.48832],[-15.9563,16.48791],[-15.95762,16.48768],[-15.96041,16.48653],[-15.96143,16.48618],[-15.96288,16.4859],[-15.96509,16.48519],[-15.9662,16.48506],[-15.96817,16.48509],[-15.97002,16.48536],[-15.97193,16.48587],[-15.97301,16.48647],[-15.97342,16.48702],[-15.97399,16.48837],[-15.97425,16.48937],[-15.97461,16.49018],[-15.97513,16.49088],[-15.97685,16.49269],[-15.97854,16.49402],[-15.98157,16.49583],[-15.98438,16.49724],[-15.98844,16.49942],[-15.9924,16.50146],[-15.99375,16.50201],[-15.99589,16.50251],[-15.99791,16.50284],[-15.9984,16.50315],[-16.0002,16.50319],[-16.00423,16.50269],[-16.00583,16.50224],[-16.0088,16.5009],[-16.01119,16.49971],[-16.01263,16.49862],[-16.01433,16.49685],[-16.02031,16.49209],[-16.0242,16.48917],[-16.02509,16.48835],[-16.02645,16.48695],[-16.02857,16.48511],[-16.03015,16.48399],[-16.0333,16.48205],[-16.03477,16.48129],[-16.03744,16.48014],[-16.04034,16.47915],[-16.04269,16.47855],[-16.04513,16.4781],[-16.04729,16.47794],[-16.04918,16.47797],[-16.05122,16.47812],[-16.05299,16.47848],[-16.05411,16.47885],[-16.05553,16.47957],[-16.05661,16.48033],[-16.05816,16.48181],[-16.05919,16.48344],[-16.05936,16.48399],[-16.05908,16.48493],[-16.0598,16.48544],[-16.06009,16.48586],[-16.06028,16.48686],[-16.06104,16.48855],[-16.06205,16.49017],[-16.06433,16.49296],[-16.06875,16.4981],[-16.07006,16.4997],[-16.07208,16.50243],[-16.0726,16.503],[-16.07302,16.50395],[-16.07383,16.50465],[-16.07421,16.50583],[-16.0754,16.50674],[-16.0764,16.50774],[-16.07973,16.51051],[-16.08271,16.51268],[-16.08415,16.5136],[-16.08678,16.51498],[-16.08983,16.51636],[-16.09079,16.51689],[-16.09386,16.51909],[-16.09588,16.52032],[-16.0982,16.52154],[-16.09937,16.52231],[-16.10016,16.52302],[-16.10127,16.52446],[-16.10164,16.52512],[-16.10203,16.52625],[-16.10197,16.5281],[-16.10151,16.52868],[-16.10099,16.53143],[-16.1001,16.53537],[-16.09957,16.53601],[-16.09939,16.53824],[-16.09957,16.53845],[-16.09941,16.54009],[-16.09951,16.54172],[-16.09979,16.54298],[-16.10124,16.54696],[-16.10251,16.54905],[-16.10334,16.55055],[-16.10412,16.55153],[-16.10591,16.55306],[-16.1076,16.55412],[-16.10923,16.55478],[-16.11202,16.55566],[-16.11347,16.55598],[-16.11681,16.55625],[-16.11925,16.55632],[-16.12089,16.55619],[-16.1244,16.55536],[-16.12673,16.55468],[-16.12899,16.5539],[-16.13076,16.55346],[-16.13302,16.55312],[-16.13573,16.55301],[-16.13954,16.55276],[-16.14113,16.55257],[-16.14446,16.55209],[-16.14621,16.55176],[-16.15018,16.55063],[-16.15131,16.5501],[-16.15269,16.549],[-16.15431,16.54782],[-16.15646,16.54648],[-16.15764,16.54563],[-16.15943,16.54409],[-16.16083,16.54256],[-16.16153,16.54214],[-16.16251,16.54128],[-16.1637,16.53983],[-16.16538,16.53832],[-16.16746,16.53589],[-16.16822,16.5351],[-16.16932,16.53416],[-16.17036,16.53283],[-16.1717,16.53161],[-16.1731,16.5301],[-16.17428,16.52904],[-16.17598,16.52763],[-16.17699,16.52665],[-16.17834,16.52552],[-16.17983,16.5249],[-16.18113,16.52484],[-16.18201,16.52511],[-16.18293,16.52508],[-16.18358,16.52491],[-16.18482,16.52423],[-16.18578,16.52324],[-16.18808,16.52053],[-16.18912,16.51958],[-16.19138,16.51837],[-16.19301,16.51776],[-16.19398,16.51768],[-16.19582,16.51794],[-16.1974,16.51879],[-16.19808,16.51904],[-16.19914,16.519],[-16.20143,16.51852],[-16.20333,16.5179],[-16.20591,16.5172],[-16.20766,16.51688],[-16.20895,16.51684],[-16.21173,16.51689],[-16.21388,16.51682],[-16.2161,16.51691],[-16.21723,16.51714],[-16.21815,16.51749],[-16.22055,16.51908],[-16.22158,16.51959],[-16.22457,16.52092],[-16.22771,16.52254],[-16.23027,16.52378],[-16.23223,16.52465],[-16.23536,16.52583],[-16.23778,16.52656],[-16.24016,16.5271],[-16.24541,16.52805],[-16.24743,16.5283],[-16.24981,16.52835],[-16.25233,16.52819],[-16.2544,16.52792],[-16.25762,16.52733],[-16.25972,16.52704],[-16.2612,16.52666],[-16.26231,16.52611],[-16.26443,16.52487],[-16.26756,16.52349],[-16.26866,16.52293],[-16.27185,16.52116],[-16.27418,16.52025],[-16.27576,16.5194],[-16.27658,16.51865],[-16.27861,16.51649],[-16.27951,16.51583],[-16.28112,16.51488],[-16.28191,16.51432],[-16.28307,16.51306],[-16.2842,16.5113],[-16.28471,16.51031],[-16.28582,16.50734],[-16.2867,16.50538],[-16.28733,16.50343],[-16.2875,16.50196],[-16.2875,16.50055],[-16.28704,16.49459],[-16.28681,16.49235],[-16.28646,16.49023],[-16.28634,16.48862],[-16.28639,16.48721],[-16.2867,16.4833],[-16.28706,16.48034],[-16.28747,16.47795],[-16.28793,16.47663],[-16.28868,16.47554],[-16.28936,16.47495],[-16.29026,16.47442],[-16.29106,16.47412],[-16.29204,16.47404],[-16.29385,16.47412],[-16.29546,16.47361],[-16.29927,16.47177],[-16.30181,16.47046],[-16.30276,16.46986],[-16.30378,16.4689],[-16.30559,16.46646],[-16.30667,16.46468],[-16.30779,16.46245],[-16.30912,16.45913],[-16.30976,16.45731],[-16.31042,16.4548],[-16.31069,16.45332],[-16.31086,16.45147],[-16.31088,16.44993],[-16.31072,16.44781],[-16.31072,16.44707],[-16.31104,16.4439],[-16.3113,16.4398],[-16.31156,16.43714],[-16.31155,16.43614],[-16.31126,16.4336],[-16.31089,16.42886],[-16.31056,16.4255],[-16.31058,16.42432],[-16.31099,16.4217],[-16.31095,16.41884],[-16.31105,16.41732],[-16.3116,16.41421],[-16.31227,16.41202],[-16.31291,16.41072],[-16.31371,16.40955],[-16.31444,16.40871],[-16.31561,16.40768],[-16.31686,16.40686],[-16.31866,16.40632],[-16.31942,16.40627],[-16.3219,16.40661],[-16.32297,16.4067],[-16.32445,16.40663],[-16.32515,16.40651],[-16.32816,16.40553],[-16.32895,16.40517],[-16.32948,16.40473],[-16.33064,16.40318],[-16.3323,16.40153],[-16.33285,16.40089],[-16.33365,16.39965],[-16.33412,16.39866],[-16.33442,16.39771],[-16.33569,16.39258],[-16.33586,16.39169],[-16.33602,16.39012],[-16.33598,16.38814],[-16.33567,16.38604],[-16.33562,16.38519],[-16.33579,16.38302],[-16.33589,16.38084],[-16.33568,16.37844],[-16.33578,16.37599],[-16.33603,16.37444],[-16.33597,16.37303],[-16.3355,16.36961],[-16.33543,16.36828],[-16.33514,16.36675],[-16.33448,16.36446],[-16.33335,16.36119],[-16.33293,16.35948],[-16.33282,16.35804],[-16.33288,16.35718],[-16.33382,16.35336],[-16.33441,16.35189],[-16.3357,16.34954],[-16.33728,16.34739],[-16.33817,16.34588],[-16.33856,16.34537],[-16.34013,16.34381],[-16.34117,16.34293],[-16.34196,16.34191],[-16.34231,16.34044],[-16.34259,16.34001],[-16.34353,16.33922],[-16.34592,16.33687],[-16.34652,16.33641],[-16.34751,16.33594],[-16.34869,16.33583],[-16.34972,16.33613],[-16.35043,16.3368],[-16.35086,16.33767],[-16.35176,16.33756],[-16.35337,16.33638],[-16.35414,16.33565],[-16.35479,16.3346],[-16.35583,16.33342],[-16.35699,16.33234],[-16.35861,16.331],[-16.35919,16.33044],[-16.36103,16.3284],[-16.36238,16.3268],[-16.36578,16.32208],[-16.3661,16.32141],[-16.36673,16.31942],[-16.36788,16.31637],[-16.36888,16.31295],[-16.36921,16.31143],[-16.37007,16.30629],[-16.3704,16.30296],[-16.37046,16.30122],[-16.3704,16.29964],[-16.37016,16.298],[-16.36976,16.29663],[-16.36838,16.29378],[-16.3676,16.29239],[-16.36694,16.29149],[-16.36624,16.29097],[-16.36386,16.28965],[-16.36324,16.28924],[-16.36217,16.2883],[-16.36106,16.28714],[-16.36013,16.28601],[-16.35907,16.28442],[-16.35812,16.28257],[-16.35771,16.28147],[-16.35712,16.27936],[-16.35655,16.27782],[-16.3564,16.2771],[-16.35632,16.27575],[-16.35638,16.2744],[-16.35666,16.27255],[-16.35701,16.27097],[-16.35732,16.27],[-16.35811,16.26867],[-16.35901,16.26753],[-16.35992,16.26657],[-16.36158,16.26502],[-16.36265,16.26413],[-16.36527,16.2622],[-16.36634,16.26121],[-16.36696,16.26037],[-16.36796,16.25874],[-16.3689,16.25706],[-16.36935,16.2561],[-16.37008,16.25417],[-16.37097,16.2522],[-16.37142,16.25103],[-16.37223,16.24796],[-16.37304,16.24519],[-16.37349,16.24334],[-16.37366,16.24213],[-16.37375,16.24048],[-16.37391,16.23937],[-16.37447,16.23765],[-16.37538,16.23576],[-16.37659,16.23364],[-16.37792,16.23169],[-16.37995,16.22949],[-16.38234,16.2263],[-16.3838,16.22454],[-16.3856,16.22259],[-16.38888,16.21939],[-16.39066,16.21787],[-16.39183,16.21713],[-16.39314,16.2165],[-16.39415,16.21616],[-16.39571,16.21579],[-16.39775,16.21514],[-16.39916,16.21501],[-16.40178,16.21511],[-16.40461,16.21538],[-16.40575,16.21571],[-16.40824,16.21739],[-16.40942,16.21847],[-16.41186,16.22033],[-16.41284,16.22087],[-16.41435,16.22148],[-16.41548,16.22174],[-16.41743,16.22167],[-16.42012,16.22131],[-16.42094,16.22112],[-16.4226,16.22057],[-16.42489,16.21956],[-16.43012,16.2179],[-16.43254,16.21657],[-16.43359,16.21592],[-16.43497,16.21521],[-16.43598,16.2143],[-16.43714,16.21345],[-16.43826,16.21227],[-16.44023,16.21044],[-16.44103,16.20962],[-16.44284,16.20737],[-16.44399,16.20581],[-16.44589,16.20356],[-16.44666,16.20247],[-16.44747,16.20084],[-16.44865,16.1991],[-16.4497,16.19713],[-16.45082,16.19522],[-16.45179,16.19381],[-16.45232,16.19254],[-16.45286,16.19195],[-16.45456,16.1907],[-16.45626,16.1892],[-16.45718,16.18815],[-16.458,16.18752],[-16.45847,16.18676],[-16.45853,16.18584],[-16.45827,16.18268],[-16.45831,16.18206],[-16.45895,16.17886],[-16.45904,16.17631],[-16.45892,16.17447],[-16.45876,16.17327],[-16.45819,16.17062],[-16.45798,16.16889],[-16.4576,16.16704],[-16.45707,16.16518],[-16.4569,16.16384],[-16.45613,16.1604],[-16.45617,16.15923],[-16.45661,16.15669],[-16.45711,16.15566],[-16.45794,16.15426],[-16.45825,16.15328],[-16.45829,16.1524],[-16.45805,16.14988],[-16.45806,16.14903],[-16.45824,16.14745],[-16.45799,16.14417],[-16.45799,16.14267],[-16.45787,16.14127],[-16.45755,16.14005],[-16.45721,16.13937],[-16.45647,16.13855],[-16.45623,16.13804],[-16.45598,16.1369],[-16.45589,16.13516],[-16.45598,16.13427],[-16.45724,16.13168],[-16.45787,16.13022],[-16.45881,16.12866],[-16.45947,16.12694],[-16.46012,16.12389],[-16.46037,16.12127],[-16.46079,16.1201],[-16.4603,16.1195],[-16.45864,16.11842],[-16.45789,16.11766],[-16.45705,16.11633],[-16.45624,16.11544],[-16.45489,16.11431],[-16.45386,16.11365],[-16.45207,16.11263],[-16.45039,16.11176],[-16.44952,16.11121],[-16.44871,16.11049],[-16.44827,16.10976],[-16.44773,16.10853],[-16.44693,16.10704],[-16.44695,16.10571],[-16.44734,16.10451],[-16.44784,16.10354],[-16.44952,16.1016],[-16.45016,16.10064],[-16.45155,16.0991],[-16.45251,16.09828],[-16.45396,16.09734],[-16.45506,16.09636],[-16.45626,16.09505],[-16.4575,16.09397],[-16.45953,16.09251],[-16.46048,16.09147],[-16.46168,16.08961],[-16.46244,16.08771],[-16.46287,16.0861],[-16.46317,16.08467],[-16.46389,16.08391],[-16.46462,16.08358],[-16.46557,16.08345],[-16.46674,16.08303],[-16.4674,16.08267],[-16.46887,16.08137],[-16.47095,16.07986],[-16.47212,16.07848],[-16.47379,16.07537],[-16.47552,16.07287],[-16.47734,16.07039],[-16.47816,16.06954],[-16.48055,16.06766],[-16.4785,16.06663],[-16.47715,16.0661],[-16.47517,16.06567],[-16.47135,16.06517],[-16.47014,16.06509],[-16.46928,16.06515],[-16.4682,16.0654],[-16.46607,16.0661],[-16.46353,16.06651],[-16.46198,16.06687],[-16.46029,16.06694],[-16.45711,16.06633],[-16.45401,16.06589],[-16.45271,16.06617],[-16.45181,16.06679],[-16.451,16.06756],[-16.4494,16.06881],[-16.44857,16.06961],[-16.44699,16.0716],[-16.44543,16.07402],[-16.44398,16.07585],[-16.4432,16.07629],[-16.44241,16.07648],[-16.44073,16.07628],[-16.43897,16.07545],[-16.43659,16.07456],[-16.43516,16.0743],[-16.4341,16.07426],[-16.43297,16.07436],[-16.4321,16.07465],[-16.42986,16.07594],[-16.42781,16.0775],[-16.42603,16.07872],[-16.42468,16.07949],[-16.4232,16.08007],[-16.42234,16.08022],[-16.42139,16.08019],[-16.4199,16.07986],[-16.41822,16.07915],[-16.41758,16.07901],[-16.41677,16.07915],[-16.41622,16.07945],[-16.41382,16.08109],[-16.41268,16.08197],[-16.41156,16.08264],[-16.41109,16.08307],[-16.41066,16.08395],[-16.41057,16.0845],[-16.41069,16.08612],[-16.41041,16.087],[-16.40942,16.08821],[-16.40855,16.08882],[-16.40685,16.08948],[-16.40489,16.0904],[-16.40097,16.09254],[-16.39985,16.09343],[-16.39917,16.09467],[-16.39836,16.09592],[-16.39749,16.09675],[-16.39567,16.09766],[-16.39436,16.09842],[-16.39278,16.09894],[-16.39194,16.09942],[-16.39097,16.09958],[-16.38946,16.09945],[-16.38747,16.0991],[-16.38651,16.099],[-16.38468,16.09912],[-16.38294,16.09953],[-16.38147,16.1002],[-16.37995,16.101],[-16.37791,16.10228],[-16.37492,16.10453],[-16.37285,16.10547],[-16.37078,16.10624],[-16.36939,16.10665],[-16.3681,16.10691],[-16.36722,16.10697],[-16.36589,16.10684],[-16.36522,16.10662],[-16.36438,16.10607],[-16.36303,16.10473],[-16.3625,16.10357],[-16.3625,16.10275],[-16.36292,16.10194],[-16.36413,16.1013],[-16.36688,16.10053],[-16.36762,16.09992],[-16.36754,16.09935],[-16.36659,16.09849],[-16.36599,16.0976],[-16.36527,16.09702],[-16.36465,16.09599],[-16.36449,16.09548],[-16.36463,16.0946],[-16.36502,16.09323],[-16.3647,16.09254],[-16.36329,16.09212],[-16.36235,16.09234],[-16.36093,16.09313],[-16.35989,16.09393],[-16.35844,16.09573],[-16.3573,16.09701],[-16.35646,16.09833],[-16.35557,16.09943],[-16.35467,16.10084],[-16.35341,16.10323],[-16.35271,16.10481],[-16.35159,16.10773],[-16.35126,16.10915],[-16.35114,16.1101],[-16.3511,16.11333],[-16.35091,16.11467],[-16.35096,16.11674],[-16.35039,16.11998],[-16.35032,16.12165],[-16.34976,16.12363],[-16.3494,16.12567],[-16.34931,16.12713],[-16.34916,16.12772],[-16.34839,16.12959],[-16.34773,16.13089],[-16.34655,16.13268],[-16.34515,16.13387],[-16.34337,16.13555],[-16.34132,16.13715],[-16.33966,16.13833],[-16.33846,16.13931],[-16.33709,16.14017],[-16.33595,16.14062],[-16.33556,16.14063],[-16.33451,16.14024],[-16.33452,16.12796],[-16.33451,16.11853],[-16.33448,16.10793],[-16.33442,16.10106],[-16.33431,16.09397],[-16.33405,16.08309],[-16.33388,16.07276],[-16.33377,16.06252],[-16.33362,16.05241],[-16.33341,16.04303],[-16.3333,16.03539],[-16.33331,16.03012],[-16.33321,16.02707],[-16.33315,16.02345],[-16.30582,16.02381],[-16.29798,16.02386],[-16.29439,16.024],[-16.28966,16.02411],[-16.28044,16.02985],[-16.27681,16.03228],[-16.27252,16.03104],[-16.26617,16.02925],[-16.26072,16.0278],[-16.25825,16.02711],[-16.25491,16.02608],[-16.24848,16.02399],[-16.24069,16.02379],[-16.23182,16.02362],[-16.22484,16.02334],[-16.22319,16.0233],[-16.21974,16.02333],[-16.21873,16.02348],[-16.21772,16.02347],[-16.21724,16.02386],[-16.21731,16.02566],[-16.21797,16.02711],[-16.21943,16.02946],[-16.2207,16.03108],[-16.22298,16.03376],[-16.22439,16.0356],[-16.22701,16.03938],[-16.22749,16.04037],[-16.22747,16.04091],[-16.22694,16.04147],[-16.22581,16.04191],[-16.22463,16.04183],[-16.22371,16.0415],[-16.22265,16.04079],[-16.22093,16.0394],[-16.2173,16.03694],[-16.21382,16.0345],[-16.20972,16.0315],[-16.2021,16.02575],[-16.19859,16.02314],[-16.1757,16.00647],[-16.16927,16.0062],[-16.16412,16.00604],[-16.16088,16.00599],[-16.15166,16.00593],[-16.14134,16.00571],[-16.13662,16.00558],[-16.09626,16.02612],[-16.08014,16.03375],[-16.05019,16.04785],[-16.0237,16.05986],[-16.02217,16.06068],[-16.01992,16.06144],[-16.01648,16.06284],[-16.01488,16.06363],[-16.01136,16.06566],[-16.00908,16.06706],[-16.00802,16.06756],[-16.00549,16.06859],[-16.00095,16.07073],[-15.99736,16.07257],[-15.99464,16.0742],[-15.99288,16.07513],[-15.99037,16.0762],[-15.98737,16.07775],[-15.9845,16.07917],[-15.98033,16.08104],[-15.97661,16.08286],[-15.97386,16.08407],[-15.97055,16.08575],[-15.96846,16.08706],[-15.96641,16.08856],[-15.96485,16.0894],[-15.96125,16.09103],[-15.95908,16.09186],[-15.95536,16.09303],[-15.95221,16.09383],[-15.95131,16.09413],[-15.94825,16.09537],[-15.94507,16.09631],[-15.94259,16.09722],[-15.93934,16.09866],[-15.93574,16.10058],[-15.93218,16.10193],[-15.93064,16.10277],[-15.92927,16.10373],[-15.92806,16.10502],[-15.92712,16.10635],[-15.92532,16.10867],[-15.92423,16.11087],[-15.92363,16.11194],[-15.92192,16.11439],[-15.92053,16.1168],[-15.9198,16.11785],[-15.91796,16.11975],[-15.917,16.12057],[-15.91484,16.12223],[-15.91255,16.12419],[-15.91096,16.12564],[-15.90807,16.12848],[-15.90676,16.12971],[-15.90339,16.1327],[-15.90114,16.13457],[-15.89791,16.13738],[-15.89658,16.1386],[-15.89392,16.14118],[-15.8911,16.14365],[-15.88743,16.14698],[-15.88357,16.15027],[-15.882,16.15171],[-15.8797,16.15397],[-15.87831,16.15525],[-15.87662,16.15661],[-15.87359,16.15884],[-15.86985,16.16177],[-15.86667,16.16415],[-15.86382,16.16617],[-15.86195,16.16742],[-15.85703,16.17059],[-15.85473,16.17222],[-15.85172,16.17453],[-15.84946,16.1761],[-15.84746,16.17725],[-15.84504,16.17855],[-15.84396,16.17919],[-15.83849,16.1827],[-15.83697,16.18363],[-15.83438,16.18494],[-15.82997,16.18686],[-15.82801,16.18759],[-15.82707,16.18783],[-15.82597,16.18788],[-15.82542,16.18778],[-15.82468,16.1874],[-15.82281,16.18577],[-15.822,16.18485],[-15.80564,16.16737],[-15.72621,16.08242],[-15.71083,16.06596],[-15.69131,16.04506],[-15.67409,16.02662],[-15.65046,16.00195],[-15.6062,15.95431],[-15.58076,15.92692],[-15.58063,15.93286],[-15.58053,15.96974],[-15.58045,16.00001],[-15.46794,16.00004],[-15.43957,16.00004],[-15.4396,16.00252],[-15.4372,16.03484],[-15.43259,16.09971],[-15.42817,16.16],[-15.42778,16.16248],[-15.42068,16.17494],[-15.40056,16.21133],[-15.40116,16.21573],[-15.4069,16.28192],[-15.41277,16.35008],[-15.41589,16.36098],[-15.43681,16.43718],[-15.43333,16.43942],[-15.38143,16.47287],[-15.33577,16.5015],[-15.33485,16.50389],[-15.33467,16.52639],[-15.33446,16.55232],[-15.33339,16.56214]]]},"properties":{"slug":"dagana","name":"Dagana","department":"Dagana","code":"SN1001","parent":"region-saint-louis"}},{"type":"Feature","geometry":{"type":"Polygon","coordinates":[[[-16.45624,12.36108],[-16.45653,12.36158],[-16.45645,12.36206],[-16.45535,12.3624],[-16.4535,12.36271],[-16.45284,12.3629],[-16.45251,12.36338],[-16.45262,12.36464],[-16.45254,12.36512],[-16.45201,12.36584],[-16.45134,12.36585],[-16.45025,12.36556],[-16.44949,12.36521],[-16.44769,12.3663],[-16.44601,12.36771],[-16.44542,12.36847],[-16.44496,12.37004],[-16.44459,12.37408],[-16.44386,12.37506],[-16.44271,12.37599],[-16.44171,12.37634],[-16.44047,12.37634],[-16.43982,12.37603],[-16.43906,12.37464],[-16.43827,12.3742],[-16.43714,12.37444],[-16.43536,12.37582],[-16.43461,12.37632],[-16.43401,12.37709],[-16.43374,12.37773],[-16.43358,12.37901],[-16.43432,12.37989],[-16.43527,12.38079],[-16.4371,12.38281],[-16.43824,12.38371],[-16.43946,12.38399],[-16.44172,12.38287],[-16.44366,12.38198],[-16.44472,12.38189],[-16.44626,12.3822],[-16.44744,12.38279],[-16.44878,12.38371],[-16.4496,12.38466],[-16.44994,12.38609],[-16.44987,12.38801],[-16.45012,12.39108],[-16.45046,12.39454],[-16.45091,12.39757],[-16.45129,12.39957],[-16.45144,12.40107],[-16.45133,12.40338],[-16.45085,12.40491],[-16.44988,12.40642],[-16.44822,12.40826],[-16.44746,12.40971],[-16.44486,12.41498],[-16.44332,12.41797],[-16.4408,12.4225],[-16.43823,12.42673],[-16.43775,12.42817],[-16.43772,12.43056],[-16.43842,12.43231],[-16.43913,12.43354],[-16.44047,12.43526],[-16.44202,12.43628],[-16.44426,12.43714],[-16.44512,12.43742],[-16.44819,12.43816],[-16.45324,12.44068],[-16.45446,12.44126],[-16.45577,12.44214],[-16.45649,12.4428],[-16.45748,12.44393],[-16.45854,12.44688],[-16.4598,12.44905],[-16.46074,12.45104],[-16.46224,12.45515],[-16.46307,12.45769],[-16.46388,12.46049],[-16.46481,12.46406],[-16.4672,12.46931],[-16.46803,12.47282],[-16.46869,12.47672],[-16.46847,12.47998],[-16.46775,12.48166],[-16.46662,12.48279],[-16.46549,12.48342],[-16.46435,12.48384],[-16.46208,12.4844],[-16.46006,12.48449],[-16.45667,12.48433],[-16.4544,12.48404],[-16.45178,12.48406],[-16.44975,12.48447],[-16.44845,12.48527],[-16.44776,12.48649],[-16.44717,12.48791],[-16.44727,12.48991],[-16.44809,12.49237],[-16.44891,12.49433],[-16.44977,12.49608],[-16.45112,12.49849],[-16.45267,12.50024],[-16.45341,12.50094],[-16.45474,12.50195],[-16.45699,12.5034],[-16.459,12.50402],[-16.46123,12.50455],[-16.46378,12.50494],[-16.46679,12.50559],[-16.47162,12.50683],[-16.474,12.50787],[-16.47586,12.50879],[-16.47726,12.50958],[-16.47895,12.51065],[-16.48035,12.51169],[-16.48244,12.51342],[-16.48377,12.51458],[-16.4852,12.51611],[-16.48614,12.51736],[-16.48658,12.5182],[-16.48731,12.52001],[-16.48848,12.52258],[-16.48967,12.52553],[-16.49145,12.53041],[-16.4919,12.53192],[-16.49228,12.53469],[-16.49273,12.53613],[-16.49242,12.53853],[-16.49162,12.54004],[-16.49017,12.54163],[-16.48882,12.54297],[-16.48821,12.54391],[-16.48702,12.54624],[-16.48663,12.5478],[-16.48681,12.5498],[-16.48722,12.55099],[-16.48867,12.55276],[-16.48924,12.55335],[-16.49055,12.55432],[-16.49219,12.55522],[-16.49452,12.55611],[-16.49709,12.55685],[-16.49881,12.55714],[-16.50016,12.55722],[-16.50126,12.55716],[-16.50389,12.55688],[-16.50495,12.55615],[-16.50673,12.55511],[-16.50795,12.55391],[-16.50963,12.55262],[-16.51179,12.55143],[-16.51458,12.55036],[-16.51823,12.55002],[-16.52025,12.55017],[-16.52245,12.55111],[-16.52506,12.55253],[-16.52694,12.55436],[-16.52898,12.55729],[-16.52989,12.56016],[-16.53113,12.56334],[-16.53199,12.56724],[-16.5332,12.5713],[-16.53364,12.57316],[-16.53403,12.57509],[-16.53506,12.58173],[-16.53532,12.58389],[-16.53492,12.58659],[-16.53477,12.58827],[-16.53381,12.59131],[-16.5331,12.59378],[-16.53189,12.59642],[-16.53101,12.59882],[-16.52909,12.60385],[-16.52829,12.60577],[-16.52693,12.60786],[-16.52485,12.61082],[-16.5225,12.61433],[-16.51988,12.61832],[-16.51823,12.62065],[-16.52109,12.62295],[-16.53112,12.63054],[-16.53618,12.63402],[-16.54059,12.63662],[-16.54555,12.63943],[-16.54814,12.6408],[-16.5514,12.64242],[-16.55591,12.64453],[-16.5576,12.64523],[-16.55936,12.64583],[-16.56257,12.64678],[-16.56598,12.64748],[-16.56988,12.6481],[-16.57355,12.64834],[-16.57635,12.64829],[-16.57825,12.6482],[-16.58149,12.64755],[-16.58433,12.64681],[-16.58627,12.64608],[-16.58902,12.64485],[-16.59186,12.64373],[-16.59381,12.64258],[-16.59547,12.64145],[-16.5969,12.6403],[-16.59876,12.63898],[-16.60117,12.63746],[-16.60238,12.63658],[-16.60373,12.63547],[-16.60771,12.63205],[-16.60934,12.63059],[-16.61215,12.62796],[-16.61364,12.62644],[-16.61476,12.62538],[-16.61755,12.62292],[-16.62392,12.61747],[-16.62732,12.61464],[-16.63226,12.61065],[-16.63598,12.60735],[-16.63824,12.6055],[-16.64001,12.60424],[-16.64286,12.60238],[-16.64592,12.60052],[-16.65005,12.59793],[-16.65431,12.59532],[-16.65652,12.594],[-16.6587,12.59279],[-16.66093,12.59163],[-16.66508,12.5896],[-16.66882,12.58766],[-16.67232,12.58571],[-16.6745,12.58457],[-16.68086,12.58153],[-16.68654,12.57873],[-16.68959,12.57711],[-16.69389,12.57471],[-16.69811,12.57266],[-16.70151,12.57114],[-16.70716,12.5688],[-16.71138,12.56716],[-16.7166,12.56526],[-16.72117,12.56356],[-16.72393,12.5626],[-16.72744,12.56156],[-16.73558,12.5595],[-16.73664,12.55928],[-16.73887,12.55894],[-16.74061,12.55858],[-16.7436,12.55777],[-16.74914,12.55664],[-16.7494,12.54493],[-16.75028,12.54547],[-16.75242,12.54557],[-16.75319,12.54545],[-16.75587,12.54444],[-16.75827,12.5431],[-16.75927,12.54223],[-16.76108,12.54098],[-16.76215,12.54011],[-16.76271,12.53952],[-16.76382,12.53871],[-16.76469,12.53781],[-16.76576,12.53701],[-16.76697,12.53591],[-16.76762,12.5351],[-16.7685,12.53434],[-16.76952,12.53322],[-16.77166,12.53108],[-16.77222,12.53033],[-16.77351,12.52827],[-16.77508,12.52529],[-16.7757,12.52397],[-16.77624,12.52257],[-16.77708,12.52087],[-16.77779,12.51896],[-16.77826,12.51714],[-16.77945,12.51364],[-16.78024,12.51025],[-16.78085,12.50811],[-16.78138,12.50671],[-16.78132,12.50596],[-16.78188,12.50453],[-16.7824,12.50267],[-16.78378,12.49867],[-16.78436,12.49733],[-16.78495,12.49628],[-16.78564,12.49421],[-16.78626,12.49344],[-16.78786,12.49117],[-16.78868,12.48943],[-16.79001,12.48725],[-16.79193,12.48492],[-16.79213,12.48421],[-16.79199,12.48262],[-16.79168,12.48126],[-16.79094,12.48023],[-16.79054,12.47912],[-16.79018,12.47749],[-16.78997,12.47508],[-16.78959,12.47266],[-16.78955,12.46912],[-16.78984,12.46793],[-16.78993,12.46709],[-16.78987,12.46593],[-16.79007,12.46274],[-16.78988,12.46144],[-16.78987,12.4604],[-16.78969,12.45887],[-16.78967,12.45782],[-16.78953,12.45679],[-16.78891,12.45462],[-16.78792,12.45197],[-16.78674,12.44963],[-16.78556,12.44761],[-16.78397,12.44386],[-16.78362,12.44265],[-16.78347,12.44174],[-16.78316,12.44069],[-16.78237,12.43857],[-16.7822,12.43716],[-16.78207,12.43433],[-16.78192,12.4331],[-16.78132,12.4307],[-16.7811,12.42839],[-16.78087,12.42774],[-16.78,12.42661],[-16.77922,12.42511],[-16.77838,12.42263],[-16.77778,12.42142],[-16.77679,12.41987],[-16.77638,12.41884],[-16.77577,12.41665],[-16.7754,12.41562],[-16.77518,12.41387],[-16.77473,12.41275],[-16.77384,12.41185],[-16.77343,12.41107],[-16.773,12.40984],[-16.77257,12.4082],[-16.77201,12.40527],[-16.77186,12.40485],[-16.77108,12.40425],[-16.76884,12.40383],[-16.7673,12.40378],[-16.76608,12.40332],[-16.7655,12.40272],[-16.76493,12.40169],[-16.76444,12.40052],[-16.7638,12.39707],[-16.76303,12.39741],[-16.76217,12.39757],[-16.76076,12.39763],[-16.76029,12.39752],[-16.75942,12.39674],[-16.75839,12.39545],[-16.7577,12.39428],[-16.75716,12.39318],[-16.75674,12.39267],[-16.75584,12.39198],[-16.75444,12.39135],[-16.75288,12.39163],[-16.75148,12.39105],[-16.75073,12.39049],[-16.74971,12.38949],[-16.7474,12.38649],[-16.74662,12.38559],[-16.74621,12.38494],[-16.74578,12.38352],[-16.74558,12.3825],[-16.74504,12.38172],[-16.74266,12.38235],[-16.74192,12.38238],[-16.7404,12.38197],[-16.73957,12.38163],[-16.73784,12.38068],[-16.73716,12.3801],[-16.7362,12.37853],[-16.73448,12.37588],[-16.73336,12.37395],[-16.73299,12.37267],[-16.7318,12.37032],[-16.73135,12.36881],[-16.7309,12.3652],[-16.73025,12.35898],[-16.73024,12.35834],[-16.73047,12.35715],[-16.73039,12.35616],[-16.72981,12.3552],[-16.72874,12.35443],[-16.72668,12.35233],[-16.72412,12.3489],[-16.72308,12.34783],[-16.72104,12.34588],[-16.72038,12.34515],[-16.71953,12.34396],[-16.71846,12.34212],[-16.7177,12.34069],[-16.71679,12.33965],[-16.71272,12.34266],[-16.70893,12.34543],[-16.70497,12.34829],[-16.7013,12.3509],[-16.69426,12.35579],[-16.69109,12.35794],[-16.68795,12.36001],[-16.67839,12.35991],[-16.63531,12.35993],[-16.60408,12.34744],[-16.59047,12.34943],[-16.57163,12.35366],[-16.55651,12.35703],[-16.5466,12.3592],[-16.54235,12.36008],[-16.53787,12.35899],[-16.53338,12.35785],[-16.52873,12.35662],[-16.52449,12.35545],[-16.52007,12.35418],[-16.51651,12.35311],[-16.51299,12.35199],[-16.5096,12.35085],[-16.50692,12.3518],[-16.50125,12.35364],[-16.49855,12.35446],[-16.49325,12.35591],[-16.48839,12.35702],[-16.46575,12.35987],[-16.45624,12.36108]]]},"properties":{"slug":"oussouye","name":"Oussouye","department":"Oussouye","code":"SN1402","parent":"region-ziguinchor"}},{"type":"Feature","geometry":{"type":"Polygon","coordinates":[[[-15.89124,12.44964],[-15.89064,12.45192],[-15.89029,12.45539],[-15.89103,12.45826],[-15.89214,12.46172],[-15.89507,12.46542],[-15.89715,12.46697],[-15.89934,12.46792],[-15.90202,12.46827],[-15.90421,12.46802],[-15.9064,12.46801],[-15.90957,12.46812],[-15.91273,12.46811],[-15.91455,12.46739],[-15.92027,12.46498],[-15.92221,12.46425],[-15.92307,12.46497],[-15.92429,12.46711],[-15.92674,12.47129],[-15.92956,12.47786],[-15.92786,12.47835],[-15.92604,12.47919],[-15.92458,12.48003],[-15.92398,12.48147],[-15.92386,12.48338],[-15.92436,12.48649],[-15.92547,12.48984],[-15.92633,12.49211],[-15.92743,12.49521],[-15.92769,12.49868],[-15.9277,12.50107],[-15.9271,12.50347],[-15.92625,12.50503],[-15.92601,12.50634],[-15.92602,12.50778],[-15.92651,12.50945],[-15.92652,12.51125],[-15.9258,12.51352],[-15.92556,12.5152],[-15.92678,12.5177],[-15.92874,12.51973],[-15.93093,12.5208],[-15.93338,12.52247],[-15.93423,12.52294],[-15.93638,12.52436],[-15.93755,12.52543],[-15.93879,12.52599],[-15.94029,12.52627],[-15.94091,12.52649],[-15.94313,12.52801],[-15.94483,12.52899],[-15.94714,12.53048],[-15.94809,12.5309],[-15.9511,12.53162],[-15.95329,12.53232],[-15.95394,12.53334],[-15.95375,12.53426],[-15.95283,12.53483],[-15.95243,12.53583],[-15.95252,12.53686],[-15.95294,12.53788],[-15.954,12.53926],[-15.95505,12.54006],[-15.95594,12.54026],[-15.95671,12.5406],[-15.95776,12.54157],[-15.95816,12.54243],[-15.9583,12.54309],[-15.95824,12.54482],[-15.95851,12.54619],[-15.95893,12.54756],[-15.95878,12.54862],[-15.95783,12.54944],[-15.95501,12.55036],[-15.95448,12.55076],[-15.95438,12.55151],[-15.95468,12.55263],[-15.95568,12.55428],[-15.95666,12.55538],[-15.95753,12.55648],[-15.95784,12.55721],[-15.95772,12.55849],[-15.95777,12.55902],[-15.95861,12.56019],[-15.95875,12.56089],[-15.95855,12.56256],[-15.95871,12.563],[-15.95923,12.56335],[-15.96025,12.56329],[-15.96129,12.56347],[-15.96292,12.56649],[-15.9634,12.56702],[-15.96429,12.56759],[-15.96547,12.56791],[-15.9656,12.56896],[-15.96518,12.56967],[-15.9652,12.57027],[-15.96624,12.57137],[-15.96667,12.57163],[-15.96756,12.57139],[-15.9683,12.5716],[-15.96866,12.5722],[-15.96854,12.57281],[-15.96743,12.57339],[-15.96687,12.57426],[-15.96695,12.57496],[-15.96743,12.57531],[-15.96759,12.57615],[-15.96708,12.57699],[-15.96717,12.57775],[-15.96808,12.57883],[-15.96823,12.5797],[-15.96796,12.58087],[-15.96658,12.58277],[-15.9662,12.58347],[-15.96568,12.5852],[-15.9651,12.58603],[-15.96429,12.58654],[-15.96352,12.58724],[-15.96292,12.58808],[-15.96177,12.59052],[-15.96128,12.5922],[-15.96125,12.59306],[-15.96151,12.59365],[-15.96211,12.59445],[-15.96253,12.59539],[-15.9625,12.59607],[-15.96185,12.59692],[-15.96251,12.59764],[-15.96431,12.59767],[-15.96464,12.59799],[-15.96458,12.59904],[-15.96478,12.6002],[-15.96532,12.601],[-15.96636,12.60174],[-15.96677,12.60241],[-15.96677,12.60305],[-15.96655,12.60355],[-15.96583,12.60388],[-15.96475,12.6046],[-15.96414,12.60562],[-15.96407,12.60642],[-15.96457,12.60858],[-15.96478,12.61001],[-15.96558,12.61355],[-15.96607,12.61553],[-15.96707,12.61862],[-15.9674,12.61996],[-15.96766,12.62192],[-15.96768,12.62434],[-15.96786,12.62581],[-15.96806,12.62653],[-15.96865,12.62748],[-15.97199,12.63057],[-15.97338,12.63167],[-15.97537,12.63306],[-15.97774,12.63732],[-15.97935,12.64089],[-15.98375,12.64762],[-15.98883,12.65243],[-15.99489,12.65576],[-15.99924,12.65737],[-16.00595,12.65755],[-16.00772,12.65775],[-16.01016,12.65774],[-16.0126,12.65742],[-16.01502,12.6566],[-16.0169,12.65548],[-16.02022,12.65292],[-16.02289,12.65051],[-16.02572,12.64684],[-16.02847,12.64364],[-16.0317,12.63948],[-16.03623,12.63444],[-16.04011,12.63044],[-16.04415,12.62604],[-16.04707,12.62339],[-16.05127,12.62091],[-16.05391,12.61997],[-16.05584,12.6191],[-16.05699,12.61868],[-16.05906,12.61808],[-16.06085,12.61791],[-16.06353,12.61798],[-16.06599,12.61792],[-16.06968,12.61773],[-16.07207,12.61773],[-16.07533,12.61781],[-16.08083,12.618],[-16.08951,12.61756],[-16.09682,12.61706],[-16.10121,12.616],[-16.1038,12.61496],[-16.10655,12.61367],[-16.11012,12.61134],[-16.11236,12.60957],[-16.11407,12.60803],[-16.11627,12.60589],[-16.11783,12.60408],[-16.11879,12.60318],[-16.12024,12.60214],[-16.12257,12.60069],[-16.12428,12.59984],[-16.12696,12.59899],[-16.17028,12.58891],[-16.17481,12.58816],[-16.177,12.58795],[-16.17945,12.58792],[-16.18164,12.58831],[-16.18327,12.58926],[-16.1849,12.5904],[-16.18594,12.59121],[-16.18717,12.59228],[-16.18894,12.59403],[-16.19118,12.59605],[-16.1929,12.59753],[-16.1972,12.60111],[-16.19949,12.60298],[-16.20275,12.60504],[-16.20577,12.60732],[-16.20837,12.60894],[-16.2099,12.60968],[-16.21167,12.61029],[-16.21341,12.61073],[-16.21569,12.61103],[-16.21838,12.61069],[-16.22048,12.61022],[-16.22437,12.60909],[-16.22712,12.60758],[-16.22937,12.60615],[-16.23035,12.60543],[-16.2323,12.60381],[-16.23483,12.60211],[-16.23663,12.60079],[-16.23864,12.59913],[-16.23996,12.59818],[-16.24191,12.597],[-16.24444,12.5956],[-16.2466,12.59424],[-16.24877,12.59303],[-16.25104,12.59203],[-16.25306,12.59139],[-16.25481,12.59093],[-16.25912,12.59027],[-16.26219,12.59011],[-16.2637,12.59013],[-16.26589,12.5904],[-16.26894,12.59101],[-16.27187,12.59116],[-16.2735,12.59101],[-16.27547,12.59106],[-16.27704,12.59127],[-16.27893,12.59137],[-16.28244,12.59263],[-16.28618,12.59492],[-16.28836,12.59629],[-16.29131,12.59801],[-16.29408,12.59951],[-16.29575,12.60067],[-16.29728,12.6016],[-16.29987,12.60283],[-16.3023,12.60369],[-16.30653,12.60455],[-16.30929,12.60438],[-16.31546,12.6045],[-16.32025,12.60425],[-16.32537,12.60318],[-16.32861,12.60173],[-16.33071,12.60021],[-16.33272,12.59868],[-16.33416,12.59709],[-16.33644,12.59419],[-16.33845,12.59079],[-16.33946,12.58896],[-16.34151,12.58493],[-16.34399,12.57837],[-16.34648,12.5735],[-16.35139,12.56503],[-16.3526,12.56316],[-16.35413,12.56116],[-16.35616,12.55895],[-16.35865,12.55645],[-16.3614,12.55437],[-16.36554,12.55299],[-16.36881,12.5526],[-16.3713,12.55265],[-16.37374,12.55295],[-16.3778,12.55485],[-16.37968,12.55599],[-16.38099,12.55694],[-16.38229,12.55813],[-16.38379,12.5597],[-16.38784,12.56356],[-16.39217,12.56753],[-16.39501,12.56927],[-16.39762,12.57053],[-16.40108,12.5712],[-16.40443,12.57159],[-16.40586,12.57181],[-16.40977,12.57264],[-16.41114,12.57289],[-16.4146,12.57331],[-16.41785,12.57425],[-16.42184,12.57502],[-16.42591,12.57667],[-16.42835,12.57802],[-16.43357,12.58253],[-16.43725,12.58698],[-16.44018,12.5896],[-16.44644,12.59614],[-16.44701,12.59661],[-16.44809,12.59714],[-16.44949,12.59759],[-16.45266,12.59885],[-16.45632,12.59995],[-16.4581,12.59991],[-16.45985,12.59997],[-16.46186,12.60019],[-16.46464,12.60064],[-16.46756,12.60121],[-16.47028,12.60156],[-16.47292,12.60169],[-16.47594,12.60202],[-16.48052,12.60268],[-16.48574,12.60353],[-16.48883,12.60447],[-16.49175,12.60518],[-16.49957,12.60864],[-16.50294,12.61035],[-16.50533,12.61164],[-16.50796,12.61328],[-16.51105,12.61547],[-16.51277,12.61678],[-16.51823,12.62065],[-16.51988,12.61832],[-16.5225,12.61433],[-16.52485,12.61082],[-16.52693,12.60786],[-16.52829,12.60577],[-16.52909,12.60385],[-16.53101,12.59882],[-16.53189,12.59642],[-16.5331,12.59378],[-16.53381,12.59131],[-16.53477,12.58827],[-16.53492,12.58659],[-16.53532,12.58389],[-16.53506,12.58173],[-16.53403,12.57509],[-16.53364,12.57316],[-16.5332,12.5713],[-16.53199,12.56724],[-16.53113,12.56334],[-16.52989,12.56016],[-16.52898,12.55729],[-16.52694,12.55436],[-16.52506,12.55253],[-16.52245,12.55111],[-16.52025,12.55017],[-16.51823,12.55002],[-16.51458,12.55036],[-16.51179,12.55143],[-16.50963,12.55262],[-16.50795,12.55391],[-16.50673,12.55511],[-16.50495,12.55615],[-16.50389,12.55688],[-16.50126,12.55716],[-16.50016,12.55722],[-16.49881,12.55714],[-16.49709,12.55685],[-16.49452,12.55611],[-16.49219,12.55522],[-16.49055,12.55432],[-16.48924,12.55335],[-16.48867,12.55276],[-16.48722,12.55099],[-16.48681,12.5498],[-16.48663,12.5478],[-16.48702,12.54624],[-16.48821,12.54391],[-16.48882,12.54297],[-16.49017,12.54163],[-16.49162,12.54004],[-16.49242,12.53853],[-16.49273,12.53613],[-16.49228,12.53469],[-16.4919,12.53192],[-16.49145,12.53041],[-16.48967,12.52553],[-16.48848,12.52258],[-16.48731,12.52001],[-16.48658,12.5182],[-16.48614,12.51736],[-16.4852,12.51611],[-16.48377,12.51458],[-16.48244,12.51342],[-16.48035,12.51169],[-16.47895,12.51065],[-16.47726,12.50958],[-16.47586,12.50879],[-16.474,12.50787],[-16.47162,12.50683],[-16.46679,12.50559],[-16.46378,12.50494],[-16.46123,12.50455],[-16.459,12.50402],[-16.45699,12.5034],[-16.45474,12.50195],[-16.45341,12.50094],[-16.45267,12.50024],[-16.45112,12.49849],[-16.44977,12.49608],[-16.44891,12.49433],[-16.44809,12.49237],[-16.44727,12.48991],[-16.44717,12.48791],[-16.44776,12.48649],[-16.44845,12.48527],[-16.44975,12.48447],[-16.45178,12.48406],[-16.4544,12.48404],[-16.45667,12.48433],[-16.46006,12.48449],[-16.46208,12.4844],[-16.46435,12.48384],[-16.46549,12.48342],[-16.46662,12.48279],[-16.46775,12.48166],[-16.46847,12.47998],[-16.46869,12.47672],[-16.46803,12.47282],[-16.4672,12.46931],[-16.46481,12.46406],[-16.46388,12.46049],[-16.46307,12.45769],[-16.46224,12.45515],[-16.46074,12.45104],[-16.4598,12.44905],[-16.45854,12.44688],[-16.45748,12.44393],[-16.45649,12.4428],[-16.45577,12.44214],[-16.45446,12.44126],[-16.45324,12.44068],[-16.44819,12.43816],[-16.44512,12.43742],[-16.44426,12.43714],[-16.44202,12.43628],[-16.44047,12.43526],[-16.43913,12.43354],[-16.43842,12.43231],[-16.43772,12.43056],[-16.43775,12.42817],[-16.43823,12.42673],[-16.4408,12.4225],[-16.44332,12.41797],[-16.44486,12.41498],[-16.44746,12.40971],[-16.44822,12.40826],[-16.44988,12.40642],[-16.45085,12.40491],[-16.45133,12.40338],[-16.45144,12.40107],[-16.45129,12.39957],[-16.45091,12.39757],[-16.45046,12.39454],[-16.45012,12.39108],[-16.44987,12.38801],[-16.44994,12.38609],[-16.4496,12.38466],[-16.44878,12.38371],[-16.44744,12.38279],[-16.44626,12.3822],[-16.44472,12.38189],[-16.44366,12.38198],[-16.44172,12.38287],[-16.43946,12.38399],[-16.43824,12.38371],[-16.4371,12.38281],[-16.43527,12.38079],[-16.43432,12.37989],[-16.43358,12.37901],[-16.43374,12.37773],[-16.43401,12.37709],[-16.43461,12.37632],[-16.43536,12.37582],[-16.43714,12.37444],[-16.43827,12.3742],[-16.43906,12.37464],[-16.43982,12.37603],[-16.44047,12.37634],[-16.44171,12.37634],[-16.44271,12.37599],[-16.44386,12.37506],[-16.44459,12.37408],[-16.44496,12.37004],[-16.44542,12.36847],[-16.44601,12.36771],[-16.44769,12.3663],[-16.44949,12.36521],[-16.45025,12.36556],[-16.45134,12.36585],[-16.45201,12.36584],[-16.45254,12.36512],[-16.45262,12.36464],[-16.45251,12.36338],[-16.45284,12.3629],[-16.4535,12.36271],[-16.45535,12.3624],[-16.45645,12.36206],[-16.45653,12.36158],[-16.45624,12.36108],[-16.45313,12.36154],[-16.44544,12.36272],[-16.43922,12.36366],[-16.43373,12.36444],[-16.42667,12.36533],[-16.42421,12.36558],[-16.42119,12.36584],[-16.41737,12.36602],[-16.41394,12.36602],[-16.40562,12.36593],[-16.39822,12.36578],[-16.3899,12.36556],[-16.38477,12.36539],[-16.37959,12.36518],[-16.37664,12.36503],[-16.37485,12.36807],[-16.37314,12.37123],[-16.37166,12.3742],[-16.37046,12.37694],[-16.34926,12.38813],[-16.33987,12.39327],[-16.27536,12.42532],[-16.24638,12.43966],[-16.23104,12.44732],[-16.22451,12.45059],[-16.21706,12.45516],[-16.20249,12.46057],[-16.17085,12.45223],[-16.16207,12.44994],[-16.15885,12.44912],[-16.14967,12.45145],[-16.14207,12.45342],[-16.133,12.45633],[-16.13022,12.45688],[-16.124,12.45822],[-16.1206,12.45899],[-16.10688,12.46223],[-16.09753,12.46454],[-16.08956,12.46655],[-16.08137,12.46865],[-16.07392,12.47058],[-16.06715,12.47238],[-16.06342,12.47375],[-16.05563,12.4734],[-16.04946,12.47309],[-16.04477,12.47281],[-16.03614,12.47226],[-15.95349,12.44234],[-15.93231,12.44466],[-15.90093,12.4481],[-15.89124,12.44964]]]},"properties":{"slug":"ziguinchor","name":"Ziguinchor","department":"Ziguinchor","code":"SN1403","parent":"region-ziguinchor"}},{"type":"Feature","geometry":{"type":"Polygon","coordinates":[[[-15.22517,13.04917],[-15.22646,13.04905],[-15.22839,13.04908],[-15.22988,13.04948],[-15.23125,13.04928],[-15.23291,13.04794],[-15.23456,13.04756],[-15.23749,13.04717],[-15.23979,13.0466],[-15.24784,13.04487],[-15.26677,13.04088],[-15.27414,13.0401],[-15.2879,13.0386],[-15.30213,13.03696],[-15.33115,13.03312],[-15.37008,13.02814],[-15.37993,13.023],[-15.39522,13.01502],[-15.39693,13.01394],[-15.39997,13.01226],[-15.40424,13.01022],[-15.40753,13.0083],[-15.41106,13.00579],[-15.4146,13.00339],[-15.41801,13.00111],[-15.42118,12.99943],[-15.42508,12.99787],[-15.43824,12.9921],[-15.44324,12.99018],[-15.44702,12.98838],[-15.45153,12.98634],[-15.46079,12.98226],[-15.46543,12.98033],[-15.46908,12.97889],[-15.47298,12.97709],[-15.47969,12.97421],[-15.48383,12.97264],[-15.48956,12.97012],[-15.4937,12.96856],[-15.49687,12.96724],[-15.50065,12.96544],[-15.50467,12.96387],[-15.50711,12.96303],[-15.51028,12.96171],[-15.51832,12.95858],[-15.52137,12.95726],[-15.52466,12.9557],[-15.52758,12.9545],[-15.5316,12.95305],[-15.53562,12.95125],[-15.53928,12.95005],[-15.54135,12.94885],[-15.54537,12.94692],[-15.54927,12.94572],[-15.55342,12.94428],[-15.55646,12.94295],[-15.56048,12.94103],[-15.56341,12.94031],[-15.57023,12.93718],[-15.5751,12.93454],[-15.57949,12.93238],[-15.58302,12.93033],[-15.5868,12.92841],[-15.59057,12.92661],[-15.59276,12.92505],[-15.59544,12.92385],[-15.59934,12.92145],[-15.60214,12.92024],[-15.60567,12.91832],[-15.60935,12.9164],[-15.61247,12.91467],[-15.61491,12.91342],[-15.61705,12.91246],[-15.61919,12.91121],[-15.62085,12.91015],[-15.62358,12.9088],[-15.62845,12.90621],[-15.63264,12.90409],[-15.63449,12.90361],[-15.63839,12.90331],[-15.64395,12.90253],[-15.64658,12.90205],[-15.65283,12.90165],[-15.65595,12.90155],[-15.65907,12.90106],[-15.66238,12.90067],[-15.6655,12.90009],[-15.66862,12.89989],[-15.67467,12.89892],[-15.67876,12.89833],[-15.689,12.89668],[-15.69173,12.89638],[-15.69763,12.89535],[-15.6997,12.89493],[-15.70117,12.8945],[-15.70348,12.89426],[-15.70482,12.8939],[-15.7089,12.89299],[-15.71238,12.89238],[-15.71457,12.89178],[-15.7164,12.89141],[-15.71951,12.89057],[-15.72377,12.88978],[-15.72584,12.88929],[-15.72993,12.8885],[-15.73242,12.88784],[-15.73486,12.88735],[-15.73632,12.88729],[-15.73803,12.88693],[-15.73967,12.88644],[-15.74162,12.88602],[-15.74333,12.88584],[-15.74546,12.88535],[-15.74784,12.88499],[-15.74821,12.88609],[-15.74857,12.88666],[-15.7505,12.88734],[-15.7513,12.88769],[-15.75208,12.88839],[-15.75238,12.88978],[-15.75248,12.89088],[-15.75127,12.89229],[-15.7509,12.89302],[-15.75085,12.89355],[-15.75109,12.89401],[-15.75281,12.89527],[-15.75332,12.89576],[-15.7537,12.89651],[-15.75392,12.89736],[-15.75441,12.89771],[-15.75771,12.89871],[-15.7581,12.89959],[-15.75776,12.90268],[-15.75744,12.90425],[-15.75749,12.90552],[-15.75727,12.90609],[-15.75569,12.90761],[-15.75502,12.90862],[-15.75482,12.90915],[-15.75473,12.91008],[-15.755,12.91194],[-15.75521,12.91261],[-15.75573,12.91349],[-15.75634,12.91421],[-15.75708,12.91465],[-15.75798,12.91482],[-15.75945,12.91467],[-15.7605,12.91442],[-15.76133,12.91443],[-15.76203,12.91477],[-15.76281,12.9155],[-15.76417,12.91807],[-15.76509,12.91936],[-15.76548,12.92011],[-15.76577,12.92118],[-15.76582,12.92265],[-15.76605,12.92436],[-15.76659,12.92538],[-15.767,12.92577],[-15.76801,12.92605],[-15.76952,12.92593],[-15.77023,12.92618],[-15.77132,12.92701],[-15.77264,12.92894],[-15.77334,12.92962],[-15.77355,12.93052],[-15.7731,12.93169],[-15.77258,12.93228],[-15.77182,12.9327],[-15.76999,12.93518],[-15.77,12.9353],[-15.77148,12.93573],[-15.77451,12.93639],[-15.77551,12.93455],[-15.78098,12.93227],[-15.78473,12.93141],[-15.78618,12.9307],[-15.78622,12.93051],[-15.79026,12.93109],[-15.79209,12.93179],[-15.794,12.93333],[-15.7956,12.93435],[-15.79656,12.93617],[-15.79859,12.93772],[-15.80075,12.93829],[-15.80233,12.93799],[-15.8055,12.93813],[-15.80896,12.93699],[-15.81271,12.93669],[-15.81486,12.93528],[-15.81933,12.93512],[-15.8225,12.93468],[-15.8248,12.93453],[-15.82688,12.93379],[-15.82802,12.93405],[-15.82923,12.93449],[-15.83065,12.93545],[-15.83157,12.93596],[-15.83274,12.93638],[-15.83424,12.93729],[-15.8353,12.93829],[-15.8359,12.93905],[-15.83653,12.94009],[-15.83713,12.94143],[-15.83746,12.94237],[-15.83795,12.94426],[-15.83837,12.94668],[-15.8388,12.94849],[-15.83935,12.94979],[-15.83978,12.95052],[-15.84178,12.95341],[-15.84276,12.9554],[-15.84491,12.95666],[-15.84678,12.95736],[-15.85017,12.95762],[-15.85114,12.95749],[-15.85229,12.95711],[-15.85336,12.95658],[-15.85542,12.95539],[-15.85843,12.95399],[-15.85985,12.95354],[-15.862,12.95268],[-15.86388,12.95176],[-15.86572,12.95072],[-15.86791,12.94934],[-15.86984,12.94798],[-15.87033,12.94746],[-15.87095,12.9464],[-15.8731,12.93932],[-15.87365,12.93466],[-15.87321,12.9324],[-15.87407,12.92971],[-15.87637,12.92815],[-15.87708,12.92659],[-15.87795,12.92659],[-15.87853,12.92616],[-15.88011,12.9263],[-15.88213,12.92601],[-15.88444,12.92671],[-15.88588,12.92741],[-15.88818,12.92797],[-15.89092,12.92881],[-15.89309,12.92993],[-15.89511,12.93162],[-15.89772,12.93401],[-15.89916,12.93542],[-15.90191,12.93838],[-15.90321,12.93992],[-15.90539,12.94162],[-15.90885,12.94301],[-15.91188,12.94428],[-15.91678,12.94595],[-15.92197,12.94551],[-15.92477,12.94426],[-15.92566,12.94352],[-15.92625,12.94269],[-15.92741,12.9406],[-15.92836,12.9392],[-15.92986,12.93743],[-15.93096,12.93226],[-15.93213,12.92768],[-15.93212,12.92386],[-15.92982,12.91989],[-15.92891,12.91734],[-15.92764,12.91544],[-15.92629,12.91381],[-15.92542,12.91255],[-15.92394,12.91071],[-15.92202,12.90887],[-15.92038,12.90767],[-15.9186,12.90666],[-15.91721,12.90597],[-15.91592,12.90491],[-15.91533,12.90409],[-15.91441,12.90189],[-15.91391,12.90017],[-15.91373,12.89931],[-15.91361,12.8979],[-15.91366,12.89716],[-15.91354,12.89619],[-15.91371,12.89434],[-15.91415,12.89299],[-15.91511,12.89099],[-15.91616,12.88935],[-15.91695,12.88856],[-15.91862,12.88741],[-15.91972,12.88683],[-15.92192,12.886],[-15.92285,12.88578],[-15.92409,12.88568],[-15.92604,12.88534],[-15.92863,12.8843],[-15.92994,12.88399],[-15.93221,12.88367],[-15.93343,12.88362],[-15.93489,12.88372],[-15.93712,12.88402],[-15.93966,12.88451],[-15.94113,12.88491],[-15.94385,12.8852],[-15.94842,12.88699],[-15.94987,12.88778],[-15.95072,12.88836],[-15.95217,12.88962],[-15.95313,12.89073],[-15.9542,12.89216],[-15.95505,12.89274],[-15.95692,12.89346],[-15.95852,12.89368],[-15.96155,12.8937],[-15.96275,12.89349],[-15.96448,12.8928],[-15.96544,12.89255],[-15.96746,12.89118],[-15.96848,12.89019],[-15.9708,12.88899],[-15.97207,12.88779],[-15.97335,12.88671],[-15.97441,12.88594],[-15.97521,12.88516],[-15.9759,12.88401],[-15.97685,12.88173],[-15.9774,12.88056],[-15.97748,12.87971],[-15.97796,12.87804],[-15.97829,12.8757],[-15.97746,12.87113],[-15.97674,12.86959],[-15.97592,12.86754],[-15.97448,12.86478],[-15.97346,12.8631],[-15.97169,12.85715],[-15.9731,12.85275],[-15.97566,12.84806],[-15.97636,12.84652],[-15.97741,12.84554],[-15.98058,12.84291],[-15.9847,12.83776],[-15.98789,12.83467],[-15.99078,12.83292],[-15.99296,12.83179],[-15.99525,12.8301],[-15.99791,12.82893],[-16,12.82597],[-16.00058,12.82524],[-16.00115,12.82413],[-16.0014,12.82193],[-16.00141,12.81943],[-16.00135,12.81846],[-16.00088,12.81407],[-15.99998,12.80915],[-15.99968,12.80776],[-15.99675,12.80499],[-15.99455,12.80261],[-15.9945,12.80182],[-15.99408,12.8013],[-15.99345,12.80019],[-15.9923,12.79856],[-15.99125,12.79693],[-15.99081,12.79576],[-15.98995,12.79417],[-15.98961,12.79329],[-15.98899,12.79226],[-15.98777,12.78938],[-15.98773,12.78837],[-15.9875,12.78708],[-15.9876,12.78515],[-15.98824,12.78236],[-15.9891,12.78134],[-15.98976,12.78035],[-15.99178,12.77488],[-15.99253,12.77152],[-15.99516,12.76614],[-15.99767,12.76528],[-16.00046,12.76476],[-16.00252,12.76425],[-16.00358,12.7639],[-16.00563,12.763],[-16.0071,12.76247],[-16.00854,12.76172],[-16.0104,12.76044],[-16.01243,12.75836],[-16.01414,12.7569],[-16.01875,12.75395],[-16.02005,12.7529],[-16.02102,12.75154],[-16.02101,12.75003],[-16.01992,12.74488],[-16.0196,12.74302],[-16.01966,12.74028],[-16.0199,12.73791],[-16.01982,12.73548],[-16.01965,12.73313],[-16.01809,12.73003],[-16.01466,12.72678],[-16.01319,12.72524],[-16.0114,12.72328],[-16.01034,12.72256],[-16.00977,12.72175],[-16.00911,12.72033],[-16.0094,12.71922],[-16.00981,12.71833],[-16.01137,12.71602],[-16.01218,12.71506],[-16.01283,12.71378],[-16.01333,12.71103],[-16.01359,12.70848],[-16.01385,12.70644],[-16.01446,12.70461],[-16.01495,12.70334],[-16.01618,12.70046],[-16.01731,12.69822],[-16.0178,12.6971],[-16.01843,12.6939],[-16.01907,12.69135],[-16.01962,12.68633],[-16.01985,12.68378],[-16.02015,12.67716],[-16.02031,12.67468],[-16.0203,12.67238],[-16.01881,12.66719],[-16.01718,12.66232],[-16.01601,12.65851],[-16.01502,12.6566],[-16.0126,12.65742],[-16.01016,12.65774],[-16.00772,12.65775],[-16.00595,12.65755],[-15.99924,12.65737],[-15.99489,12.65576],[-15.98883,12.65243],[-15.98375,12.64762],[-15.97935,12.64089],[-15.97774,12.63732],[-15.97537,12.63306],[-15.97338,12.63167],[-15.97199,12.63057],[-15.96865,12.62748],[-15.9672,12.62684],[-15.96639,12.62628],[-15.96389,12.62423],[-15.96098,12.62147],[-15.95953,12.62028],[-15.95725,12.61856],[-15.9543,12.61614],[-15.95242,12.61471],[-15.9506,12.61347],[-15.94372,12.60895],[-15.94261,12.60818],[-15.93918,12.60561],[-15.93791,12.60484],[-15.93504,12.60349],[-15.93254,12.60197],[-15.93016,12.60026],[-15.9283,12.59884],[-15.92501,12.59618],[-15.92214,12.59398],[-15.92006,12.59244],[-15.91815,12.59109],[-15.91445,12.58869],[-15.91168,12.58681],[-15.90947,12.58518],[-15.90787,12.58362],[-15.9064,12.58258],[-15.90474,12.58191],[-15.90315,12.5812],[-15.90176,12.58074],[-15.9003,12.58051],[-15.89927,12.58059],[-15.89809,12.58086],[-15.89706,12.58122],[-15.8954,12.58207],[-15.89366,12.58325],[-15.89036,12.58526],[-15.88793,12.58656],[-15.88406,12.58851],[-15.88069,12.59],[-15.87916,12.59056],[-15.87661,12.5913],[-15.87362,12.59271],[-15.87155,12.59347],[-15.86816,12.59434],[-15.86557,12.59531],[-15.86336,12.5959],[-15.86051,12.59651],[-15.85926,12.59665],[-15.85812,12.59658],[-15.85685,12.59632],[-15.85568,12.59583],[-15.85391,12.59486],[-15.85262,12.59429],[-15.85057,12.5935],[-15.8485,12.59284],[-15.84677,12.59213],[-15.8454,12.59132],[-15.84283,12.5896],[-15.84103,12.58866],[-15.8402,12.58813],[-15.83918,12.58711],[-15.83831,12.58595],[-15.83726,12.58475],[-15.83603,12.58348],[-15.83474,12.58238],[-15.83245,12.5807],[-15.82674,12.57594],[-15.82467,12.57437],[-15.82363,12.57368],[-15.82132,12.57231],[-15.81846,12.57083],[-15.8161,12.56934],[-15.81518,12.56909],[-15.80987,12.56879],[-15.80862,12.5688],[-15.80708,12.56897],[-15.80557,12.56931],[-15.80446,12.5697],[-15.80332,12.57042],[-15.8019,12.57174],[-15.80011,12.57386],[-15.79913,12.57528],[-15.7986,12.5759],[-15.79716,12.57701],[-15.79677,12.57748],[-15.79606,12.579],[-15.79545,12.58061],[-15.79502,12.58146],[-15.79357,12.58326],[-15.79276,12.58452],[-15.79208,12.586],[-15.79128,12.58722],[-15.78944,12.58905],[-15.78805,12.59094],[-15.78703,12.59195],[-15.78539,12.59331],[-15.78327,12.59571],[-15.78202,12.59664],[-15.78045,12.59757],[-15.77848,12.59857],[-15.77536,12.60027],[-15.77372,12.60111],[-15.77234,12.60163],[-15.76945,12.602],[-15.76561,12.60285],[-15.76461,12.6031],[-15.76304,12.60371],[-15.76176,12.60403],[-15.75922,12.60415],[-15.75688,12.60437],[-15.75487,12.60445],[-15.75338,12.60444],[-15.75058,12.60425],[-15.74853,12.60396],[-15.74606,12.60351],[-15.74429,12.60312],[-15.74271,12.60291],[-15.74109,12.60285],[-15.73906,12.60268],[-15.73677,12.6023],[-15.73419,12.60146],[-15.73336,12.60125],[-15.72889,12.60038],[-15.72758,12.60003],[-15.72166,12.5972],[-15.71811,12.59565],[-15.71611,12.59501],[-15.71437,12.59477],[-15.7128,12.59466],[-15.70973,12.59471],[-15.70836,12.59463],[-15.7028,12.59412],[-15.70014,12.59403],[-15.69855,12.59419],[-15.69564,12.59486],[-15.69461,12.59492],[-15.69282,12.59488],[-15.69003,12.59504],[-15.68861,12.59502],[-15.68682,12.59485],[-15.68585,12.59463],[-15.68455,12.59412],[-15.68242,12.59312],[-15.67938,12.59209],[-15.67839,12.59166],[-15.67662,12.59072],[-15.67346,12.58882],[-15.67247,12.58809],[-15.67148,12.58691],[-15.6705,12.58538],[-15.66926,12.58366],[-15.66903,12.58296],[-15.66855,12.57962],[-15.66842,12.57799],[-15.66847,12.57588],[-15.6692,12.57207],[-15.66934,12.56938],[-15.66933,12.56788],[-15.66919,12.56464],[-15.66924,12.56205],[-15.66919,12.56083],[-15.6689,12.5593],[-15.66847,12.55801],[-15.66772,12.55676],[-15.66622,12.55483],[-15.66396,12.5521],[-15.66171,12.54963],[-15.65934,12.5472],[-15.65833,12.54623],[-15.65621,12.54452],[-15.65459,12.54336],[-15.65367,12.54282],[-15.65243,12.54241],[-15.6507,12.54206],[-15.64853,12.54126],[-15.64623,12.54056],[-15.64526,12.54034],[-15.64212,12.53987],[-15.63841,12.53923],[-15.63712,12.53907],[-15.6352,12.53901],[-15.63415,12.5389],[-15.6323,12.53854],[-15.63147,12.5385],[-15.62939,12.53871],[-15.62765,12.5392],[-15.62673,12.53964],[-15.6247,12.54076],[-15.62278,12.54157],[-15.62138,12.54235],[-15.6205,12.54323],[-15.61932,12.54481],[-15.61848,12.54575],[-15.61792,12.54617],[-15.61664,12.54682],[-15.6157,12.54751],[-15.61502,12.54834],[-15.61178,12.55323],[-15.60986,12.55561],[-15.60944,12.55622],[-15.60821,12.55848],[-15.60675,12.56035],[-15.60542,12.56177],[-15.60431,12.56281],[-15.60319,12.56366],[-15.60219,12.56425],[-15.59925,12.56582],[-15.59424,12.56869],[-15.59039,12.57085],[-15.58712,12.57258],[-15.58353,12.57433],[-15.58082,12.57561],[-15.57913,12.57646],[-15.57331,12.57962],[-15.57073,12.58097],[-15.56894,12.58233],[-15.56694,12.58434],[-15.56593,12.5856],[-15.56538,12.58645],[-15.56468,12.58791],[-15.5636,12.59064],[-15.56148,12.59524],[-15.55985,12.59924],[-15.55881,12.60157],[-15.55828,12.60247],[-15.5564,12.60461],[-15.55536,12.60624],[-15.55484,12.60728],[-15.55417,12.60916],[-15.5536,12.61018],[-15.55244,12.61177],[-15.55149,12.61282],[-15.54814,12.61616],[-15.5467,12.61754],[-15.54386,12.62006],[-15.54312,12.6208],[-15.54115,12.62303],[-15.53971,12.62429],[-15.53743,12.626],[-15.53648,12.62686],[-15.53421,12.62908],[-15.53128,12.63143],[-15.52986,12.63278],[-15.52887,12.63385],[-15.5275,12.63572],[-15.52707,12.63657],[-15.52682,12.6374],[-15.5263,12.6397],[-15.52609,12.64087],[-15.52614,12.64306],[-15.52604,12.64399],[-15.52608,12.64541],[-15.52832,12.65851],[-15.53003,12.67181],[-15.53247,12.68691],[-15.53333,12.69027],[-15.53393,12.693],[-15.53466,12.69525],[-15.53598,12.7024],[-15.53951,12.70886],[-15.5408,12.71136],[-15.54185,12.71546],[-15.5431,12.71823],[-15.54397,12.72141],[-15.54494,12.72409],[-15.54499,12.72518],[-15.54559,12.72694],[-15.54608,12.7281],[-15.54674,12.73033],[-15.54693,12.73156],[-15.54693,12.73398],[-15.54709,12.73718],[-15.54706,12.7387],[-15.54679,12.74067],[-15.54695,12.74255],[-15.54689,12.74307],[-15.54638,12.74456],[-15.54595,12.74614],[-15.54519,12.74825],[-15.54399,12.75225],[-15.54338,12.75375],[-15.543,12.75531],[-15.54284,12.75636],[-15.54273,12.75812],[-15.54237,12.76024],[-15.54208,12.76264],[-15.54142,12.76519],[-15.5411,12.76773],[-15.54069,12.76994],[-15.5402,12.77156],[-15.53966,12.77426],[-15.53937,12.77682],[-15.53927,12.7785],[-15.53899,12.78009],[-15.53825,12.78193],[-15.53666,12.78627],[-15.53606,12.78757],[-15.53552,12.78847],[-15.53499,12.78906],[-15.53335,12.79035],[-15.5318,12.79172],[-15.5301,12.79344],[-15.52782,12.79597],[-15.52626,12.79756],[-15.52428,12.79933],[-15.52218,12.80094],[-15.51857,12.80339],[-15.51715,12.80416],[-15.51539,12.80471],[-15.51397,12.80478],[-15.51108,12.80471],[-15.51024,12.80457],[-15.50922,12.80413],[-15.5077,12.80323],[-15.50588,12.80242],[-15.50222,12.80002],[-15.50168,12.79961],[-15.49967,12.7977],[-15.49851,12.79702],[-15.49658,12.79613],[-15.49459,12.79535],[-15.49308,12.79484],[-15.49189,12.79455],[-15.48948,12.79408],[-15.48806,12.79373],[-15.48627,12.7935],[-15.48386,12.79354],[-15.4821,12.79377],[-15.47987,12.79432],[-15.47763,12.79508],[-15.47501,12.7961],[-15.47247,12.79698],[-15.47136,12.79749],[-15.46972,12.79843],[-15.46819,12.79921],[-15.46663,12.79991],[-15.46496,12.80053],[-15.46383,12.80104],[-15.46142,12.80271],[-15.4606,12.8032],[-15.45803,12.80449],[-15.45661,12.80507],[-15.45551,12.80571],[-15.45495,12.80628],[-15.45377,12.80776],[-15.45202,12.80905],[-15.45104,12.81001],[-15.44965,12.81175],[-15.44936,12.81235],[-15.44913,12.81347],[-15.44813,12.8156],[-15.44606,12.82044],[-15.44486,12.82239],[-15.44321,12.82566],[-15.44275,12.82625],[-15.44101,12.82748],[-15.43994,12.82859],[-15.4391,12.82931],[-15.43835,12.82974],[-15.43672,12.8297],[-15.43335,12.83016],[-15.4312,12.82995],[-15.42903,12.82955],[-15.42758,12.82917],[-15.42576,12.82835],[-15.42422,12.82746],[-15.42125,12.82583],[-15.41911,12.82481],[-15.41786,12.82409],[-15.41704,12.82345],[-15.41593,12.82236],[-15.41463,12.82146],[-15.41287,12.82053],[-15.41183,12.81975],[-15.40984,12.81802],[-15.4081,12.81674],[-15.40705,12.81585],[-15.40548,12.81417],[-15.4042,12.81291],[-15.40309,12.81196],[-15.40052,12.81054],[-15.39851,12.80916],[-15.39787,12.8088],[-15.39461,12.8072],[-15.39346,12.80652],[-15.39258,12.80625],[-15.3901,12.8059],[-15.3892,12.80594],[-15.38704,12.80633],[-15.38653,12.80659],[-15.38587,12.80728],[-15.3847,12.80796],[-15.38415,12.80841],[-15.38364,12.80921],[-15.38286,12.81009],[-15.38237,12.81131],[-15.38233,12.81252],[-15.38245,12.81357],[-15.38307,12.81679],[-15.38423,12.82114],[-15.38439,12.82283],[-15.38428,12.82462],[-15.38383,12.82741],[-15.38356,12.8284],[-15.38317,12.82919],[-15.38172,12.83156],[-15.38124,12.83225],[-15.37914,12.83451],[-15.37767,12.83631],[-15.37539,12.8392],[-15.37437,12.84074],[-15.37329,12.84161],[-15.37217,12.84278],[-15.37077,12.84353],[-15.36928,12.84403],[-15.36705,12.84452],[-15.36604,12.84481],[-15.36428,12.84553],[-15.36327,12.84586],[-15.35982,12.84653],[-15.3584,12.84715],[-15.35445,12.84854],[-15.35278,12.84942],[-15.35168,12.8501],[-15.35084,12.85049],[-15.34832,12.85142],[-15.34598,12.85218],[-15.34413,12.85267],[-15.34225,12.85303],[-15.34004,12.85371],[-15.33824,12.85405],[-15.33679,12.85402],[-15.33584,12.85422],[-15.33443,12.85474],[-15.33188,12.85503],[-15.33018,12.85533],[-15.32675,12.85548],[-15.32528,12.85565],[-15.32265,12.85623],[-15.32089,12.85631],[-15.31645,12.85596],[-15.31479,12.85598],[-15.31309,12.85589],[-15.31084,12.85595],[-15.30907,12.85619],[-15.30782,12.85647],[-15.30499,12.85733],[-15.30393,12.85771],[-15.30062,12.85959],[-15.29938,12.86012],[-15.29814,12.86041],[-15.29622,12.86021],[-15.29411,12.86022],[-15.29291,12.8604],[-15.28836,12.86199],[-15.28668,12.86248],[-15.28614,12.86274],[-15.28386,12.86432],[-15.28292,12.86477],[-15.27924,12.86528],[-15.27785,12.86527],[-15.27614,12.86512],[-15.27515,12.86481],[-15.27213,12.86244],[-15.27082,12.86154],[-15.27,12.86082],[-15.26876,12.85927],[-15.26771,12.85778],[-15.2666,12.85635],[-15.26602,12.85585],[-15.26489,12.85514],[-15.26344,12.85442],[-15.26142,12.85322],[-15.261,12.85304],[-15.25973,12.85293],[-15.25885,12.85272],[-15.25776,12.85227],[-15.25608,12.85175],[-15.2551,12.85129],[-15.25415,12.85047],[-15.25266,12.8488],[-15.25237,12.84832],[-15.25187,12.84705],[-15.25109,12.84428],[-15.24997,12.84265],[-15.24932,12.84125],[-15.24841,12.84062],[-15.24715,12.83921],[-15.24645,12.8386],[-15.246,12.83794],[-15.24574,12.83713],[-15.24566,12.83642],[-15.2457,12.83488],[-15.24587,12.83289],[-15.24554,12.83102],[-15.24523,12.83035],[-15.24458,12.82952],[-15.24355,12.82551],[-15.24331,12.82417],[-15.24324,12.82258],[-15.2429,12.82043],[-15.24205,12.81748],[-15.24181,12.81632],[-15.24138,12.81527],[-15.23999,12.81372],[-15.23878,12.81257],[-15.23749,12.81149],[-15.23617,12.81013],[-15.23507,12.80943],[-15.23402,12.80844],[-15.23288,12.80768],[-15.23194,12.80738],[-15.23121,12.80735],[-15.23042,12.8076],[-15.22965,12.80812],[-15.22887,12.80933],[-15.22768,12.8107],[-15.22703,12.81206],[-15.22639,12.81302],[-15.22556,12.81382],[-15.22512,12.81408],[-15.22327,12.81441],[-15.22176,12.81492],[-15.2193,12.81563],[-15.21801,12.81592],[-15.21525,12.81618],[-15.21434,12.81633],[-15.21285,12.81698],[-15.212,12.81809],[-15.21121,12.8203],[-15.21099,12.82145],[-15.21055,12.82191],[-15.20987,12.82144],[-15.20972,12.82089],[-15.20977,12.81996],[-15.20961,12.81858],[-15.20919,12.81787],[-15.20835,12.81717],[-15.2073,12.81678],[-15.20568,12.81657],[-15.20473,12.81655],[-15.20343,12.81673],[-15.20095,12.81724],[-15.19988,12.81721],[-15.19926,12.81736],[-15.1983,12.81786],[-15.19576,12.81812],[-15.1905,12.81827],[-15.18903,12.81899],[-15.1878,12.81939],[-15.1867,12.81933],[-15.18474,12.8188],[-15.18304,12.81821],[-15.18151,12.81748],[-15.17998,12.81698],[-15.17834,12.81664],[-15.17741,12.81632],[-15.17627,12.81567],[-15.17455,12.8145],[-15.17305,12.81366],[-15.16949,12.81176],[-15.16796,12.81102],[-15.1669,12.81037],[-15.16595,12.80998],[-15.16527,12.80995],[-15.16395,12.80932],[-15.16249,12.80875],[-15.16044,12.80819],[-15.15789,12.80764],[-15.15674,12.80725],[-15.15461,12.80688],[-15.15383,12.80708],[-15.15196,12.80685],[-15.1505,12.80685],[-15.14919,12.80637],[-15.14749,12.80502],[-15.14676,12.8043],[-15.13413,12.7881],[-15.13315,12.78835],[-15.13258,12.78817],[-15.13152,12.7882],[-15.13015,12.78869],[-15.12908,12.78922],[-15.12805,12.79003],[-15.12739,12.79284],[-15.12586,12.79552],[-15.12406,12.79707],[-15.12057,12.79971],[-15.11886,12.80168],[-15.11729,12.8041],[-15.11639,12.80598],[-15.11604,12.80864],[-15.11551,12.81067],[-15.11511,12.81278],[-15.11519,12.81982],[-15.11563,12.82797],[-15.1158,12.83036],[-15.11615,12.84463],[-15.1161,12.85062],[-15.11609,12.85632],[-15.11579,12.85844],[-15.116,12.86166],[-15.11666,12.86687],[-15.11646,12.87055],[-15.11685,12.87233],[-15.11608,12.87372],[-15.11589,12.87478],[-15.11593,12.87654],[-15.11612,12.87822],[-15.11625,12.88013],[-15.11626,12.88216],[-15.11605,12.88298],[-15.11491,12.8846],[-15.1139,12.88671],[-15.11268,12.88981],[-15.11218,12.89082],[-15.11204,12.8916],[-15.11203,12.89272],[-15.11151,12.89443],[-15.11217,12.89702],[-15.1126,12.89802],[-15.11335,12.89894],[-15.11431,12.89995],[-15.11517,12.90109],[-15.11593,12.90175],[-15.11654,12.90264],[-15.11876,12.90485],[-15.11954,12.90601],[-15.12031,12.90663],[-15.12111,12.90699],[-15.13243,12.9193],[-15.14822,12.93627],[-15.15139,12.93986],[-15.15164,12.94034],[-15.15399,12.943],[-15.15471,12.94342],[-15.15594,12.94455],[-15.15703,12.9457],[-15.15762,12.94667],[-15.15787,12.94742],[-15.15813,12.94906],[-15.15813,12.94998],[-15.15793,12.95192],[-15.15788,12.95331],[-15.15798,12.95404],[-15.15843,12.9549],[-15.15934,12.95592],[-15.15989,12.95685],[-15.1604,12.95875],[-15.16085,12.95982],[-15.16187,12.96125],[-15.16244,12.96221],[-15.16311,12.96369],[-15.16353,12.96426],[-15.1646,12.96536],[-15.16493,12.96589],[-15.16527,12.96687],[-15.16604,12.97112],[-15.16656,12.97235],[-15.1673,12.97346],[-15.16821,12.9745],[-15.16861,12.9752],[-15.16869,12.9757],[-15.16855,12.97648],[-15.1675,12.97823],[-15.16643,12.98088],[-15.16577,12.9823],[-15.16497,12.98374],[-15.16326,12.98636],[-15.16272,12.98745],[-15.16248,12.98904],[-15.16179,12.9902],[-15.15944,12.99242],[-15.15849,12.99349],[-15.15795,12.99423],[-15.15746,12.99521],[-15.15711,12.99636],[-15.15651,12.99747],[-15.15614,12.99871],[-15.15611,13.00004],[-15.15629,13.00141],[-15.1565,13.0022],[-15.15696,13.0029],[-15.15742,13.00456],[-15.15759,13.00623],[-15.15804,13.00804],[-15.15964,13.01272],[-15.15989,13.0137],[-15.16033,13.01428],[-15.16095,13.01477],[-15.16288,13.016],[-15.16381,13.01717],[-15.16428,13.01763],[-15.1663,13.01919],[-15.16785,13.02046],[-15.16998,13.02142],[-15.17076,13.02189],[-15.17165,13.02307],[-15.17242,13.02369],[-15.17399,13.02451],[-15.17472,13.02472],[-15.17573,13.02477],[-15.17611,13.02495],[-15.17685,13.02565],[-15.17812,13.02719],[-15.17905,13.02803],[-15.1807,13.02876],[-15.18152,13.02921],[-15.18252,13.0301],[-15.18328,13.03011],[-15.18483,13.03084],[-15.18557,13.03104],[-15.18648,13.03101],[-15.18755,13.03073],[-15.18878,13.03063],[-15.18962,13.03087],[-15.1903,13.03188],[-15.19133,13.03198],[-15.19178,13.0323],[-15.19281,13.03237],[-15.19341,13.03188],[-15.1943,13.03204],[-15.19469,13.03293],[-15.19522,13.0335],[-15.1957,13.03365],[-15.19627,13.03352],[-15.19713,13.03371],[-15.19851,13.03506],[-15.19946,13.03553],[-15.20034,13.03566],[-15.20107,13.03598],[-15.20137,13.03662],[-15.20227,13.03717],[-15.20373,13.03686],[-15.20435,13.03711],[-15.20511,13.03769],[-15.20576,13.03847],[-15.20634,13.0399],[-15.2071,13.04107],[-15.20747,13.04128],[-15.20955,13.04133],[-15.21049,13.04151],[-15.21236,13.04162],[-15.21325,13.04181],[-15.21432,13.04246],[-15.21485,13.04306],[-15.21543,13.04421],[-15.21595,13.04496],[-15.21684,13.04575],[-15.2175,13.04592],[-15.21908,13.0457],[-15.21988,13.04578],[-15.22061,13.04603],[-15.22155,13.04655],[-15.22361,13.04739],[-15.22469,13.04811],[-15.22517,13.04917]]]},"properties":{"slug":"sedhiou","name":"Sedhiou","department":"Sedhiou","code":"SN1103","parent":"region-sedhiou"}},{"type":"Feature","geometry":{"type":"Polygon","coordinates":[[[-15.13413,12.7881],[-15.14676,12.8043],[-15.14749,12.80502],[-15.14919,12.80637],[-15.1505,12.80685],[-15.15196,12.80685],[-15.15383,12.80708],[-15.15461,12.80688],[-15.15674,12.80725],[-15.15789,12.80764],[-15.16044,12.80819],[-15.16249,12.80875],[-15.16395,12.80932],[-15.16527,12.80995],[-15.16595,12.80998],[-15.1669,12.81037],[-15.16796,12.81102],[-15.16949,12.81176],[-15.17305,12.81366],[-15.17455,12.8145],[-15.17627,12.81567],[-15.17741,12.81632],[-15.17834,12.81664],[-15.17998,12.81698],[-15.18151,12.81748],[-15.18304,12.81821],[-15.18474,12.8188],[-15.1867,12.81933],[-15.1878,12.81939],[-15.18903,12.81899],[-15.1905,12.81827],[-15.19576,12.81812],[-15.1983,12.81786],[-15.19926,12.81736],[-15.19988,12.81721],[-15.20095,12.81724],[-15.20343,12.81673],[-15.20473,12.81655],[-15.20568,12.81657],[-15.2073,12.81678],[-15.20835,12.81717],[-15.20919,12.81787],[-15.20961,12.81858],[-15.20977,12.81996],[-15.20972,12.82089],[-15.20987,12.82144],[-15.21055,12.82191],[-15.21099,12.82145],[-15.21121,12.8203],[-15.212,12.81809],[-15.21285,12.81698],[-15.21434,12.81633],[-15.21525,12.81618],[-15.21801,12.81592],[-15.2193,12.81563],[-15.22176,12.81492],[-15.22327,12.81441],[-15.22512,12.81408],[-15.22556,12.81382],[-15.22639,12.81302],[-15.22703,12.81206],[-15.22768,12.8107],[-15.22887,12.80933],[-15.22965,12.80812],[-15.23042,12.8076],[-15.23121,12.80735],[-15.23194,12.80738],[-15.23288,12.80768],[-15.23402,12.80844],[-15.23507,12.80943],[-15.23617,12.81013],[-15.23749,12.81149],[-15.23878,12.81257],[-15.23999,12.81372],[-15.24138,12.81527],[-15.24181,12.81632],[-15.24205,12.81748],[-15.2429,12.82043],[-15.24324,12.82258],[-15.24331,12.82417],[-15.24355,12.82551],[-15.24458,12.82952],[-15.24523,12.83035],[-15.24554,12.83102],[-15.24587,12.83289],[-15.2457,12.83488],[-15.24566,12.83642],[-15.24574,12.83713],[-15.246,12.83794],[-15.24645,12.8386],[-15.24715,12.83921],[-15.24841,12.84062],[-15.24932,12.84125],[-15.24997,12.84265],[-15.25109,12.84428],[-15.25187,12.84705],[-15.25237,12.84832],[-15.25266,12.8488],[-15.25415,12.85047],[-15.2551,12.85129],[-15.25608,12.85175],[-15.25776,12.85227],[-15.25885,12.85272],[-15.25973,12.85293],[-15.261,12.85304],[-15.26142,12.85322],[-15.26344,12.85442],[-15.26489,12.85514],[-15.26602,12.85585],[-15.2666,12.85635],[-15.26771,12.85778],[-15.26876,12.85927],[-15.27,12.86082],[-15.27082,12.86154],[-15.27213,12.86244],[-15.27515,12.86481],[-15.27614,12.86512],[-15.27785,12.86527],[-15.27924,12.86528],[-15.28292,12.86477],[-15.28386,12.86432],[-15.28614,12.86274],[-15.28668,12.86248],[-15.28836,12.86199],[-15.29291,12.8604],[-15.29411,12.86022],[-15.29622,12.86021],[-15.29814,12.86041],[-15.29938,12.86012],[-15.30062,12.85959],[-15.30393,12.85771],[-15.30499,12.85733],[-15.30782,12.85647],[-15.30907,12.85619],[-15.31084,12.85595],[-15.31309,12.85589],[-15.31479,12.85598],[-15.31645,12.85596],[-15.32089,12.85631],[-15.32265,12.85623],[-15.32528,12.85565],[-15.32675,12.85548],[-15.33018,12.85533],[-15.33188,12.85503],[-15.33443,12.85474],[-15.33584,12.85422],[-15.33679,12.85402],[-15.33824,12.85405],[-15.34004,12.85371],[-15.34225,12.85303],[-15.34413,12.85267],[-15.34598,12.85218],[-15.34832,12.85142],[-15.35084,12.85049],[-15.35168,12.8501],[-15.35278,12.84942],[-15.35445,12.84854],[-15.3584,12.84715],[-15.35982,12.84653],[-15.36327,12.84586],[-15.36428,12.84553],[-15.36604,12.84481],[-15.36705,12.84452],[-15.36928,12.84403],[-15.37077,12.84353],[-15.37217,12.84278],[-15.37329,12.84161],[-15.37437,12.84074],[-15.37539,12.8392],[-15.37767,12.83631],[-15.37914,12.83451],[-15.38124,12.83225],[-15.38172,12.83156],[-15.38317,12.82919],[-15.38356,12.8284],[-15.38383,12.82741],[-15.38428,12.82462],[-15.38439,12.82283],[-15.38423,12.82114],[-15.38307,12.81679],[-15.38245,12.81357],[-15.38233,12.81252],[-15.38237,12.81131],[-15.38286,12.81009],[-15.38364,12.80921],[-15.38415,12.80841],[-15.3847,12.80796],[-15.38587,12.80728],[-15.38653,12.80659],[-15.38704,12.80633],[-15.3892,12.80594],[-15.3901,12.8059],[-15.39258,12.80625],[-15.39346,12.80652],[-15.39461,12.8072],[-15.39787,12.8088],[-15.39851,12.80916],[-15.40052,12.81054],[-15.40309,12.81196],[-15.4042,12.81291],[-15.40548,12.81417],[-15.40705,12.81585],[-15.4081,12.81674],[-15.40984,12.81802],[-15.41183,12.81975],[-15.41287,12.82053],[-15.41463,12.82146],[-15.41593,12.82236],[-15.41704,12.82345],[-15.41786,12.82409],[-15.41911,12.82481],[-15.42125,12.82583],[-15.42422,12.82746],[-15.42576,12.82835],[-15.42758,12.82917],[-15.42903,12.82955],[-15.4312,12.82995],[-15.43335,12.83016],[-15.43672,12.8297],[-15.43835,12.82974],[-15.4391,12.82931],[-15.43994,12.82859],[-15.44101,12.82748],[-15.44275,12.82625],[-15.44321,12.82566],[-15.44486,12.82239],[-15.44606,12.82044],[-15.44813,12.8156],[-15.44913,12.81347],[-15.44936,12.81235],[-15.44965,12.81175],[-15.45104,12.81001],[-15.45202,12.80905],[-15.45377,12.80776],[-15.45495,12.80628],[-15.45551,12.80571],[-15.45661,12.80507],[-15.45803,12.80449],[-15.4606,12.8032],[-15.46142,12.80271],[-15.46383,12.80104],[-15.46496,12.80053],[-15.46663,12.79991],[-15.46819,12.79921],[-15.46972,12.79843],[-15.47136,12.79749],[-15.47247,12.79698],[-15.47501,12.7961],[-15.47763,12.79508],[-15.47987,12.79432],[-15.4821,12.79377],[-15.48386,12.79354],[-15.48627,12.7935],[-15.48806,12.79373],[-15.48948,12.79408],[-15.49189,12.79455],[-15.49308,12.79484],[-15.49459,12.79535],[-15.49658,12.79613],[-15.49851,12.79702],[-15.49967,12.7977],[-15.50168,12.79961],[-15.50222,12.80002],[-15.50588,12.80242],[-15.5077,12.80323],[-15.50922,12.80413],[-15.51024,12.80457],[-15.51108,12.80471],[-15.51397,12.80478],[-15.51539,12.80471],[-15.51715,12.80416],[-15.51857,12.80339],[-15.52218,12.80094],[-15.52428,12.79933],[-15.52626,12.79756],[-15.52782,12.79597],[-15.5301,12.79344],[-15.5318,12.79172],[-15.53335,12.79035],[-15.53499,12.78906],[-15.53552,12.78847],[-15.53606,12.78757],[-15.53666,12.78627],[-15.53825,12.78193],[-15.53899,12.78009],[-15.53927,12.7785],[-15.53937,12.77682],[-15.53966,12.77426],[-15.5402,12.77156],[-15.54069,12.76994],[-15.5411,12.76773],[-15.54142,12.76519],[-15.54208,12.76264],[-15.54237,12.76024],[-15.54273,12.75812],[-15.54284,12.75636],[-15.543,12.75531],[-15.54338,12.75375],[-15.54399,12.75225],[-15.54519,12.74825],[-15.54595,12.74614],[-15.54638,12.74456],[-15.54689,12.74307],[-15.54695,12.74255],[-15.54679,12.74067],[-15.54706,12.7387],[-15.54709,12.73718],[-15.54693,12.73398],[-15.54693,12.73156],[-15.54674,12.73033],[-15.54608,12.7281],[-15.54559,12.72694],[-15.54499,12.72518],[-15.54494,12.72409],[-15.54397,12.72141],[-15.5431,12.71823],[-15.54185,12.71546],[-15.5408,12.71136],[-15.53951,12.70886],[-15.53598,12.7024],[-15.53466,12.69525],[-15.53393,12.693],[-15.53333,12.69027],[-15.53247,12.68691],[-15.53003,12.67181],[-15.52832,12.65851],[-15.52608,12.64541],[-15.52604,12.64399],[-15.52614,12.64306],[-15.52609,12.64087],[-15.5263,12.6397],[-15.52682,12.6374],[-15.52707,12.63657],[-15.5275,12.63572],[-15.52887,12.63385],[-15.52986,12.63278],[-15.53128,12.63143],[-15.53421,12.62908],[-15.53648,12.62686],[-15.53743,12.626],[-15.53971,12.62429],[-15.54115,12.62303],[-15.54312,12.6208],[-15.54386,12.62006],[-15.5467,12.61754],[-15.54814,12.61616],[-15.55149,12.61282],[-15.55244,12.61177],[-15.5536,12.61018],[-15.55417,12.60916],[-15.55484,12.60728],[-15.55536,12.60624],[-15.5564,12.60461],[-15.55828,12.60247],[-15.55881,12.60157],[-15.55985,12.59924],[-15.56148,12.59524],[-15.5636,12.59064],[-15.56468,12.58791],[-15.56538,12.58645],[-15.56593,12.5856],[-15.56694,12.58434],[-15.56894,12.58233],[-15.57073,12.58097],[-15.57331,12.57962],[-15.57913,12.57646],[-15.58082,12.57561],[-15.58353,12.57433],[-15.58712,12.57258],[-15.59039,12.57085],[-15.59424,12.56869],[-15.59925,12.56582],[-15.60219,12.56425],[-15.60319,12.56366],[-15.60431,12.56281],[-15.60542,12.56177],[-15.60675,12.56035],[-15.60821,12.55848],[-15.60944,12.55622],[-15.60986,12.55561],[-15.61178,12.55323],[-15.61502,12.54834],[-15.6157,12.54751],[-15.61664,12.54682],[-15.61792,12.54617],[-15.61848,12.54575],[-15.61932,12.54481],[-15.6205,12.54323],[-15.62138,12.54235],[-15.62278,12.54157],[-15.6247,12.54076],[-15.62673,12.53964],[-15.62765,12.5392],[-15.62939,12.53871],[-15.63147,12.5385],[-15.6323,12.53854],[-15.63415,12.5389],[-15.6352,12.53901],[-15.63712,12.53907],[-15.63841,12.53923],[-15.64212,12.53987],[-15.64526,12.54034],[-15.64623,12.54056],[-15.64853,12.54126],[-15.6507,12.54206],[-15.65243,12.54241],[-15.65367,12.54282],[-15.65459,12.54336],[-15.65621,12.54452],[-15.65833,12.54623],[-15.65934,12.5472],[-15.66171,12.54963],[-15.66396,12.5521],[-15.66622,12.55483],[-15.66772,12.55676],[-15.66847,12.55801],[-15.6689,12.5593],[-15.66919,12.56083],[-15.66924,12.56205],[-15.66919,12.56464],[-15.66933,12.56788],[-15.66934,12.56938],[-15.6692,12.57207],[-15.66847,12.57588],[-15.66842,12.57799],[-15.66855,12.57962],[-15.66903,12.58296],[-15.66926,12.58366],[-15.6705,12.58538],[-15.67148,12.58691],[-15.67247,12.58809],[-15.67346,12.58882],[-15.67662,12.59072],[-15.67839,12.59166],[-15.67938,12.59209],[-15.68242,12.59312],[-15.68455,12.59412],[-15.68585,12.59463],[-15.68682,12.59485],[-15.68861,12.59502],[-15.69003,12.59504],[-15.69282,12.59488],[-15.69461,12.59492],[-15.69564,12.59486],[-15.69855,12.59419],[-15.70014,12.59403],[-15.7028,12.59412],[-15.70836,12.59463],[-15.70973,12.59471],[-15.7128,12.59466],[-15.71437,12.59477],[-15.71611,12.59501],[-15.71811,12.59565],[-15.72166,12.5972],[-15.72758,12.60003],[-15.72889,12.60038],[-15.73336,12.60125],[-15.73419,12.60146],[-15.73677,12.6023],[-15.73906,12.60268],[-15.74109,12.60285],[-15.74271,12.60291],[-15.74429,12.60312],[-15.74606,12.60351],[-15.74853,12.60396],[-15.75058,12.60425],[-15.75338,12.60444],[-15.75487,12.60445],[-15.75688,12.60437],[-15.75922,12.60415],[-15.76176,12.60403],[-15.76304,12.60371],[-15.76461,12.6031],[-15.76561,12.60285],[-15.76945,12.602],[-15.77234,12.60163],[-15.77372,12.60111],[-15.77536,12.60027],[-15.77848,12.59857],[-15.78045,12.59757],[-15.78202,12.59664],[-15.78327,12.59571],[-15.78539,12.59331],[-15.78703,12.59195],[-15.78805,12.59094],[-15.78944,12.58905],[-15.79128,12.58722],[-15.79208,12.586],[-15.79276,12.58452],[-15.79357,12.58326],[-15.79502,12.58146],[-15.79545,12.58061],[-15.79606,12.579],[-15.79677,12.57748],[-15.79716,12.57701],[-15.7986,12.5759],[-15.79913,12.57528],[-15.80011,12.57386],[-15.8019,12.57174],[-15.80332,12.57042],[-15.80446,12.5697],[-15.80557,12.56931],[-15.80708,12.56897],[-15.80862,12.5688],[-15.80987,12.56879],[-15.81518,12.56909],[-15.8161,12.56934],[-15.81846,12.57083],[-15.82132,12.57231],[-15.82363,12.57368],[-15.82467,12.57437],[-15.82674,12.57594],[-15.83245,12.5807],[-15.83474,12.58238],[-15.83603,12.58348],[-15.83726,12.58475],[-15.83831,12.58595],[-15.83918,12.58711],[-15.8402,12.58813],[-15.84103,12.58866],[-15.84283,12.5896],[-15.8454,12.59132],[-15.84677,12.59213],[-15.8485,12.59284],[-15.85057,12.5935],[-15.85262,12.59429],[-15.85391,12.59486],[-15.85568,12.59583],[-15.85685,12.59632],[-15.85812,12.59658],[-15.85926,12.59665],[-15.86051,12.59651],[-15.86336,12.5959],[-15.86557,12.59531],[-15.86816,12.59434],[-15.87155,12.59347],[-15.87362,12.59271],[-15.87661,12.5913],[-15.87916,12.59056],[-15.88069,12.59],[-15.88406,12.58851],[-15.88793,12.58656],[-15.89036,12.58526],[-15.89366,12.58325],[-15.8954,12.58207],[-15.89706,12.58122],[-15.89809,12.58086],[-15.89927,12.58059],[-15.9003,12.58051],[-15.90176,12.58074],[-15.90315,12.5812],[-15.90474,12.58191],[-15.9064,12.58258],[-15.90787,12.58362],[-15.90947,12.58518],[-15.91168,12.58681],[-15.91445,12.58869],[-15.91815,12.59109],[-15.92006,12.59244],[-15.92214,12.59398],[-15.92501,12.59618],[-15.9283,12.59884],[-15.93016,12.60026],[-15.93254,12.60197],[-15.93504,12.60349],[-15.93791,12.60484],[-15.93918,12.60561],[-15.94261,12.60818],[-15.94372,12.60895],[-15.9506,12.61347],[-15.95242,12.61471],[-15.9543,12.61614],[-15.95725,12.61856],[-15.95953,12.62028],[-15.96098,12.62147],[-15.96389,12.62423],[-15.96639,12.62628],[-15.9672,12.62684],[-15.96865,12.62748],[-15.96806,12.62653],[-15.96786,12.62581],[-15.96768,12.62434],[-15.96766,12.62192],[-15.9674,12.61996],[-15.96707,12.61862],[-15.96607,12.61553],[-15.96558,12.61355],[-15.96478,12.61001],[-15.96457,12.60858],[-15.96407,12.60642],[-15.96414,12.60562],[-15.96475,12.6046],[-15.96583,12.60388],[-15.96655,12.60355],[-15.96677,12.60305],[-15.96677,12.60241],[-15.96636,12.60174],[-15.96532,12.601],[-15.96478,12.6002],[-15.96458,12.59904],[-15.96464,12.59799],[-15.96431,12.59767],[-15.96251,12.59764],[-15.96185,12.59692],[-15.9625,12.59607],[-15.96253,12.59539],[-15.96211,12.59445],[-15.96151,12.59365],[-15.96125,12.59306],[-15.96128,12.5922],[-15.96177,12.59052],[-15.96292,12.58808],[-15.96352,12.58724],[-15.96429,12.58654],[-15.9651,12.58603],[-15.96568,12.5852],[-15.9662,12.58347],[-15.96658,12.58277],[-15.96796,12.58087],[-15.96823,12.5797],[-15.96808,12.57883],[-15.96717,12.57775],[-15.96708,12.57699],[-15.96759,12.57615],[-15.96743,12.57531],[-15.96695,12.57496],[-15.96687,12.57426],[-15.96743,12.57339],[-15.96854,12.57281],[-15.96866,12.5722],[-15.9683,12.5716],[-15.96756,12.57139],[-15.96667,12.57163],[-15.96624,12.57137],[-15.9652,12.57027],[-15.96518,12.56967],[-15.9656,12.56896],[-15.96547,12.56791],[-15.96429,12.56759],[-15.9634,12.56702],[-15.96292,12.56649],[-15.96129,12.56347],[-15.96025,12.56329],[-15.95923,12.56335],[-15.95871,12.563],[-15.95855,12.56256],[-15.95875,12.56089],[-15.95861,12.56019],[-15.95777,12.55902],[-15.95772,12.55849],[-15.95784,12.55721],[-15.95753,12.55648],[-15.95666,12.55538],[-15.95568,12.55428],[-15.95468,12.55263],[-15.95438,12.55151],[-15.95448,12.55076],[-15.95501,12.55036],[-15.95783,12.54944],[-15.95878,12.54862],[-15.95893,12.54756],[-15.95851,12.54619],[-15.95824,12.54482],[-15.9583,12.54309],[-15.95816,12.54243],[-15.95776,12.54157],[-15.95671,12.5406],[-15.95594,12.54026],[-15.95505,12.54006],[-15.954,12.53926],[-15.95294,12.53788],[-15.95252,12.53686],[-15.95243,12.53583],[-15.95283,12.53483],[-15.95375,12.53426],[-15.95394,12.53334],[-15.95329,12.53232],[-15.9511,12.53162],[-15.94809,12.5309],[-15.94714,12.53048],[-15.94483,12.52899],[-15.94313,12.52801],[-15.94091,12.52649],[-15.94029,12.52627],[-15.93879,12.52599],[-15.93755,12.52543],[-15.93638,12.52436],[-15.93423,12.52294],[-15.93338,12.52247],[-15.93093,12.5208],[-15.92874,12.51973],[-15.92678,12.5177],[-15.92556,12.5152],[-15.9258,12.51352],[-15.92652,12.51125],[-15.92651,12.50945],[-15.92602,12.50778],[-15.92601,12.50634],[-15.92625,12.50503],[-15.9271,12.50347],[-15.9277,12.50107],[-15.92769,12.49868],[-15.92743,12.49521],[-15.92633,12.49211],[-15.92547,12.48984],[-15.92436,12.48649],[-15.92386,12.48338],[-15.92398,12.48147],[-15.92458,12.48003],[-15.92604,12.47919],[-15.92786,12.47835],[-15.92956,12.47786],[-15.92674,12.47129],[-15.92429,12.46711],[-15.92307,12.46497],[-15.92221,12.46425],[-15.92027,12.46498],[-15.91455,12.46739],[-15.91273,12.46811],[-15.90957,12.46812],[-15.9064,12.46801],[-15.90421,12.46802],[-15.90202,12.46827],[-15.89934,12.46792],[-15.89715,12.46697],[-15.89507,12.46542],[-15.89214,12.46172],[-15.89103,12.45826],[-15.89029,12.45539],[-15.89064,12.45192],[-15.89124,12.44964],[-15.87591,12.44815],[-15.86053,12.44667],[-15.78921,12.43862],[-15.77804,12.43736],[-15.73574,12.43293],[-15.70058,12.42681],[-15.68174,12.42454],[-15.65673,12.43541],[-15.61972,12.45148],[-15.60602,12.45924],[-15.57861,12.47319],[-15.56831,12.47632],[-15.54852,12.48561],[-15.50626,12.50443],[-15.47779,12.5158],[-15.43277,12.53371],[-15.4321,12.53398],[-15.42497,12.53814],[-15.41539,12.54406],[-15.39844,12.55588],[-15.38765,12.56475],[-15.36908,12.57754],[-15.36185,12.58512],[-15.35269,12.59479],[-15.33566,12.61363],[-15.31739,12.61994],[-15.28913,12.6309],[-15.27209,12.6381],[-15.23807,12.65886],[-15.21719,12.66678],[-15.17683,12.68387],[-15.16881,12.68451],[-15.14838,12.68447],[-15.11744,12.68441],[-15.12037,12.6878],[-15.12525,12.69241],[-15.12671,12.69336],[-15.12841,12.69432],[-15.12994,12.6948],[-15.13171,12.69498],[-15.13579,12.69778],[-15.13877,12.69898],[-15.14121,12.69982],[-15.14247,12.70135],[-15.14225,12.70362],[-15.14233,12.70478],[-15.14273,12.70595],[-15.14355,12.70787],[-15.1444,12.71281],[-15.14517,12.71563],[-15.14571,12.71785],[-15.14629,12.71943],[-15.14676,12.72032],[-15.14708,12.72142],[-15.14718,12.72302],[-15.14761,12.7252],[-15.14824,12.72609],[-15.1488,12.72717],[-15.14948,12.72961],[-15.15034,12.73189],[-15.15112,12.73317],[-15.15287,12.73476],[-15.1536,12.73565],[-15.15449,12.73725],[-15.15542,12.73923],[-15.15461,12.74098],[-15.15448,12.74199],[-15.15418,12.74303],[-15.15372,12.74409],[-15.15291,12.74541],[-15.15214,12.74647],[-15.15133,12.74741],[-15.15057,12.74853],[-15.15002,12.74958],[-15.14928,12.75061],[-15.14854,12.75141],[-15.1473,12.75295],[-15.14585,12.75499],[-15.14499,12.75649],[-15.14414,12.75765],[-15.14329,12.75855],[-15.14252,12.75974],[-15.14064,12.76393],[-15.13967,12.76631],[-15.13844,12.76862],[-15.13753,12.7699],[-15.1365,12.77108],[-15.13576,12.7722],[-15.13541,12.77298],[-15.13536,12.77366],[-15.13563,12.7744],[-15.13653,12.7758],[-15.13733,12.77795],[-15.1375,12.77867],[-15.13764,12.78002],[-15.13757,12.78144],[-15.13734,12.78258],[-15.13675,12.78397],[-15.13623,12.78477],[-15.13541,12.78574],[-15.13482,12.78667],[-15.1344,12.78773],[-15.13413,12.7881]]]},"properties":{"slug":"goudomp","name":"Goudomp","department":"Goudomp","code":"SN1102","parent":"region-sedhiou"}},{"type":"Feature","geometry":{"type":"Polygon","coordinates":[[[-15.11744,12.68441],[-15.10211,12.6844],[-15.03862,12.68435],[-14.99929,12.68432],[-14.8414,12.68183],[-14.73847,12.68009],[-14.62316,12.68094],[-14.60733,12.68105],[-14.52089,12.68058],[-14.49252,12.6806],[-14.4769,12.68046],[-14.4193,12.68045],[-14.39163,12.68019],[-14.32589,12.67984],[-14.32649,12.68032],[-14.32719,12.68116],[-14.32964,12.68361],[-14.33088,12.68494],[-14.33196,12.68643],[-14.33361,12.68808],[-14.33438,12.68897],[-14.33507,12.69009],[-14.33645,12.69207],[-14.33825,12.69543],[-14.33876,12.69676],[-14.33899,12.69809],[-14.339,12.69887],[-14.33874,12.70021],[-14.33783,12.7004],[-14.33645,12.69922],[-14.33506,12.6988],[-14.33396,12.69871],[-14.33243,12.69881],[-14.33203,12.69923],[-14.33129,12.70066],[-14.33078,12.70133],[-14.32893,12.70261],[-14.32687,12.70388],[-14.32519,12.70417],[-14.32372,12.70409],[-14.32334,12.70439],[-14.32318,12.70494],[-14.32337,12.70559],[-14.32433,12.70699],[-14.32479,12.70806],[-14.32465,12.71052],[-14.32448,12.71115],[-14.32399,12.71182],[-14.32275,12.71195],[-14.32154,12.71224],[-14.32094,12.71218],[-14.31973,12.71164],[-14.31785,12.71067],[-14.31558,12.70922],[-14.31395,12.7091],[-14.31363,12.70932],[-14.31331,12.7101],[-14.31348,12.7111],[-14.3149,12.71302],[-14.31512,12.71366],[-14.31492,12.71435],[-14.31395,12.71583],[-14.31361,12.71677],[-14.31369,12.71985],[-14.31356,12.72053],[-14.31296,12.72105],[-14.31238,12.72113],[-14.31098,12.72096],[-14.31027,12.72105],[-14.30949,12.72092],[-14.30844,12.72026],[-14.30822,12.71966],[-14.30831,12.71901],[-14.30938,12.71706],[-14.30974,12.71558],[-14.30963,12.71466],[-14.30905,12.71325],[-14.30805,12.71234],[-14.30646,12.71137],[-14.30549,12.71105],[-14.30457,12.71099],[-14.30405,12.71117],[-14.3037,12.71171],[-14.30297,12.71377],[-14.3022,12.71499],[-14.30167,12.71564],[-14.30044,12.71622],[-14.29987,12.71688],[-14.29912,12.71741],[-14.29834,12.71822],[-14.29754,12.71821],[-14.29642,12.71737],[-14.29502,12.71678],[-14.2941,12.71654],[-14.29296,12.71647],[-14.29245,12.71687],[-14.2923,12.71779],[-14.29234,12.71883],[-14.29271,12.72002],[-14.29279,12.72125],[-14.29262,12.72288],[-14.2919,12.72368],[-14.29176,12.72421],[-14.29165,12.72594],[-14.29133,12.72614],[-14.2899,12.72609],[-14.28853,12.72642],[-14.28766,12.72676],[-14.28585,12.72804],[-14.28447,12.72956],[-14.28346,12.73032],[-14.28306,12.7317],[-14.2831,12.73205],[-14.28368,12.73314],[-14.28411,12.73446],[-14.28446,12.7349],[-14.28613,12.73575],[-14.2868,12.73646],[-14.28746,12.73746],[-14.28806,12.73811],[-14.28838,12.73891],[-14.2884,12.74005],[-14.28775,12.74352],[-14.28784,12.74518],[-14.28821,12.74723],[-14.28867,12.74804],[-14.28905,12.74831],[-14.29107,12.7491],[-14.29265,12.74988],[-14.29402,12.7501],[-14.29472,12.74974],[-14.29517,12.74917],[-14.29613,12.74863],[-14.29722,12.74839],[-14.29917,12.7487],[-14.30054,12.74868],[-14.30103,12.74897],[-14.30198,12.75028],[-14.30292,12.75191],[-14.30296,12.75341],[-14.30276,12.75452],[-14.30245,12.75495],[-14.30146,12.75521],[-14.30069,12.75507],[-14.29864,12.75369],[-14.29768,12.75346],[-14.29658,12.75344],[-14.29537,12.75356],[-14.29448,12.7538],[-14.29382,12.75418],[-14.29348,12.75481],[-14.29364,12.75541],[-14.29416,12.75602],[-14.29451,12.75689],[-14.29488,12.75853],[-14.29519,12.75902],[-14.29584,12.75941],[-14.29623,12.75993],[-14.29676,12.76103],[-14.29691,12.76168],[-14.29636,12.7623],[-14.29618,12.76288],[-14.29615,12.76393],[-14.29577,12.7654],[-14.29505,12.76685],[-14.29398,12.76831],[-14.2931,12.76984],[-14.29223,12.77183],[-14.29171,12.77279],[-14.2912,12.77344],[-14.29058,12.77387],[-14.28947,12.77409],[-14.2882,12.77463],[-14.28742,12.77479],[-14.28659,12.77461],[-14.28627,12.77432],[-14.28583,12.77341],[-14.28581,12.77242],[-14.28611,12.77169],[-14.28673,12.77086],[-14.28695,12.77033],[-14.28685,12.76954],[-14.28645,12.76898],[-14.28589,12.76866],[-14.28387,12.76803],[-14.28102,12.76747],[-14.28034,12.7671],[-14.27836,12.76682],[-14.27725,12.76731],[-14.2752,12.76872],[-14.27393,12.76923],[-14.27282,12.76956],[-14.27069,12.77042],[-14.26959,12.77074],[-14.26893,12.77146],[-14.26886,12.77177],[-14.26898,12.77343],[-14.26923,12.775],[-14.26959,12.77588],[-14.27038,12.77691],[-14.27128,12.77857],[-14.27183,12.77983],[-14.27214,12.78128],[-14.2726,12.78195],[-14.27295,12.78369],[-14.27268,12.78456],[-14.2726,12.78561],[-14.27228,12.78663],[-14.27173,12.78764],[-14.27123,12.78893],[-14.27012,12.78937],[-14.26974,12.78971],[-14.26931,12.79045],[-14.26858,12.79208],[-14.26801,12.79312],[-14.26728,12.79356],[-14.26593,12.79371],[-14.26451,12.79414],[-14.26365,12.79427],[-14.26195,12.79483],[-14.26105,12.79463],[-14.26055,12.79423],[-14.25965,12.79326],[-14.25881,12.79274],[-14.25777,12.79247],[-14.25641,12.79242],[-14.25582,12.79265],[-14.25518,12.79348],[-14.25497,12.79438],[-14.25498,12.79586],[-14.25516,12.79739],[-14.25512,12.79821],[-14.25476,12.79909],[-14.25414,12.79989],[-14.2536,12.79989],[-14.2525,12.79865],[-14.25219,12.79775],[-14.25133,12.79695],[-14.25039,12.7966],[-14.24874,12.79654],[-14.24795,12.79672],[-14.24671,12.79745],[-14.2457,12.79854],[-14.24374,12.7993],[-14.24211,12.80006],[-14.24065,12.80055],[-14.23931,12.80069],[-14.23835,12.80113],[-14.23781,12.80186],[-14.23715,12.80317],[-14.23677,12.80361],[-14.23544,12.80435],[-14.23472,12.80453],[-14.23398,12.80449],[-14.23319,12.80476],[-14.23248,12.80529],[-14.23213,12.80577],[-14.2319,12.80657],[-14.23193,12.80765],[-14.23217,12.80867],[-14.23281,12.80947],[-14.23373,12.80954],[-14.23449,12.80916],[-14.23494,12.80859],[-14.23561,12.80821],[-14.23606,12.80766],[-14.23661,12.80663],[-14.23691,12.80632],[-14.23781,12.80594],[-14.2394,12.80565],[-14.2404,12.8058],[-14.24114,12.8062],[-14.24191,12.80693],[-14.2423,12.80832],[-14.24235,12.80908],[-14.24169,12.80989],[-14.24085,12.80995],[-14.2396,12.80984],[-14.23902,12.81012],[-14.23865,12.81069],[-14.2385,12.81133],[-14.23868,12.81247],[-14.2384,12.81312],[-14.23779,12.81386],[-14.23766,12.81444],[-14.23801,12.81521],[-14.23792,12.81595],[-14.23733,12.8168],[-14.23705,12.81826],[-14.23702,12.81988],[-14.23712,12.82197],[-14.23731,12.82327],[-14.23764,12.82421],[-14.23761,12.82524],[-14.23725,12.82708],[-14.23681,12.82847],[-14.23625,12.82896],[-14.23531,12.82897],[-14.23366,12.82847],[-14.23256,12.82791],[-14.2315,12.82811],[-14.22924,12.82958],[-14.22832,12.83044],[-14.22691,12.83152],[-14.22602,12.83211],[-14.22475,12.83278],[-14.22296,12.83339],[-14.22227,12.83306],[-14.22093,12.83122],[-14.22033,12.83014],[-14.21957,12.83011],[-14.21891,12.83046],[-14.21822,12.83111],[-14.21754,12.83218],[-14.21735,12.83299],[-14.21777,12.83382],[-14.21868,12.83429],[-14.21973,12.83447],[-14.22255,12.83468],[-14.22303,12.83453],[-14.22429,12.83456],[-14.22515,12.83482],[-14.22553,12.83551],[-14.22525,12.83608],[-14.22455,12.83705],[-14.22435,12.83866],[-14.22445,12.8393],[-14.2236,12.84034],[-14.22156,12.84173],[-14.22088,12.84256],[-14.21988,12.84232],[-14.21878,12.84116],[-14.21809,12.84076],[-14.21494,12.83929],[-14.21394,12.83865],[-14.21341,12.83817],[-14.21265,12.83715],[-14.21132,12.8345],[-14.20993,12.83283],[-14.20922,12.83223],[-14.20807,12.83151],[-14.20756,12.83048],[-14.20772,12.82975],[-14.2088,12.82949],[-14.20991,12.829],[-14.21232,12.8282],[-14.21281,12.82759],[-14.21299,12.82644],[-14.21277,12.82556],[-14.21271,12.82467],[-14.21274,12.82289],[-14.21258,12.82187],[-14.21267,12.81975],[-14.21301,12.81858],[-14.21302,12.81773],[-14.21263,12.81633],[-14.21217,12.81646],[-14.21127,12.81719],[-14.21063,12.81738],[-14.20987,12.81734],[-14.2081,12.81673],[-14.20697,12.81594],[-14.20538,12.81417],[-14.20438,12.81358],[-14.20298,12.81201],[-14.20143,12.8098],[-14.20098,12.80893],[-14.20062,12.80867],[-14.19981,12.80923],[-14.19879,12.81154],[-14.19793,12.81215],[-14.19676,12.81203],[-14.19539,12.8109],[-14.19483,12.81085],[-14.19394,12.81129],[-14.19348,12.81256],[-14.19134,12.8141],[-14.19026,12.81437],[-14.18808,12.81463],[-14.18718,12.81504],[-14.18641,12.81589],[-14.18568,12.81723],[-14.185,12.81795],[-14.18423,12.81824],[-14.18307,12.81821],[-14.18255,12.81793],[-14.1818,12.817],[-14.18068,12.81622],[-14.18033,12.81571],[-14.18036,12.81523],[-14.18072,12.81469],[-14.18147,12.81439],[-14.18365,12.81425],[-14.18428,12.81453],[-14.1849,12.81448],[-14.18565,12.81375],[-14.1858,12.81291],[-14.18561,12.81122],[-14.18509,12.81092],[-14.18333,12.81043],[-14.18258,12.81047],[-14.18116,12.81079],[-14.17938,12.81228],[-14.17858,12.81277],[-14.17794,12.81267],[-14.1773,12.81197],[-14.17673,12.81076],[-14.17654,12.80989],[-14.17654,12.80891],[-14.17631,12.80811],[-14.17576,12.80789],[-14.17507,12.80831],[-14.1742,12.80911],[-14.17366,12.80941],[-14.17298,12.80947],[-14.17114,12.8094],[-14.16977,12.80947],[-14.16887,12.80982],[-14.16847,12.81027],[-14.16834,12.81094],[-14.16863,12.81169],[-14.16921,12.81218],[-14.17036,12.8123],[-14.17174,12.81214],[-14.17235,12.8122],[-14.17278,12.8127],[-14.1729,12.81353],[-14.1727,12.81403],[-14.17132,12.81551],[-14.17076,12.81668],[-14.17073,12.81764],[-14.17085,12.81945],[-14.17051,12.82039],[-14.16998,12.82072],[-14.16911,12.82046],[-14.16745,12.81937],[-14.16602,12.8189],[-14.16521,12.81904],[-14.16459,12.81939],[-14.16357,12.81962],[-14.16227,12.81917],[-14.16106,12.81845],[-14.16104,12.81654],[-14.16081,12.81617],[-14.15919,12.81466],[-14.15837,12.81374],[-14.15741,12.8122],[-14.15657,12.8104],[-14.15563,12.8089],[-14.15466,12.80782],[-14.15221,12.80573],[-14.1512,12.80476],[-14.15006,12.80422],[-14.14744,12.80407],[-14.1463,12.80373],[-14.14529,12.80321],[-14.14379,12.8023],[-14.14299,12.80211],[-14.142,12.80239],[-14.14156,12.80291],[-14.1416,12.80342],[-14.14234,12.80539],[-14.14319,12.80712],[-14.14348,12.80811],[-14.14354,12.80938],[-14.1432,12.81126],[-14.14338,12.81292],[-14.14399,12.81517],[-14.14397,12.81628],[-14.14347,12.81713],[-14.14214,12.81855],[-14.14101,12.81928],[-14.14006,12.82049],[-14.13955,12.82156],[-14.14093,12.82256],[-14.14262,12.82337],[-14.14338,12.8239],[-14.14386,12.82458],[-14.14409,12.8254],[-14.14399,12.82732],[-14.14412,12.82892],[-14.14458,12.82997],[-14.14511,12.83067],[-14.1458,12.83126],[-14.14739,12.83214],[-14.14859,12.83312],[-14.14934,12.83437],[-14.15048,12.83816],[-14.15059,12.83909],[-14.15066,12.84214],[-14.15114,12.84536],[-14.15124,12.84672],[-14.15115,12.84779],[-14.1512,12.84875],[-14.15149,12.85077],[-14.1515,12.85283],[-14.15169,12.85378],[-14.15167,12.85472],[-14.15142,12.85563],[-14.15012,12.85816],[-14.14947,12.85923],[-14.14906,12.86031],[-14.14879,12.86164],[-14.14843,12.8626],[-14.14831,12.86342],[-14.14837,12.8649],[-14.14867,12.8678],[-14.14921,12.87056],[-14.15132,12.87216],[-14.15368,12.87302],[-14.15578,12.87366],[-14.15815,12.87421],[-14.15929,12.87465],[-14.1633,12.87672],[-14.16437,12.87738],[-14.1653,12.87815],[-14.16614,12.87904],[-14.1669,12.8801],[-14.16917,12.88397],[-14.17014,12.88585],[-14.17074,12.88741],[-14.17113,12.88882],[-14.17173,12.89277],[-14.1723,12.89578],[-14.17308,12.89915],[-14.17354,12.90064],[-14.17402,12.9019],[-14.17458,12.90378],[-14.17541,12.9079],[-14.17572,12.91014],[-14.17579,12.91158],[-14.17568,12.91324],[-14.17552,12.9142],[-14.17492,12.91616],[-14.17407,12.91794],[-14.17295,12.91967],[-14.17206,12.92167],[-14.17127,12.92206],[-14.17041,12.92188],[-14.16984,12.92206],[-14.16889,12.92307],[-14.16604,12.92561],[-14.16477,12.92616],[-14.16413,12.92614],[-14.16337,12.92585],[-14.16182,12.92546],[-14.16071,12.92469],[-14.15997,12.92437],[-14.15808,12.92434],[-14.15649,12.92463],[-14.15415,12.92535],[-14.1519,12.9256],[-14.14985,12.92623],[-14.14825,12.92654],[-14.14769,12.9265],[-14.14599,12.92586],[-14.1454,12.92588],[-14.14496,12.92628],[-14.14452,12.92728],[-14.14411,12.92783],[-14.14346,12.92836],[-14.14282,12.9292],[-14.14205,12.93113],[-14.14127,12.93407],[-14.1409,12.93608],[-14.14099,12.93748],[-14.14122,12.93814],[-14.1413,12.93897],[-14.14116,12.93993],[-14.14011,12.9424],[-14.13921,12.94431],[-14.13846,12.94554],[-14.13767,12.94639],[-14.13709,12.94664],[-14.1358,12.94686],[-14.13453,12.94688],[-14.13356,12.9466],[-14.13248,12.94653],[-14.13113,12.94688],[-14.12989,12.94692],[-14.12777,12.94645],[-14.1264,12.94629],[-14.12451,12.94579],[-14.12269,12.94554],[-14.12009,12.94552],[-14.11878,12.94579],[-14.11808,12.94606],[-14.11537,12.9477],[-14.11399,12.94869],[-14.11304,12.94917],[-14.11081,12.95006],[-14.1098,12.95016],[-14.10947,12.9516],[-14.10861,12.95383],[-14.10802,12.95512],[-14.10772,12.95545],[-14.1066,12.95609],[-14.10616,12.95701],[-14.10632,12.95884],[-14.10599,12.95994],[-14.10592,12.96129],[-14.10611,12.96374],[-14.10637,12.96516],[-14.10677,12.96594],[-14.10769,12.96721],[-14.10963,12.9693],[-14.11036,12.97018],[-14.11139,12.97116],[-14.11175,12.97185],[-14.11274,12.97305],[-14.11455,12.97443],[-14.11574,12.9755],[-14.11707,12.9763],[-14.11887,12.97805],[-14.11998,12.97957],[-14.12054,12.98021],[-14.12218,12.98246],[-14.1231,12.98403],[-14.12419,12.98537],[-14.12507,12.98713],[-14.12553,12.98775],[-14.1258,12.98874],[-14.12562,12.98981],[-14.12573,12.99152],[-14.12617,12.99333],[-14.1263,12.9946],[-14.12632,12.99683],[-14.12673,12.998],[-14.12666,12.99871],[-14.12611,12.99932],[-14.12518,12.99983],[-14.12499,13.00075],[-14.12573,13.00155],[-14.12546,13.00258],[-14.12538,13.004],[-14.12558,13.00495],[-14.12615,13.00578],[-14.12661,13.00602],[-14.12669,13.0065],[-14.12621,13.00736],[-14.12585,13.00758],[-14.12546,13.00725],[-14.12469,13.00769],[-14.12476,13.00803],[-14.12564,13.00878],[-14.12586,13.00924],[-14.1258,13.00975],[-14.1271,13.01139],[-14.12719,13.0122],[-14.12759,13.01276],[-14.12836,13.01426],[-14.12883,13.01557],[-14.12905,13.0169],[-14.12894,13.01751],[-14.12859,13.01791],[-14.12738,13.01792],[-14.1269,13.01826],[-14.1259,13.0206],[-14.12767,13.02102],[-14.12837,13.0214],[-14.12879,13.02324],[-14.12979,13.02341],[-14.13044,13.02425],[-14.13092,13.0243],[-14.13167,13.02489],[-14.13199,13.02489],[-14.13293,13.02374],[-14.13392,13.02372],[-14.13468,13.02311],[-14.13559,13.02349],[-14.13577,13.02399],[-14.13833,13.02663],[-14.13867,13.02609],[-14.13951,13.0255],[-14.14005,13.02541],[-14.14103,13.02589],[-14.14238,13.02718],[-14.1427,13.02787],[-14.14323,13.02807],[-14.14387,13.02798],[-14.14451,13.02764],[-14.14538,13.02671],[-14.14581,13.02514],[-14.14612,13.02463],[-14.14683,13.0243],[-14.14776,13.02334],[-14.14869,13.02274],[-14.1491,13.02197],[-14.14987,13.02148],[-14.15165,13.02115],[-14.15254,13.02086],[-14.15428,13.02059],[-14.15543,13.02026],[-14.15772,13.02078],[-14.15796,13.02032],[-14.15839,13.02015],[-14.15891,13.02039],[-14.1593,13.02022],[-14.1595,13.01968],[-14.16011,13.01922],[-14.16106,13.01873],[-14.16112,13.01824],[-14.16152,13.01786],[-14.16266,13.01798],[-14.16391,13.01785],[-14.16458,13.01875],[-14.16562,13.01848],[-14.16659,13.01764],[-14.16706,13.01692],[-14.16726,13.0159],[-14.16764,13.01541],[-14.16899,13.01441],[-14.16945,13.01353],[-14.17033,13.01304],[-14.17098,13.01294],[-14.17188,13.01325],[-14.17274,13.01389],[-14.1741,13.01421],[-14.17655,13.01561],[-14.1792,13.01672],[-14.18257,13.01802],[-14.18376,13.01784],[-14.18432,13.01788],[-14.18463,13.01887],[-14.18522,13.01989],[-14.18582,13.02059],[-14.1869,13.02152],[-14.18806,13.02218],[-14.18975,13.02284],[-14.19265,13.02422],[-14.19376,13.02445],[-14.19511,13.02438],[-14.19654,13.0241],[-14.19772,13.02398],[-14.19924,13.02414],[-14.20078,13.02454],[-14.20231,13.02479],[-14.20408,13.02494],[-14.20617,13.02535],[-14.20828,13.02597],[-14.20926,13.02619],[-14.21113,13.02643],[-14.21222,13.02649],[-14.21399,13.02635],[-14.21546,13.026],[-14.21674,13.0255],[-14.21833,13.02451],[-14.21965,13.02406],[-14.22037,13.02398],[-14.22112,13.02415],[-14.22227,13.02488],[-14.22287,13.02548],[-14.22366,13.026],[-14.22539,13.02689],[-14.22636,13.02762],[-14.22764,13.02904],[-14.22892,13.03012],[-14.22972,13.03151],[-14.23017,13.03299],[-14.23054,13.03478],[-14.23107,13.03559],[-14.23176,13.03622],[-14.23322,13.03807],[-14.23432,13.03911],[-14.23517,13.03968],[-14.23683,13.04042],[-14.2375,13.04026],[-14.23827,13.03977],[-14.2389,13.03984],[-14.23974,13.04018],[-14.24117,13.04053],[-14.24259,13.04121],[-14.24526,13.04386],[-14.24641,13.04397],[-14.2477,13.04387],[-14.24843,13.04365],[-14.24952,13.0431],[-14.25037,13.04249],[-14.2517,13.04184],[-14.25302,13.04137],[-14.25633,13.04007],[-14.25808,13.03916],[-14.25885,13.03885],[-14.26045,13.03859],[-14.26247,13.03874],[-14.26362,13.03892],[-14.26849,13.04001],[-14.27056,13.04056],[-14.27144,13.04066],[-14.27328,13.04066],[-14.27587,13.04088],[-14.27859,13.04128],[-14.28058,13.04169],[-14.28381,13.04251],[-14.28548,13.04323],[-14.28673,13.04349],[-14.28754,13.04348],[-14.28849,13.04374],[-14.2893,13.04425],[-14.29054,13.0447],[-14.29261,13.04501],[-14.2962,13.0451],[-14.29892,13.0456],[-14.30021,13.04559],[-14.30126,13.04525],[-14.3023,13.04535],[-14.30326,13.04583],[-14.30429,13.04612],[-14.30613,13.04615],[-14.30845,13.04653],[-14.31035,13.04731],[-14.31135,13.04794],[-14.31249,13.04899],[-14.31311,13.04972],[-14.31449,13.05163],[-14.31534,13.05302],[-14.31637,13.05498],[-14.31837,13.05508],[-14.32082,13.05507],[-14.32209,13.05519],[-14.32525,13.0551],[-14.32705,13.05493],[-14.32854,13.05445],[-14.3299,13.05373],[-14.33141,13.05261],[-14.33193,13.05231],[-14.33322,13.05188],[-14.33527,13.05104],[-14.33791,13.05026],[-14.33933,13.05],[-14.34146,13.04982],[-14.34369,13.04918],[-14.34475,13.0488],[-14.34612,13.04815],[-14.34686,13.04749],[-14.34836,13.04697],[-14.35127,13.0461],[-14.35264,13.04599],[-14.3538,13.04501],[-14.35471,13.04485],[-14.35642,13.04515],[-14.35873,13.04525],[-14.35983,13.04557],[-14.36055,13.04548],[-14.36186,13.0449],[-14.36256,13.04399],[-14.36351,13.04336],[-14.36496,13.0433],[-14.36621,13.04367],[-14.36771,13.04387],[-14.36878,13.04387],[-14.37287,13.04348],[-14.37556,13.04279],[-14.37798,13.04198],[-14.37979,13.04125],[-14.38372,13.03955],[-14.38785,13.03778],[-14.38969,13.03681],[-14.39118,13.03582],[-14.39286,13.03455],[-14.39468,13.03341],[-14.39613,13.03268],[-14.39807,13.03141],[-14.39953,13.03063],[-14.40062,13.03015],[-14.40092,13.02983],[-14.40199,13.02812],[-14.405,13.02376],[-14.40678,13.0213],[-14.40832,13.02367],[-14.41135,13.02814],[-14.41306,13.03104],[-14.41426,13.03292],[-14.41512,13.03399],[-14.41725,13.03614],[-14.41779,13.03688],[-14.41819,13.03811],[-14.41858,13.03884],[-14.41985,13.04026],[-14.42015,13.04081],[-14.42081,13.04259],[-14.42184,13.04448],[-14.42385,13.04455],[-14.42519,13.04479],[-14.42651,13.04486],[-14.43084,13.04465],[-14.43221,13.0445],[-14.43371,13.04421],[-14.4355,13.04368],[-14.44003,13.04204],[-14.44207,13.04144],[-14.44409,13.04101],[-14.44625,13.04075],[-14.44757,13.04053],[-14.44911,13.04012],[-14.45274,13.03884],[-14.45473,13.03822],[-14.45736,13.03753],[-14.46079,13.03647],[-14.46252,13.0358],[-14.46399,13.03497],[-14.46465,13.0347],[-14.46565,13.03456],[-14.46665,13.03457],[-14.46742,13.03439],[-14.47001,13.03326],[-14.4715,13.03271],[-14.47462,13.03173],[-14.47553,13.03136],[-14.4774,13.03],[-14.47894,13.02926],[-14.4804,13.02882],[-14.48185,13.0304],[-14.48307,13.03189],[-14.48391,13.03271],[-14.48865,13.03626],[-14.49,13.03713],[-14.49085,13.03792],[-14.49149,13.03916],[-14.49228,13.04031],[-14.49276,13.0407],[-14.49441,13.04101],[-14.49481,13.04129],[-14.49541,13.04225],[-14.49602,13.04292],[-14.49685,13.04358],[-14.49756,13.04448],[-14.49809,13.04551],[-14.49868,13.04631],[-14.4997,13.04732],[-14.50052,13.04791],[-14.50102,13.04845],[-14.50157,13.04935],[-14.50206,13.04957],[-14.50332,13.04947],[-14.50406,13.04971],[-14.50543,13.05066],[-14.50861,13.05265],[-14.51034,13.05362],[-14.51339,13.05519],[-14.51424,13.05424],[-14.51538,13.05353],[-14.51684,13.05303],[-14.51829,13.05297],[-14.52098,13.05335],[-14.52199,13.05338],[-14.52273,13.05323],[-14.52416,13.05271],[-14.52631,13.05229],[-14.52786,13.0519],[-14.53029,13.05175],[-14.53195,13.05148],[-14.5329,13.05109],[-14.53404,13.05022],[-14.53488,13.04993],[-14.53608,13.0498],[-14.53683,13.04986],[-14.53875,13.05023],[-14.54046,13.0507],[-14.54143,13.05087],[-14.54263,13.0508],[-14.54333,13.05064],[-14.54516,13.04995],[-14.54763,13.04915],[-14.54924,13.04829],[-14.55161,13.04665],[-14.55408,13.04474],[-14.55428,13.04384],[-14.55474,13.04301],[-14.55528,13.04256],[-14.55603,13.04234],[-14.55706,13.04236],[-14.55808,13.04218],[-14.55928,13.04152],[-14.5598,13.04093],[-14.56033,13.03925],[-14.56138,13.03794],[-14.56364,13.03594],[-14.56659,13.03319],[-14.56751,13.03204],[-14.56807,13.03089],[-14.56881,13.02971],[-14.56993,13.02827],[-14.57048,13.02731],[-14.57117,13.02562],[-14.57143,13.02427],[-14.57188,13.023],[-14.57262,13.02221],[-14.57404,13.02184],[-14.57539,13.02173],[-14.5759,13.02115],[-14.57664,13.01945],[-14.57767,13.01765],[-14.57942,13.01408],[-14.58077,13.01159],[-14.58175,13.00957],[-14.58263,13.00829],[-14.5837,13.00703],[-14.58469,13.00599],[-14.58553,13.00473],[-14.58777,13.00038],[-14.5885,12.99976],[-14.58949,12.99942],[-14.59048,12.99934],[-14.59159,12.99876],[-14.59297,12.99826],[-14.59441,12.99746],[-14.59515,12.99724],[-14.5959,12.99738],[-14.59707,12.99672],[-14.59858,12.99608],[-14.60056,12.99437],[-14.60221,12.99267],[-14.60299,12.99209],[-14.60397,12.99165],[-14.60508,12.99157],[-14.60747,12.99301],[-14.60777,12.9934],[-14.60806,12.99439],[-14.60912,12.9962],[-14.61015,12.99688],[-14.61095,12.99702],[-14.61234,12.99659],[-14.61289,12.99621],[-14.61366,12.99596],[-14.614,12.99528],[-14.61538,12.99419],[-14.61674,12.99361],[-14.61753,12.99374],[-14.6185,12.99365],[-14.61941,12.99381],[-14.62078,12.99363],[-14.62235,12.99243],[-14.62391,12.99194],[-14.62449,12.99154],[-14.62679,12.99112],[-14.62721,12.99133],[-14.62838,12.99239],[-14.6294,12.99294],[-14.63043,12.99382],[-14.63134,12.99442],[-14.63297,12.99534],[-14.63414,12.99613],[-14.63546,12.99625],[-14.63648,12.99599],[-14.63791,12.99527],[-14.6393,12.99488],[-14.63983,12.99485],[-14.6403,12.99428],[-14.63992,12.99338],[-14.63885,12.99151],[-14.63878,12.99047],[-14.63934,12.99016],[-14.6413,12.99008],[-14.64224,12.98994],[-14.6431,12.99003],[-14.64378,12.98982],[-14.6447,12.98886],[-14.64533,12.98839],[-14.64609,12.98804],[-14.64707,12.98727],[-14.64832,12.9871],[-14.64886,12.98665],[-14.64967,12.98645],[-14.65051,12.98657],[-14.65203,12.98713],[-14.6525,12.98701],[-14.65335,12.98624],[-14.65437,12.98464],[-14.65471,12.98428],[-14.6559,12.98367],[-14.65626,12.98247],[-14.65631,12.98163],[-14.65688,12.98021],[-14.65825,12.97806],[-14.65874,12.97583],[-14.65931,12.97472],[-14.65981,12.97438],[-14.66131,12.97402],[-14.66186,12.9737],[-14.66232,12.97277],[-14.66411,12.97035],[-14.6649,12.96888],[-14.66579,12.96598],[-14.66635,12.96342],[-14.66621,12.96225],[-14.66587,12.96079],[-14.66586,12.9593],[-14.66626,12.95806],[-14.6664,12.9566],[-14.66661,12.95574],[-14.66603,12.95391],[-14.66646,12.9525],[-14.66667,12.95111],[-14.66698,12.95068],[-14.66882,12.94947],[-14.66922,12.94907],[-14.66914,12.9483],[-14.66883,12.94718],[-14.66886,12.94623],[-14.66945,12.94419],[-14.6698,12.94353],[-14.67074,12.94311],[-14.67139,12.94315],[-14.67287,12.94349],[-14.67395,12.94348],[-14.67466,12.94284],[-14.67502,12.94162],[-14.67525,12.93993],[-14.67547,12.93916],[-14.67586,12.93855],[-14.67673,12.93807],[-14.67778,12.93783],[-14.67912,12.93781],[-14.68036,12.93816],[-14.68108,12.93789],[-14.68136,12.93728],[-14.68182,12.93485],[-14.68215,12.9342],[-14.68264,12.93381],[-14.68424,12.93305],[-14.68563,12.93271],[-14.68661,12.93199],[-14.68752,12.93076],[-14.68794,12.92988],[-14.68876,12.92906],[-14.68979,12.9282],[-14.6915,12.92745],[-14.69227,12.92673],[-14.69246,12.926],[-14.69219,12.92496],[-14.69211,12.92413],[-14.69233,12.92354],[-14.69298,12.9229],[-14.69389,12.92282],[-14.69424,12.92344],[-14.69444,12.92489],[-14.69478,12.9258],[-14.69519,12.92617],[-14.6959,12.92639],[-14.69669,12.92623],[-14.69784,12.92572],[-14.69845,12.92561],[-14.69938,12.92589],[-14.70039,12.92633],[-14.70129,12.92654],[-14.7024,12.92621],[-14.70313,12.925],[-14.70348,12.92384],[-14.70406,12.9225],[-14.70443,12.92208],[-14.70582,12.92101],[-14.70719,12.92018],[-14.70779,12.92002],[-14.70949,12.92005],[-14.71013,12.92022],[-14.71227,12.92166],[-14.71344,12.92232],[-14.71386,12.92236],[-14.71504,12.92208],[-14.71567,12.92179],[-14.71725,12.92034],[-14.71862,12.91926],[-14.72051,12.91729],[-14.72103,12.91651],[-14.72182,12.91624],[-14.72252,12.9165],[-14.72321,12.91699],[-14.72421,12.91794],[-14.72479,12.91903],[-14.72532,12.91981],[-14.72553,12.92094],[-14.72703,12.9227],[-14.72741,12.92293],[-14.72806,12.92293],[-14.72914,12.92179],[-14.73031,12.91954],[-14.73078,12.91922],[-14.73176,12.91802],[-14.73239,12.9174],[-14.73302,12.91703],[-14.73327,12.9163],[-14.73326,12.91538],[-14.73343,12.91436],[-14.73386,12.91317],[-14.73495,12.91073],[-14.73514,12.90975],[-14.7351,12.90915],[-14.73525,12.90754],[-14.7355,12.90658],[-14.7367,12.90525],[-14.7372,12.90498],[-14.73943,12.90436],[-14.74011,12.90435],[-14.74104,12.90457],[-14.74319,12.90468],[-14.74432,12.90406],[-14.74553,12.90375],[-14.7463,12.90327],[-14.74675,12.9025],[-14.74717,12.90216],[-14.74838,12.90184],[-14.74963,12.90164],[-14.75132,12.9009],[-14.75241,12.90013],[-14.75316,12.89932],[-14.75389,12.89892],[-14.75558,12.89835],[-14.75629,12.89778],[-14.75699,12.89673],[-14.75684,12.89578],[-14.7564,12.89479],[-14.7565,12.89367],[-14.75716,12.8927],[-14.75837,12.89193],[-14.75901,12.89106],[-14.75962,12.88986],[-14.7602,12.8891],[-14.76028,12.88819],[-14.7605,12.88743],[-14.76167,12.88496],[-14.76266,12.88446],[-14.76363,12.88448],[-14.76518,12.88501],[-14.76697,12.88608],[-14.76782,12.88647],[-14.76846,12.88642],[-14.76997,12.88516],[-14.77129,12.88452],[-14.77258,12.8836],[-14.77362,12.88267],[-14.77414,12.8825],[-14.77529,12.88259],[-14.77753,12.87989],[-14.77836,12.87907],[-14.7804,12.87791],[-14.78147,12.87764],[-14.78299,12.87684],[-14.78419,12.87629],[-14.78496,12.87582],[-14.78637,12.87409],[-14.78732,12.8736],[-14.78839,12.87342],[-14.78957,12.87364],[-14.79126,12.87288],[-14.79173,12.87248],[-14.79248,12.87113],[-14.79299,12.87088],[-14.79459,12.87035],[-14.79555,12.87016],[-14.79659,12.8701],[-14.79762,12.8699],[-14.79873,12.87004],[-14.79904,12.86991],[-14.79933,12.86886],[-14.79992,12.86835],[-14.80041,12.86847],[-14.80098,12.86908],[-14.80162,12.87048],[-14.80206,12.87098],[-14.8028,12.87132],[-14.80335,12.87189],[-14.80437,12.87336],[-14.80551,12.87447],[-14.80609,12.87558],[-14.80636,12.87738],[-14.80653,12.87934],[-14.80676,12.8805],[-14.80715,12.88163],[-14.80733,12.88268],[-14.80746,12.88442],[-14.80827,12.88681],[-14.8097,12.88883],[-14.81029,12.88944],[-14.81116,12.88968],[-14.81195,12.89028],[-14.81258,12.89098],[-14.81278,12.89157],[-14.81283,12.89244],[-14.81269,12.89278],[-14.81141,12.89418],[-14.81081,12.8954],[-14.81074,12.89606],[-14.811,12.89648],[-14.81266,12.89728],[-14.81412,12.89754],[-14.8161,12.89704],[-14.81676,12.897],[-14.81791,12.89766],[-14.81848,12.89824],[-14.8194,12.90007],[-14.82044,12.90293],[-14.82086,12.90364],[-14.82195,12.90408],[-14.82352,12.90407],[-14.82578,12.90368],[-14.82748,12.90385],[-14.82886,12.9037],[-14.82963,12.90475],[-14.83079,12.90571],[-14.83118,12.90664],[-14.83118,12.9071],[-14.8308,12.90828],[-14.83098,12.90899],[-14.83158,12.9099],[-14.83185,12.91065],[-14.83244,12.91146],[-14.83352,12.9124],[-14.83371,12.91298],[-14.83361,12.91384],[-14.8337,12.91445],[-14.83411,12.91493],[-14.83489,12.91527],[-14.83587,12.91524],[-14.83719,12.91434],[-14.83849,12.91423],[-14.83926,12.91456],[-14.84071,12.91558],[-14.84181,12.91605],[-14.84362,12.91728],[-14.84456,12.91778],[-14.84511,12.91792],[-14.84654,12.91857],[-14.84763,12.91839],[-14.84824,12.91766],[-14.84863,12.91745],[-14.84954,12.91765],[-14.84974,12.9181],[-14.84976,12.91892],[-14.85007,12.91901],[-14.85106,12.91855],[-14.85196,12.9177],[-14.85366,12.91689],[-14.85488,12.9165],[-14.85592,12.91634],[-14.85659,12.91609],[-14.85797,12.91487],[-14.85926,12.91256],[-14.85944,12.91102],[-14.85963,12.9108],[-14.86038,12.91076],[-14.86218,12.91111],[-14.86243,12.91059],[-14.86257,12.90952],[-14.86224,12.90796],[-14.86273,12.9075],[-14.86345,12.90772],[-14.86399,12.90748],[-14.86538,12.9058],[-14.86672,12.90568],[-14.86736,12.9055],[-14.86813,12.90507],[-14.8692,12.90538],[-14.87018,12.90598],[-14.87064,12.90656],[-14.87171,12.90821],[-14.87231,12.90898],[-14.87364,12.91043],[-14.87488,12.91159],[-14.8761,12.91243],[-14.87706,12.91252],[-14.87753,12.9124],[-14.8788,12.91173],[-14.87904,12.91141],[-14.87867,12.90824],[-14.87881,12.90789],[-14.87939,12.90749],[-14.88168,12.90772],[-14.88343,12.90771],[-14.88453,12.90758],[-14.88522,12.9073],[-14.88567,12.9069],[-14.88637,12.90549],[-14.88713,12.90333],[-14.88751,12.90251],[-14.88796,12.90191],[-14.88844,12.90161],[-14.88943,12.90196],[-14.89115,12.90277],[-14.89191,12.90348],[-14.89306,12.905],[-14.8936,12.90607],[-14.89373,12.90679],[-14.89379,12.90818],[-14.89398,12.90924],[-14.89456,12.91011],[-14.89629,12.91041],[-14.89819,12.9109],[-14.89934,12.91144],[-14.90056,12.91236],[-14.90109,12.91295],[-14.90151,12.91375],[-14.90173,12.91457],[-14.90169,12.91577],[-14.90188,12.917],[-14.90242,12.91923],[-14.90233,12.92076],[-14.90258,12.92165],[-14.9031,12.92278],[-14.90478,12.9235],[-14.90583,12.92347],[-14.90711,12.92239],[-14.90834,12.92188],[-14.90997,12.92153],[-14.91216,12.92062],[-14.91384,12.91955],[-14.91475,12.91822],[-14.91571,12.91713],[-14.91685,12.91549],[-14.91725,12.91534],[-14.9185,12.91523],[-14.92011,12.9153],[-14.92179,12.91562],[-14.92362,12.91513],[-14.92442,12.91606],[-14.92469,12.91674],[-14.92564,12.91791],[-14.92574,12.91904],[-14.92626,12.91971],[-14.92661,12.9199],[-14.92779,12.9201],[-14.92832,12.92061],[-14.92958,12.9209],[-14.93067,12.92152],[-14.93115,12.92228],[-14.93153,12.92319],[-14.93179,12.92442],[-14.93206,12.92507],[-14.93209,12.92568],[-14.93177,12.92663],[-14.93201,12.92762],[-14.93256,12.9283],[-14.93286,12.93005],[-14.93387,12.93169],[-14.93449,12.93242],[-14.93548,12.93298],[-14.93669,12.9334],[-14.93774,12.93492],[-14.93813,12.93521],[-14.93874,12.93529],[-14.93903,12.93557],[-14.93945,12.93641],[-14.9406,12.93823],[-14.94079,12.93872],[-14.94094,12.94109],[-14.94031,12.94171],[-14.93991,12.94234],[-14.93943,12.94384],[-14.93892,12.9449],[-14.9371,12.94754],[-14.93638,12.94809],[-14.93576,12.94883],[-14.93564,12.94971],[-14.93536,12.95046],[-14.93527,12.95241],[-14.93536,12.95398],[-14.93511,12.95603],[-14.93465,12.95714],[-14.93387,12.95847],[-14.93411,12.95938],[-14.93395,12.96001],[-14.93319,12.962],[-14.93224,12.96313],[-14.93149,12.96417],[-14.93101,12.96562],[-14.93147,12.96813],[-14.93135,12.9701],[-14.93089,12.97125],[-14.93061,12.97312],[-14.93077,12.97377],[-14.93037,12.97529],[-14.9302,12.97673],[-14.93034,12.97829],[-14.92995,12.9819],[-14.92983,12.98374],[-14.92935,12.9863],[-14.92912,12.98866],[-14.92927,12.98989],[-14.92968,12.99091],[-14.93001,12.9928],[-14.92964,12.99396],[-14.93122,12.99605],[-14.93191,12.99673],[-14.93384,12.99819],[-14.93496,12.9993],[-14.93583,12.99999],[-14.93579,13.00239],[-14.93631,13.00464],[-14.93636,13.0075],[-14.93645,13.0104],[-14.93698,13.01455],[-14.93726,13.01727],[-14.93782,13.02017],[-14.93802,13.0216],[-14.93929,13.02459],[-14.94051,13.02758],[-14.94159,13.02998],[-14.94268,13.03205],[-14.94381,13.035],[-14.94508,13.03707],[-14.94621,13.0392],[-14.94842,13.04044],[-14.95067,13.04164],[-14.95269,13.04316],[-14.95429,13.04472],[-14.95669,13.04745],[-14.95811,13.05067],[-14.95956,13.05334],[-14.96003,13.05583],[-14.96177,13.0568],[-14.96407,13.05739],[-14.96614,13.05845],[-14.9676,13.05841],[-14.96816,13.05851],[-14.97013,13.05823],[-14.9723,13.05864],[-14.9747,13.0587],[-14.97649,13.05948],[-14.97931,13.0598],[-14.98095,13.05976],[-14.98241,13.06004],[-14.98428,13.05986],[-14.98565,13.06008],[-14.98785,13.05953],[-14.98969,13.06018],[-14.99345,13.05958],[-14.99589,13.06005],[-14.99744,13.06005],[-15.00001,13.06154],[-15.04203,13.06107],[-15.10371,13.04742],[-15.12552,13.0427],[-15.12991,13.04087],[-15.14367,13.03427],[-15.15326,13.02944],[-15.15562,13.02908],[-15.15638,13.02878],[-15.15898,13.02723],[-15.162,13.02496],[-15.16488,13.02468],[-15.16718,13.02313],[-15.16949,13.02185],[-15.16998,13.02142],[-15.16785,13.02046],[-15.1663,13.01919],[-15.16428,13.01763],[-15.16381,13.01717],[-15.16288,13.016],[-15.16095,13.01477],[-15.16033,13.01428],[-15.15989,13.0137],[-15.15964,13.01272],[-15.15804,13.00804],[-15.15759,13.00623],[-15.15742,13.00456],[-15.15696,13.0029],[-15.1565,13.0022],[-15.15629,13.00141],[-15.15611,13.00004],[-15.15614,12.99871],[-15.15651,12.99747],[-15.15711,12.99636],[-15.15746,12.99521],[-15.15795,12.99423],[-15.15849,12.99349],[-15.15944,12.99242],[-15.16179,12.9902],[-15.16248,12.98904],[-15.16272,12.98745],[-15.16326,12.98636],[-15.16497,12.98374],[-15.16577,12.9823],[-15.16643,12.98088],[-15.1675,12.97823],[-15.16855,12.97648],[-15.16869,12.9757],[-15.16861,12.9752],[-15.16821,12.9745],[-15.1673,12.97346],[-15.16656,12.97235],[-15.16604,12.97112],[-15.16527,12.96687],[-15.16493,12.96589],[-15.1646,12.96536],[-15.16353,12.96426],[-15.16311,12.96369],[-15.16244,12.96221],[-15.16187,12.96125],[-15.16085,12.95982],[-15.1604,12.95875],[-15.15989,12.95685],[-15.15934,12.95592],[-15.15843,12.9549],[-15.15798,12.95404],[-15.15788,12.95331],[-15.15793,12.95192],[-15.15813,12.94998],[-15.15813,12.94906],[-15.15787,12.94742],[-15.15762,12.94667],[-15.15703,12.9457],[-15.15594,12.94455],[-15.15471,12.94342],[-15.15399,12.943],[-15.15164,12.94034],[-15.15139,12.93986],[-15.14822,12.93627],[-15.13243,12.9193],[-15.12111,12.90699],[-15.12031,12.90663],[-15.11954,12.90601],[-15.11876,12.90485],[-15.11654,12.90264],[-15.11593,12.90175],[-15.11517,12.90109],[-15.11431,12.89995],[-15.11335,12.89894],[-15.1126,12.89802],[-15.11217,12.89702],[-15.11151,12.89443],[-15.11203,12.89272],[-15.11204,12.8916],[-15.11218,12.89082],[-15.11268,12.88981],[-15.1139,12.88671],[-15.11491,12.8846],[-15.11605,12.88298],[-15.11626,12.88216],[-15.11625,12.88013],[-15.11612,12.87822],[-15.11593,12.87654],[-15.11589,12.87478],[-15.11608,12.87372],[-15.11685,12.87233],[-15.11646,12.87055],[-15.11666,12.86687],[-15.116,12.86166],[-15.11579,12.85844],[-15.11609,12.85632],[-15.1161,12.85062],[-15.11615,12.84463],[-15.1158,12.83036],[-15.11563,12.82797],[-15.11519,12.81982],[-15.11511,12.81278],[-15.11551,12.81067],[-15.11604,12.80864],[-15.11639,12.80598],[-15.11729,12.8041],[-15.11886,12.80168],[-15.12057,12.79971],[-15.12406,12.79707],[-15.12586,12.79552],[-15.12739,12.79284],[-15.12805,12.79003],[-15.12908,12.78922],[-15.13015,12.78869],[-15.13152,12.7882],[-15.13258,12.78817],[-15.13315,12.78835],[-15.13413,12.7881],[-15.1344,12.78773],[-15.13482,12.78667],[-15.13541,12.78574],[-15.13623,12.78477],[-15.13675,12.78397],[-15.13734,12.78258],[-15.13757,12.78144],[-15.13764,12.78002],[-15.1375,12.77867],[-15.13733,12.77795],[-15.13653,12.7758],[-15.13563,12.7744],[-15.13536,12.77366],[-15.13541,12.77298],[-15.13576,12.7722],[-15.1365,12.77108],[-15.13753,12.7699],[-15.13844,12.76862],[-15.13967,12.76631],[-15.14064,12.76393],[-15.14252,12.75974],[-15.14329,12.75855],[-15.14414,12.75765],[-15.14499,12.75649],[-15.14585,12.75499],[-15.1473,12.75295],[-15.14854,12.75141],[-15.14928,12.75061],[-15.15002,12.74958],[-15.15057,12.74853],[-15.15133,12.74741],[-15.15214,12.74647],[-15.15291,12.74541],[-15.15372,12.74409],[-15.15418,12.74303],[-15.15448,12.74199],[-15.15461,12.74098],[-15.15542,12.73923],[-15.15449,12.73725],[-15.1536,12.73565],[-15.15287,12.73476],[-15.15112,12.73317],[-15.15034,12.73189],[-15.14948,12.72961],[-15.1488,12.72717],[-15.14824,12.72609],[-15.14761,12.7252],[-15.14718,12.72302],[-15.14708,12.72142],[-15.14676,12.72032],[-15.14629,12.71943],[-15.14571,12.71785],[-15.14517,12.71563],[-15.1444,12.71281],[-15.14355,12.70787],[-15.14273,12.70595],[-15.14233,12.70478],[-15.14225,12.70362],[-15.14247,12.70135],[-15.14121,12.69982],[-15.13877,12.69898],[-15.13579,12.69778],[-15.13171,12.69498],[-15.12994,12.6948],[-15.12841,12.69432],[-15.12671,12.69336],[-15.12525,12.69241],[-15.12037,12.6878],[-15.11744,12.68441]]]},"properties":{"slug":"kolda","name":"Kolda","department":"Kolda","code":"SN0701","parent":"region-kolda"}},{"type":"Feature","geometry":{"type":"Polygon","coordinates":[[[-14.35017,13.22918],[-14.35297,13.22926],[-14.35559,13.22916],[-14.35776,13.22931],[-14.35977,13.22969],[-14.36215,13.23036],[-14.36375,13.23101],[-14.36512,13.23204],[-14.36609,13.23266],[-14.36717,13.23303],[-14.37004,13.23347],[-14.37545,13.23473],[-14.37727,13.23528],[-14.37936,13.23609],[-14.38402,13.23764],[-14.38633,13.23849],[-14.3876,13.23912],[-14.38867,13.2395],[-14.39049,13.23992],[-14.39244,13.24088],[-14.39418,13.24192],[-14.3952,13.24244],[-14.3963,13.24286],[-14.39871,13.24362],[-14.40024,13.24436],[-14.40115,13.2451],[-14.40249,13.2459],[-14.40438,13.24684],[-14.4053,13.24737],[-14.40818,13.24954],[-14.40927,13.25028],[-14.41051,13.25097],[-14.41332,13.25235],[-14.41455,13.25305],[-14.42225,13.25828],[-14.42602,13.26097],[-14.42925,13.26369],[-14.43081,13.26489],[-14.43482,13.2675],[-14.43687,13.26896],[-14.43869,13.27058],[-14.43936,13.27143],[-14.44052,13.27326],[-14.44236,13.27556],[-14.4439,13.27759],[-14.44517,13.27935],[-14.4473,13.2824],[-14.4485,13.28384],[-14.45163,13.28734],[-14.4527,13.28934],[-14.4534,13.2905],[-14.45481,13.29234],[-14.45563,13.2932],[-14.45709,13.29454],[-14.45813,13.29581],[-14.4584,13.29633],[-14.45942,13.29897],[-14.45994,13.29971],[-14.46048,13.30013],[-14.46187,13.30042],[-14.46438,13.30009],[-14.46777,13.30014],[-14.47073,13.30015],[-14.47461,13.30005],[-14.47617,13.29998],[-14.47867,13.30009],[-14.48215,13.30059],[-14.48378,13.30074],[-14.48529,13.30074],[-14.48771,13.30057],[-14.48937,13.30052],[-14.49095,13.30065],[-14.49253,13.30102],[-14.49459,13.30167],[-14.49585,13.30194],[-14.4967,13.30202],[-14.49905,13.30207],[-14.50136,13.30236],[-14.50674,13.30298],[-14.51032,13.30352],[-14.51245,13.30393],[-14.51419,13.30435],[-14.51692,13.3052],[-14.51838,13.30586],[-14.52031,13.30695],[-14.52353,13.3084],[-14.52597,13.30978],[-14.52927,13.3113],[-14.53225,13.31249],[-14.53308,13.31289],[-14.53559,13.3145],[-14.53734,13.31575],[-14.53841,13.31662],[-14.54079,13.31871],[-14.54217,13.31977],[-14.54363,13.3207],[-14.54697,13.32238],[-14.54838,13.32322],[-14.55283,13.32648],[-14.55477,13.32807],[-14.55545,13.32875],[-14.55808,13.33246],[-14.55922,13.33388],[-14.56339,13.33821],[-14.56563,13.34059],[-14.56821,13.34341],[-14.56978,13.34521],[-14.57119,13.34716],[-14.574,13.35149],[-14.57571,13.35376],[-14.57808,13.35766],[-14.57877,13.35825],[-14.58011,13.35824],[-14.58132,13.35791],[-14.58315,13.35713],[-14.58474,13.35625],[-14.58774,13.35447],[-14.58859,13.35408],[-14.59109,13.35317],[-14.59219,13.35259],[-14.59379,13.35161],[-14.59568,13.35066],[-14.59821,13.34952],[-14.59935,13.34896],[-14.60191,13.34739],[-14.60402,13.34653],[-14.60832,13.34438],[-14.61024,13.34351],[-14.6122,13.3428],[-14.61402,13.34241],[-14.61548,13.34225],[-14.61846,13.34213],[-14.62065,13.34187],[-14.62268,13.34141],[-14.62492,13.34107],[-14.62721,13.3409],[-14.62896,13.34069],[-14.63081,13.34036],[-14.63171,13.34037],[-14.63356,13.34062],[-14.63438,13.34065],[-14.64056,13.34039],[-14.64333,13.34005],[-14.64448,13.34001],[-14.64733,13.34024],[-14.65066,13.34064],[-14.65153,13.3408],[-14.65323,13.34128],[-14.65544,13.34159],[-14.65815,13.34175],[-14.65922,13.34187],[-14.66391,13.34256],[-14.66806,13.3432],[-14.67245,13.34394],[-14.67401,13.34439],[-14.67689,13.34558],[-14.67901,13.34639],[-14.6807,13.34695],[-14.68221,13.34764],[-14.68333,13.34838],[-14.68539,13.34987],[-14.68647,13.35048],[-14.69141,13.35276],[-14.69291,13.35347],[-14.69372,13.35397],[-14.69554,13.35527],[-14.69617,13.35566],[-14.69854,13.35685],[-14.69941,13.35719],[-14.70167,13.35777],[-14.70285,13.35823],[-14.70422,13.35944],[-14.70513,13.35994],[-14.70755,13.36052],[-14.70831,13.36081],[-14.71288,13.3632],[-14.71533,13.36452],[-14.71811,13.36623],[-14.72005,13.36714],[-14.72117,13.36777],[-14.72224,13.36853],[-14.72358,13.36925],[-14.7261,13.3704],[-14.72754,13.37117],[-14.72869,13.37208],[-14.7296,13.37296],[-14.73068,13.37377],[-14.73199,13.3745],[-14.73291,13.37522],[-14.73468,13.37717],[-14.73652,13.37948],[-14.73833,13.38111],[-14.73879,13.38167],[-14.73951,13.38298],[-14.74027,13.38378],[-14.74107,13.38427],[-14.74368,13.38663],[-14.74579,13.38869],[-14.74734,13.39046],[-14.74842,13.39208],[-14.74899,13.39343],[-14.74957,13.39443],[-14.75078,13.39604],[-14.7512,13.39679],[-14.75139,13.39747],[-14.75175,13.39779],[-14.75301,13.40047],[-14.75509,13.40463],[-14.75615,13.40613],[-14.75738,13.40815],[-14.75791,13.40943],[-14.75833,13.41118],[-14.7589,13.41278],[-14.75964,13.41432],[-14.76024,13.41534],[-14.76091,13.41685],[-14.76125,13.41728],[-14.76223,13.41746],[-14.76338,13.41726],[-14.76802,13.41618],[-14.77046,13.41568],[-14.77348,13.41518],[-14.77631,13.41487],[-14.7775,13.4146],[-14.78167,13.41469],[-14.78432,13.41464],[-14.78663,13.41444],[-14.78826,13.41444],[-14.79225,13.41514],[-14.79389,13.41512],[-14.79555,13.41496],[-14.79659,13.41496],[-14.80186,13.41554],[-14.80526,13.41603],[-14.80784,13.41648],[-14.81038,13.41701],[-14.81393,13.41798],[-14.81605,13.41874],[-14.81688,13.41911],[-14.81813,13.41987],[-14.81949,13.42041],[-14.82284,13.42235],[-14.82698,13.42432],[-14.82973,13.4258],[-14.83077,13.42648],[-14.83436,13.42918],[-14.83681,13.43133],[-14.84095,13.43484],[-14.84416,13.43773],[-14.84536,13.43901],[-14.84752,13.44152],[-14.84908,13.44316],[-14.85011,13.44408],[-14.8512,13.44486],[-14.85233,13.44545],[-14.85404,13.44589],[-14.85552,13.44589],[-14.8567,13.44579],[-14.8595,13.4454],[-14.86358,13.44473],[-14.86456,13.44466],[-14.86627,13.44476],[-14.86919,13.44514],[-14.87329,13.44545],[-14.87473,13.4455],[-14.87671,13.44543],[-14.87821,13.44554],[-14.88174,13.44589],[-14.88512,13.44607],[-14.88899,13.44608],[-14.8904,13.44621],[-14.89212,13.44652],[-14.89402,13.44673],[-14.89669,13.4469],[-14.89907,13.44715],[-14.90088,13.44752],[-14.90262,13.44806],[-14.90911,13.44979],[-14.91312,13.45095],[-14.91491,13.4519],[-14.91862,13.45337],[-14.92038,13.45399],[-14.92458,13.45537],[-14.927,13.45603],[-14.92796,13.45653],[-14.92993,13.45791],[-14.93112,13.45854],[-14.9338,13.4598],[-14.93802,13.46165],[-14.93918,13.46203],[-14.94076,13.46234],[-14.94198,13.46268],[-14.9444,13.46384],[-14.94759,13.46579],[-14.94865,13.46636],[-14.94969,13.46679],[-14.95185,13.46752],[-14.95403,13.4684],[-14.95683,13.46974],[-14.95894,13.47064],[-14.9605,13.47116],[-14.96201,13.47186],[-14.9641,13.47312],[-14.9655,13.4738],[-14.96955,13.47566],[-14.9715,13.47679],[-14.97281,13.4774],[-14.97552,13.4784],[-14.97893,13.48011],[-14.98192,13.48169],[-14.98447,13.48333],[-14.98794,13.48583],[-14.9967,13.49165],[-14.99983,13.49383],[-15.00054,13.49422],[-15.00773,13.49859],[-15.00982,13.49992],[-15.01504,13.50343],[-15.01798,13.50552],[-15.01992,13.50696],[-15.0235,13.50975],[-15.02794,13.51339],[-15.03212,13.51715],[-15.03524,13.52016],[-15.03903,13.52409],[-15.04129,13.52635],[-15.04375,13.5287],[-15.04747,13.53217],[-15.0515,13.53606],[-15.05316,13.53777],[-15.05673,13.54159],[-15.05978,13.54506],[-15.06219,13.54793],[-15.06735,13.55418],[-15.07093,13.55835],[-15.07321,13.56117],[-15.07522,13.56403],[-15.07716,13.56713],[-15.07829,13.5691],[-15.07941,13.5713],[-15.0804,13.57349],[-15.08154,13.5763],[-15.08215,13.57807],[-15.08387,13.58368],[-15.08477,13.58716],[-15.08539,13.58912],[-15.08592,13.59045],[-15.08674,13.59203],[-15.08771,13.59365],[-15.08863,13.59561],[-15.08949,13.59817],[-15.09544,13.59602],[-15.10117,13.59403],[-15.10734,13.59211],[-15.11977,13.58836],[-15.12677,13.58612],[-15.12861,13.58548],[-15.13193,13.58423],[-15.1347,13.58327],[-15.13674,13.58269],[-15.13888,13.58166],[-15.13961,13.58106],[-15.14048,13.57981],[-15.14101,13.57778],[-15.14141,13.57651],[-15.14212,13.57398],[-15.14253,13.57289],[-15.14334,13.57143],[-15.14472,13.56977],[-15.14692,13.56757],[-15.14893,13.56566],[-15.1515,13.56339],[-15.15628,13.55909],[-15.16015,13.5557],[-15.16462,13.55194],[-15.16934,13.5482],[-15.17245,13.54561],[-15.17576,13.5427],[-15.17831,13.5403],[-15.18087,13.5376],[-15.18197,13.53621],[-15.18286,13.53527],[-15.18424,13.53418],[-15.18592,13.53325],[-15.1886,13.53208],[-15.19128,13.53124],[-15.19397,13.53002],[-15.19483,13.52953],[-15.19586,13.52853],[-15.19657,13.52712],[-15.19727,13.52465],[-15.19783,13.52193],[-15.19841,13.51782],[-15.19991,13.51018],[-15.20041,13.50782],[-15.2023,13.49963],[-15.20323,13.49537],[-15.20402,13.49135],[-15.20498,13.48578],[-15.2053,13.48423],[-15.20691,13.47786],[-15.20784,13.47427],[-15.20968,13.46744],[-15.21115,13.46171],[-15.21244,13.45631],[-15.21302,13.45395],[-15.21483,13.44716],[-15.21581,13.44388],[-15.21681,13.44126],[-15.21798,13.43861],[-15.21886,13.43627],[-15.22013,13.432],[-15.22053,13.43078],[-15.22121,13.42909],[-15.22249,13.42639],[-15.22393,13.42383],[-15.22597,13.42077],[-15.22678,13.41969],[-15.2287,13.4174],[-15.2334,13.41309],[-15.23699,13.40985],[-15.24065,13.4066],[-15.24483,13.40296],[-15.24934,13.39907],[-15.25431,13.39485],[-15.25768,13.39207],[-15.26266,13.38803],[-15.27096,13.38164],[-15.28765,13.37094],[-15.29636,13.36638],[-15.29954,13.3655],[-15.30663,13.36438],[-15.31721,13.36309],[-15.32845,13.361],[-15.33841,13.35945],[-15.3382,13.34097],[-15.33865,13.31434],[-15.33823,13.30384],[-15.33804,13.30101],[-15.33809,13.2995],[-15.33829,13.2976],[-15.33858,13.29585],[-15.33919,13.29344],[-15.33983,13.2915],[-15.34039,13.29011],[-15.34107,13.28865],[-15.34275,13.28547],[-15.34381,13.28381],[-15.34526,13.28186],[-15.35455,13.27038],[-15.35477,13.26617],[-15.35476,13.2609],[-15.35461,13.25796],[-15.35436,13.25533],[-15.35406,13.25306],[-15.35351,13.24974],[-15.35281,13.24608],[-15.35266,13.24419],[-15.3523,13.24072],[-15.35214,13.23792],[-15.35216,13.23566],[-15.35232,13.23306],[-15.35254,13.23075],[-15.35275,13.2294],[-15.35276,13.22833],[-15.3524,13.22697],[-15.35136,13.22511],[-15.35047,13.22337],[-15.34927,13.22135],[-15.34512,13.21857],[-15.33411,13.20734],[-15.33269,13.20566],[-15.33195,13.20496],[-15.33005,13.20338],[-15.32834,13.20231],[-15.32676,13.20163],[-15.32441,13.20115],[-15.32296,13.2007],[-15.32085,13.19953],[-15.31995,13.19881],[-15.31904,13.19789],[-15.31814,13.19675],[-15.31129,13.19342],[-15.30347,13.18585],[-15.2996,13.19239],[-15.29903,13.19312],[-15.29783,13.19385],[-15.29688,13.19405],[-15.29541,13.19406],[-15.29388,13.19378],[-15.29284,13.1933],[-15.29208,13.1928],[-15.27628,13.18644],[-15.26618,13.1831],[-15.26434,13.18268],[-15.26192,13.18191],[-15.25817,13.18091],[-15.25675,13.18058],[-15.25599,13.18028],[-15.25508,13.1794],[-15.25465,13.17872],[-15.25432,13.17777],[-15.25383,13.17562],[-15.25259,13.17179],[-15.25194,13.16931],[-15.25182,13.16682],[-15.25164,13.16505],[-15.25163,13.16386],[-15.2519,13.16209],[-15.25246,13.16089],[-15.25279,13.15985],[-15.25289,13.15909],[-15.25263,13.15812],[-15.25201,13.1569],[-15.25156,13.15578],[-15.25154,13.15504],[-15.25189,13.15473],[-15.2534,13.1539],[-15.25381,13.15353],[-15.25415,13.15222],[-15.25404,13.15133],[-15.25329,13.1487],[-15.25315,13.14764],[-15.25315,13.14649],[-15.25327,13.14529],[-15.25363,13.14357],[-15.25346,13.14286],[-15.25168,13.14186],[-15.25096,13.1413],[-15.24955,13.13978],[-15.24907,13.13911],[-15.2482,13.13726],[-15.24753,13.13629],[-15.24631,13.13484],[-15.2451,13.13263],[-15.24419,13.1314],[-15.2422,13.12899],[-15.24074,13.1266],[-15.24012,13.12568],[-15.23874,13.12408],[-15.23774,13.12311],[-15.2373,13.12244],[-15.23653,13.12096],[-15.23585,13.11994],[-15.23531,13.11883],[-15.23489,13.11589],[-15.23443,13.11343],[-15.23406,13.11222],[-15.23294,13.10911],[-15.23269,13.10797],[-15.23251,13.10603],[-15.2311,13.10157],[-15.22949,13.09725],[-15.22924,13.09636],[-15.22891,13.09459],[-15.22773,13.0912],[-15.22691,13.08959],[-15.22636,13.08808],[-15.22451,13.08442],[-15.22397,13.0836],[-15.22314,13.0829],[-15.22263,13.08206],[-15.22279,13.08086],[-15.22488,13.07692],[-15.22501,13.07651],[-15.22522,13.07472],[-15.22571,13.07192],[-15.22604,13.07043],[-15.22665,13.06868],[-15.22702,13.067],[-15.2272,13.06581],[-15.22738,13.06296],[-15.22751,13.06173],[-15.2279,13.06004],[-15.22825,13.0591],[-15.2284,13.05825],[-15.22843,13.05663],[-15.22831,13.05433],[-15.22801,13.05317],[-15.22762,13.05242],[-15.22652,13.05111],[-15.22555,13.0501],[-15.22517,13.04917],[-15.22469,13.04811],[-15.22361,13.04739],[-15.22155,13.04655],[-15.22061,13.04603],[-15.21988,13.04578],[-15.21908,13.0457],[-15.2175,13.04592],[-15.21684,13.04575],[-15.21595,13.04496],[-15.21543,13.04421],[-15.21485,13.04306],[-15.21432,13.04246],[-15.21325,13.04181],[-15.21236,13.04162],[-15.21049,13.04151],[-15.20955,13.04133],[-15.20747,13.04128],[-15.2071,13.04107],[-15.20634,13.0399],[-15.20576,13.03847],[-15.20511,13.03769],[-15.20435,13.03711],[-15.20373,13.03686],[-15.20227,13.03717],[-15.20137,13.03662],[-15.20107,13.03598],[-15.20034,13.03566],[-15.19946,13.03553],[-15.19851,13.03506],[-15.19713,13.03371],[-15.19627,13.03352],[-15.1957,13.03365],[-15.19522,13.0335],[-15.19469,13.03293],[-15.1943,13.03204],[-15.19341,13.03188],[-15.19281,13.03237],[-15.19178,13.0323],[-15.19133,13.03198],[-15.1903,13.03188],[-15.18962,13.03087],[-15.18878,13.03063],[-15.18755,13.03073],[-15.18648,13.03101],[-15.18557,13.03104],[-15.18483,13.03084],[-15.18328,13.03011],[-15.18252,13.0301],[-15.18152,13.02921],[-15.1807,13.02876],[-15.17905,13.02803],[-15.17812,13.02719],[-15.17685,13.02565],[-15.17611,13.02495],[-15.17573,13.02477],[-15.17472,13.02472],[-15.17399,13.02451],[-15.17242,13.02369],[-15.17165,13.02307],[-15.17076,13.02189],[-15.16998,13.02142],[-15.16949,13.02185],[-15.16718,13.02313],[-15.16488,13.02468],[-15.162,13.02496],[-15.15898,13.02723],[-15.15638,13.02878],[-15.15562,13.02908],[-15.15326,13.02944],[-15.14367,13.03427],[-15.12991,13.04087],[-15.12552,13.0427],[-15.10371,13.04742],[-15.04203,13.06107],[-15.00001,13.06154],[-14.99744,13.06005],[-14.99589,13.06005],[-14.99345,13.05958],[-14.98969,13.06018],[-14.98785,13.05953],[-14.98565,13.06008],[-14.98428,13.05986],[-14.98241,13.06004],[-14.98095,13.05976],[-14.97931,13.0598],[-14.97649,13.05948],[-14.9747,13.0587],[-14.9723,13.05864],[-14.97013,13.05823],[-14.96816,13.05851],[-14.9676,13.05841],[-14.96614,13.05845],[-14.96407,13.05739],[-14.96177,13.0568],[-14.96003,13.05583],[-14.95956,13.05334],[-14.95811,13.05067],[-14.95669,13.04745],[-14.95429,13.04472],[-14.95269,13.04316],[-14.95067,13.04164],[-14.94842,13.04044],[-14.94621,13.0392],[-14.94508,13.03707],[-14.94381,13.035],[-14.94268,13.03205],[-14.94159,13.02998],[-14.94051,13.02758],[-14.93929,13.02459],[-14.93802,13.0216],[-14.93782,13.02017],[-14.93726,13.01727],[-14.93698,13.01455],[-14.93645,13.0104],[-14.93636,13.0075],[-14.93631,13.00464],[-14.93579,13.00239],[-14.93583,12.99999],[-14.93496,12.9993],[-14.93384,12.99819],[-14.93191,12.99673],[-14.93122,12.99605],[-14.92964,12.99396],[-14.93001,12.9928],[-14.92968,12.99091],[-14.92927,12.98989],[-14.92912,12.98866],[-14.92935,12.9863],[-14.92983,12.98374],[-14.92995,12.9819],[-14.93034,12.97829],[-14.9302,12.97673],[-14.93037,12.97529],[-14.93077,12.97377],[-14.93061,12.97312],[-14.93089,12.97125],[-14.93135,12.9701],[-14.93147,12.96813],[-14.93101,12.96562],[-14.93149,12.96417],[-14.93224,12.96313],[-14.93319,12.962],[-14.93395,12.96001],[-14.93411,12.95938],[-14.93387,12.95847],[-14.93465,12.95714],[-14.93511,12.95603],[-14.93536,12.95398],[-14.93527,12.95241],[-14.93536,12.95046],[-14.93564,12.94971],[-14.93576,12.94883],[-14.93638,12.94809],[-14.9371,12.94754],[-14.93892,12.9449],[-14.93943,12.94384],[-14.93991,12.94234],[-14.94031,12.94171],[-14.94094,12.94109],[-14.94079,12.93872],[-14.9406,12.93823],[-14.93945,12.93641],[-14.93903,12.93557],[-14.93874,12.93529],[-14.93813,12.93521],[-14.93774,12.93492],[-14.93669,12.9334],[-14.93548,12.93298],[-14.93449,12.93242],[-14.93387,12.93169],[-14.93286,12.93005],[-14.93256,12.9283],[-14.93201,12.92762],[-14.93177,12.92663],[-14.93209,12.92568],[-14.93206,12.92507],[-14.93179,12.92442],[-14.93153,12.92319],[-14.93115,12.92228],[-14.93067,12.92152],[-14.92958,12.9209],[-14.92832,12.92061],[-14.92779,12.9201],[-14.92661,12.9199],[-14.92626,12.91971],[-14.92574,12.91904],[-14.92564,12.91791],[-14.92469,12.91674],[-14.92442,12.91606],[-14.92362,12.91513],[-14.92179,12.91562],[-14.92011,12.9153],[-14.9185,12.91523],[-14.91725,12.91534],[-14.91685,12.91549],[-14.91571,12.91713],[-14.91475,12.91822],[-14.91384,12.91955],[-14.91216,12.92062],[-14.90997,12.92153],[-14.90834,12.92188],[-14.90711,12.92239],[-14.90583,12.92347],[-14.90478,12.9235],[-14.9031,12.92278],[-14.90258,12.92165],[-14.90233,12.92076],[-14.90242,12.91923],[-14.90188,12.917],[-14.90169,12.91577],[-14.90173,12.91457],[-14.90151,12.91375],[-14.90109,12.91295],[-14.90056,12.91236],[-14.89934,12.91144],[-14.89819,12.9109],[-14.89629,12.91041],[-14.89456,12.91011],[-14.89398,12.90924],[-14.89379,12.90818],[-14.89373,12.90679],[-14.8936,12.90607],[-14.89306,12.905],[-14.89191,12.90348],[-14.89115,12.90277],[-14.88943,12.90196],[-14.88844,12.90161],[-14.88796,12.90191],[-14.88751,12.90251],[-14.88713,12.90333],[-14.88637,12.90549],[-14.88567,12.9069],[-14.88522,12.9073],[-14.88453,12.90758],[-14.88343,12.90771],[-14.88168,12.90772],[-14.87939,12.90749],[-14.87881,12.90789],[-14.87867,12.90824],[-14.87904,12.91141],[-14.8788,12.91173],[-14.87753,12.9124],[-14.87706,12.91252],[-14.8761,12.91243],[-14.87488,12.91159],[-14.87364,12.91043],[-14.87231,12.90898],[-14.87171,12.90821],[-14.87064,12.90656],[-14.87018,12.90598],[-14.8692,12.90538],[-14.86813,12.90507],[-14.86736,12.9055],[-14.86672,12.90568],[-14.86538,12.9058],[-14.86399,12.90748],[-14.86345,12.90772],[-14.86273,12.9075],[-14.86224,12.90796],[-14.86257,12.90952],[-14.86243,12.91059],[-14.86218,12.91111],[-14.86038,12.91076],[-14.85963,12.9108],[-14.85944,12.91102],[-14.85926,12.91256],[-14.85797,12.91487],[-14.85659,12.91609],[-14.85592,12.91634],[-14.85488,12.9165],[-14.85366,12.91689],[-14.85196,12.9177],[-14.85106,12.91855],[-14.85007,12.91901],[-14.84976,12.91892],[-14.84974,12.9181],[-14.84954,12.91765],[-14.84863,12.91745],[-14.84824,12.91766],[-14.84763,12.91839],[-14.84654,12.91857],[-14.84511,12.91792],[-14.84456,12.91778],[-14.84362,12.91728],[-14.84181,12.91605],[-14.84071,12.91558],[-14.83926,12.91456],[-14.83849,12.91423],[-14.83719,12.91434],[-14.83587,12.91524],[-14.83489,12.91527],[-14.83411,12.91493],[-14.8337,12.91445],[-14.83361,12.91384],[-14.83371,12.91298],[-14.83352,12.9124],[-14.83244,12.91146],[-14.83185,12.91065],[-14.83158,12.9099],[-14.83098,12.90899],[-14.8308,12.90828],[-14.83118,12.9071],[-14.83118,12.90664],[-14.83079,12.90571],[-14.82963,12.90475],[-14.82886,12.9037],[-14.82748,12.90385],[-14.82578,12.90368],[-14.82352,12.90407],[-14.82195,12.90408],[-14.82086,12.90364],[-14.82044,12.90293],[-14.8194,12.90007],[-14.81848,12.89824],[-14.81791,12.89766],[-14.81676,12.897],[-14.8161,12.89704],[-14.81412,12.89754],[-14.81266,12.89728],[-14.811,12.89648],[-14.81074,12.89606],[-14.81081,12.8954],[-14.81141,12.89418],[-14.81269,12.89278],[-14.81283,12.89244],[-14.81278,12.89157],[-14.81258,12.89098],[-14.81195,12.89028],[-14.81116,12.88968],[-14.81029,12.88944],[-14.8097,12.88883],[-14.80827,12.88681],[-14.80746,12.88442],[-14.80733,12.88268],[-14.80715,12.88163],[-14.80676,12.8805],[-14.80653,12.87934],[-14.80636,12.87738],[-14.80609,12.87558],[-14.80551,12.87447],[-14.80437,12.87336],[-14.80335,12.87189],[-14.8028,12.87132],[-14.80206,12.87098],[-14.80162,12.87048],[-14.80098,12.86908],[-14.80041,12.86847],[-14.79992,12.86835],[-14.79933,12.86886],[-14.79904,12.86991],[-14.79873,12.87004],[-14.79762,12.8699],[-14.79659,12.8701],[-14.79555,12.87016],[-14.79459,12.87035],[-14.79299,12.87088],[-14.79248,12.87113],[-14.79173,12.87248],[-14.79126,12.87288],[-14.78957,12.87364],[-14.78839,12.87342],[-14.78732,12.8736],[-14.78637,12.87409],[-14.78496,12.87582],[-14.78419,12.87629],[-14.78299,12.87684],[-14.78147,12.87764],[-14.7804,12.87791],[-14.77836,12.87907],[-14.77753,12.87989],[-14.77529,12.88259],[-14.77414,12.8825],[-14.77362,12.88267],[-14.77258,12.8836],[-14.77129,12.88452],[-14.76997,12.88516],[-14.76846,12.88642],[-14.76782,12.88647],[-14.76697,12.88608],[-14.76518,12.88501],[-14.76363,12.88448],[-14.76266,12.88446],[-14.76167,12.88496],[-14.7605,12.88743],[-14.76028,12.88819],[-14.7602,12.8891],[-14.75962,12.88986],[-14.75901,12.89106],[-14.75837,12.89193],[-14.75716,12.8927],[-14.7565,12.89367],[-14.7564,12.89479],[-14.75684,12.89578],[-14.75699,12.89673],[-14.75629,12.89778],[-14.75558,12.89835],[-14.75389,12.89892],[-14.75316,12.89932],[-14.75241,12.90013],[-14.75132,12.9009],[-14.74963,12.90164],[-14.74838,12.90184],[-14.74717,12.90216],[-14.74675,12.9025],[-14.7463,12.90327],[-14.74553,12.90375],[-14.74432,12.90406],[-14.74319,12.90468],[-14.74104,12.90457],[-14.74011,12.90435],[-14.73943,12.90436],[-14.7372,12.90498],[-14.7367,12.90525],[-14.7355,12.90658],[-14.73525,12.90754],[-14.7351,12.90915],[-14.73514,12.90975],[-14.73495,12.91073],[-14.73386,12.91317],[-14.73343,12.91436],[-14.73326,12.91538],[-14.73327,12.9163],[-14.73302,12.91703],[-14.73239,12.9174],[-14.73176,12.91802],[-14.73078,12.91922],[-14.73031,12.91954],[-14.72914,12.92179],[-14.72806,12.92293],[-14.72741,12.92293],[-14.72703,12.9227],[-14.72553,12.92094],[-14.72532,12.91981],[-14.72479,12.91903],[-14.72421,12.91794],[-14.72321,12.91699],[-14.72252,12.9165],[-14.72182,12.91624],[-14.72103,12.91651],[-14.72051,12.91729],[-14.71862,12.91926],[-14.71725,12.92034],[-14.71567,12.92179],[-14.71504,12.92208],[-14.71386,12.92236],[-14.71344,12.92232],[-14.71227,12.92166],[-14.71013,12.92022],[-14.70949,12.92005],[-14.70779,12.92002],[-14.70719,12.92018],[-14.70582,12.92101],[-14.70443,12.92208],[-14.70406,12.9225],[-14.70348,12.92384],[-14.70313,12.925],[-14.7024,12.92621],[-14.70129,12.92654],[-14.70039,12.92633],[-14.69938,12.92589],[-14.69845,12.92561],[-14.69784,12.92572],[-14.69669,12.92623],[-14.6959,12.92639],[-14.69519,12.92617],[-14.69478,12.9258],[-14.69444,12.92489],[-14.69424,12.92344],[-14.69389,12.92282],[-14.69298,12.9229],[-14.69233,12.92354],[-14.69211,12.92413],[-14.69219,12.92496],[-14.69246,12.926],[-14.69227,12.92673],[-14.6915,12.92745],[-14.68979,12.9282],[-14.68876,12.92906],[-14.68794,12.92988],[-14.68752,12.93076],[-14.68661,12.93199],[-14.68563,12.93271],[-14.68424,12.93305],[-14.68264,12.93381],[-14.68215,12.9342],[-14.68182,12.93485],[-14.68136,12.93728],[-14.68108,12.93789],[-14.68036,12.93816],[-14.67912,12.93781],[-14.67778,12.93783],[-14.67673,12.93807],[-14.67586,12.93855],[-14.67547,12.93916],[-14.67525,12.93993],[-14.67502,12.94162],[-14.67466,12.94284],[-14.67395,12.94348],[-14.67287,12.94349],[-14.67139,12.94315],[-14.67074,12.94311],[-14.6698,12.94353],[-14.66945,12.94419],[-14.66886,12.94623],[-14.66883,12.94718],[-14.66914,12.9483],[-14.66922,12.94907],[-14.66882,12.94947],[-14.66698,12.95068],[-14.66667,12.95111],[-14.66646,12.9525],[-14.66603,12.95391],[-14.66661,12.95574],[-14.6664,12.9566],[-14.66626,12.95806],[-14.66586,12.9593],[-14.66587,12.96079],[-14.66621,12.96225],[-14.66635,12.96342],[-14.66579,12.96598],[-14.6649,12.96888],[-14.66411,12.97035],[-14.66232,12.97277],[-14.66186,12.9737],[-14.66131,12.97402],[-14.65981,12.97438],[-14.65931,12.97472],[-14.65874,12.97583],[-14.65825,12.97806],[-14.65688,12.98021],[-14.65631,12.98163],[-14.65626,12.98247],[-14.6559,12.98367],[-14.65471,12.98428],[-14.65437,12.98464],[-14.65335,12.98624],[-14.6525,12.98701],[-14.65203,12.98713],[-14.65051,12.98657],[-14.64967,12.98645],[-14.64886,12.98665],[-14.64832,12.9871],[-14.64707,12.98727],[-14.64609,12.98804],[-14.64533,12.98839],[-14.6447,12.98886],[-14.64378,12.98982],[-14.6431,12.99003],[-14.64224,12.98994],[-14.6413,12.99008],[-14.63934,12.99016],[-14.63878,12.99047],[-14.63885,12.99151],[-14.63992,12.99338],[-14.6403,12.99428],[-14.63983,12.99485],[-14.6393,12.99488],[-14.63791,12.99527],[-14.63648,12.99599],[-14.63546,12.99625],[-14.63414,12.99613],[-14.63297,12.99534],[-14.63134,12.99442],[-14.63043,12.99382],[-14.6294,12.99294],[-14.62838,12.99239],[-14.62721,12.99133],[-14.62679,12.99112],[-14.62449,12.99154],[-14.62391,12.99194],[-14.62235,12.99243],[-14.62078,12.99363],[-14.61941,12.99381],[-14.6185,12.99365],[-14.61753,12.99374],[-14.61674,12.99361],[-14.61538,12.99419],[-14.614,12.99528],[-14.61366,12.99596],[-14.61289,12.99621],[-14.61234,12.99659],[-14.61095,12.99702],[-14.61015,12.99688],[-14.60912,12.9962],[-14.60806,12.99439],[-14.60777,12.9934],[-14.60747,12.99301],[-14.60508,12.99157],[-14.60397,12.99165],[-14.60299,12.99209],[-14.60221,12.99267],[-14.60056,12.99437],[-14.59858,12.99608],[-14.59707,12.99672],[-14.5959,12.99738],[-14.59515,12.99724],[-14.59441,12.99746],[-14.59297,12.99826],[-14.59159,12.99876],[-14.59048,12.99934],[-14.58949,12.99942],[-14.5885,12.99976],[-14.58777,13.00038],[-14.58553,13.00473],[-14.58469,13.00599],[-14.5837,13.00703],[-14.58263,13.00829],[-14.58175,13.00957],[-14.58077,13.01159],[-14.57942,13.01408],[-14.57767,13.01765],[-14.57664,13.01945],[-14.5759,13.02115],[-14.57539,13.02173],[-14.57404,13.02184],[-14.57262,13.02221],[-14.57188,13.023],[-14.57143,13.02427],[-14.57117,13.02562],[-14.57048,13.02731],[-14.56993,13.02827],[-14.56881,13.02971],[-14.56807,13.03089],[-14.56751,13.03204],[-14.56659,13.03319],[-14.56364,13.03594],[-14.56138,13.03794],[-14.56033,13.03925],[-14.5598,13.04093],[-14.55928,13.04152],[-14.55808,13.04218],[-14.55706,13.04236],[-14.55603,13.04234],[-14.55528,13.04256],[-14.55474,13.04301],[-14.55428,13.04384],[-14.55408,13.04474],[-14.55161,13.04665],[-14.54924,13.04829],[-14.54763,13.04915],[-14.54516,13.04995],[-14.54333,13.05064],[-14.54263,13.0508],[-14.54143,13.05087],[-14.54046,13.0507],[-14.53875,13.05023],[-14.53683,13.04986],[-14.53608,13.0498],[-14.53488,13.04993],[-14.53404,13.05022],[-14.5329,13.05109],[-14.53195,13.05148],[-14.53029,13.05175],[-14.52786,13.0519],[-14.52631,13.05229],[-14.52416,13.05271],[-14.52273,13.05323],[-14.52199,13.05338],[-14.52098,13.05335],[-14.51829,13.05297],[-14.51684,13.05303],[-14.51538,13.05353],[-14.51424,13.05424],[-14.51339,13.05519],[-14.51034,13.05362],[-14.50861,13.05265],[-14.50543,13.05066],[-14.50406,13.04971],[-14.50332,13.04947],[-14.50206,13.04957],[-14.50157,13.04935],[-14.50102,13.04845],[-14.50052,13.04791],[-14.4997,13.04732],[-14.49868,13.04631],[-14.49809,13.04551],[-14.49756,13.04448],[-14.49685,13.04358],[-14.49602,13.04292],[-14.49541,13.04225],[-14.49481,13.04129],[-14.49441,13.04101],[-14.49276,13.0407],[-14.49228,13.04031],[-14.49149,13.03916],[-14.49085,13.03792],[-14.49,13.03713],[-14.48865,13.03626],[-14.48391,13.03271],[-14.48307,13.03189],[-14.48185,13.0304],[-14.4804,13.02882],[-14.47894,13.02926],[-14.4774,13.03],[-14.47553,13.03136],[-14.47462,13.03173],[-14.4715,13.03271],[-14.47001,13.03326],[-14.46742,13.03439],[-14.46665,13.03457],[-14.46565,13.03456],[-14.46465,13.0347],[-14.46399,13.03497],[-14.46252,13.0358],[-14.46079,13.03647],[-14.45736,13.03753],[-14.45473,13.03822],[-14.45274,13.03884],[-14.44911,13.04012],[-14.44757,13.04053],[-14.44625,13.04075],[-14.44409,13.04101],[-14.44207,13.04144],[-14.44003,13.04204],[-14.4355,13.04368],[-14.43371,13.04421],[-14.43221,13.0445],[-14.43084,13.04465],[-14.42651,13.04486],[-14.42519,13.04479],[-14.42385,13.04455],[-14.42184,13.04448],[-14.42081,13.04259],[-14.42015,13.04081],[-14.41985,13.04026],[-14.41858,13.03884],[-14.41819,13.03811],[-14.41779,13.03688],[-14.41725,13.03614],[-14.41512,13.03399],[-14.41426,13.03292],[-14.41306,13.03104],[-14.41135,13.02814],[-14.40832,13.02367],[-14.40678,13.0213],[-14.405,13.02376],[-14.40199,13.02812],[-14.40092,13.02983],[-14.40062,13.03015],[-14.39953,13.03063],[-14.39807,13.03141],[-14.39613,13.03268],[-14.39468,13.03341],[-14.39286,13.03455],[-14.39118,13.03582],[-14.38969,13.03681],[-14.38785,13.03778],[-14.38372,13.03955],[-14.37979,13.04125],[-14.37798,13.04198],[-14.37556,13.04279],[-14.37287,13.04348],[-14.36878,13.04387],[-14.36771,13.04387],[-14.36621,13.04367],[-14.36496,13.0433],[-14.36351,13.04336],[-14.36256,13.04399],[-14.36186,13.0449],[-14.36055,13.04548],[-14.35983,13.04557],[-14.35873,13.04525],[-14.35642,13.04515],[-14.35471,13.04485],[-14.3538,13.04501],[-14.35264,13.04599],[-14.35127,13.0461],[-14.34836,13.04697],[-14.34686,13.04749],[-14.34612,13.04815],[-14.34475,13.0488],[-14.34369,13.04918],[-14.34146,13.04982],[-14.33933,13.05],[-14.33791,13.05026],[-14.33527,13.05104],[-14.33322,13.05188],[-14.33193,13.05231],[-14.33141,13.05261],[-14.3299,13.05373],[-14.32854,13.05445],[-14.32705,13.05493],[-14.32525,13.0551],[-14.32209,13.05519],[-14.32082,13.05507],[-14.31837,13.05508],[-14.31637,13.05498],[-14.31692,13.05663],[-14.3189,13.06055],[-14.31993,13.06461],[-14.31982,13.06705],[-14.32053,13.07037],[-14.31976,13.07646],[-14.31933,13.07909],[-14.31914,13.08102],[-14.31929,13.08402],[-14.31852,13.08761],[-14.31762,13.09028],[-14.31672,13.09332],[-14.31581,13.09594],[-14.31492,13.09774],[-14.31435,13.10069],[-14.31341,13.10317],[-14.31241,13.10639],[-14.31104,13.10947],[-14.31019,13.112],[-14.30976,13.11408],[-14.30905,13.11661],[-14.30918,13.12002],[-14.30856,13.12297],[-14.30832,13.1279],[-14.30774,13.13163],[-14.30775,13.13417],[-14.30798,13.1378],[-14.30797,13.14108],[-14.30923,13.14339],[-14.31027,13.14699],[-14.31133,13.15169],[-14.31171,13.15487],[-14.31325,13.16267],[-14.31366,13.16595],[-14.31427,13.16899],[-14.3162,13.17203],[-14.31733,13.17577],[-14.31835,13.17873],[-14.31925,13.18085],[-14.32146,13.18399],[-14.32348,13.18676],[-14.32522,13.18972],[-14.32653,13.19183],[-14.32864,13.19498],[-14.33086,13.19867],[-14.33212,13.20134],[-14.33442,13.20453],[-14.33555,13.20698],[-14.33724,13.20902],[-14.34011,13.21234],[-14.3427,13.21604],[-14.34463,13.2189],[-14.34627,13.2219],[-14.3473,13.22346],[-14.34834,13.22577],[-14.34932,13.22656],[-14.3504,13.22725],[-14.35017,13.22918]]]},"properties":{"slug":"medina-yoro-foulah","name":"Medina Yoro Foulah","department":"Medina Yoro Foulah","code":"SN0702","parent":"region-kolda"}},{"type":"Feature","geometry":{"type":"Polygon","coordinates":[[[-15.33841,13.35945],[-15.35696,13.35658],[-15.3704,13.35672],[-15.37839,13.35463],[-15.38148,13.35567],[-15.38857,13.35964],[-15.39099,13.36006],[-15.39403,13.36067],[-15.39726,13.36167],[-15.4058,13.36442],[-15.41284,13.36661],[-15.4232,13.36971],[-15.42932,13.37157],[-15.43145,13.37219],[-15.43572,13.37336],[-15.44048,13.37452],[-15.4451,13.37553],[-15.44783,13.37605],[-15.45043,13.37642],[-15.45207,13.37676],[-15.45324,13.37712],[-15.45473,13.37774],[-15.45849,13.37956],[-15.46278,13.3818],[-15.47176,13.38631],[-15.47482,13.38779],[-15.47717,13.38887],[-15.47965,13.38995],[-15.48469,13.39201],[-15.48731,13.3932],[-15.48853,13.39367],[-15.49009,13.39405],[-15.49175,13.39422],[-15.4956,13.39423],[-15.49936,13.39421],[-15.50048,13.39402],[-15.50263,13.39286],[-15.5037,13.39255],[-15.50498,13.39247],[-15.50785,13.39249],[-15.51128,13.39266],[-15.51325,13.39267],[-15.51411,13.3926],[-15.51488,13.39231],[-15.51629,13.39135],[-15.51761,13.39055],[-15.51939,13.38929],[-15.52119,13.38787],[-15.52383,13.38587],[-15.52696,13.3837],[-15.53282,13.37983],[-15.5339,13.37897],[-15.53482,13.3781],[-15.53611,13.37664],[-15.53794,13.37432],[-15.5391,13.373],[-15.54313,13.36902],[-15.54515,13.36722],[-15.54739,13.36544],[-15.5494,13.36398],[-15.55327,13.36139],[-15.55623,13.35953],[-15.55988,13.35748],[-15.56289,13.35598],[-15.56629,13.35449],[-15.56971,13.35318],[-15.57335,13.35201],[-15.57742,13.3508],[-15.57988,13.35018],[-15.58244,13.34972],[-15.58578,13.34935],[-15.58897,13.34918],[-15.59116,13.34912],[-15.59334,13.34913],[-15.59694,13.34924],[-15.59932,13.34935],[-15.60387,13.34975],[-15.6066,13.35007],[-15.61097,13.35064],[-15.61665,13.35153],[-15.62211,13.35258],[-15.62905,13.35403],[-15.63447,13.35531],[-15.63929,13.35655],[-15.64392,13.35788],[-15.6486,13.35937],[-15.65579,13.3618],[-15.65857,13.36271],[-15.66481,13.36471],[-15.66849,13.36595],[-15.67099,13.36685],[-15.67647,13.36898],[-15.6792,13.37011],[-15.69863,13.35865],[-15.70118,13.35751],[-15.70377,13.35644],[-15.70845,13.35468],[-15.71083,13.35388],[-15.71568,13.3525],[-15.72149,13.35118],[-15.72383,13.35072],[-15.72812,13.35004],[-15.73159,13.34967],[-15.734,13.34953],[-15.73697,13.34946],[-15.74439,13.34888],[-15.75253,13.34845],[-15.76907,13.34849],[-15.78348,13.3482],[-15.80026,13.34823],[-15.80303,13.3475],[-15.80287,13.22639],[-15.80286,13.22161],[-15.80256,13.20622],[-15.80246,13.19689],[-15.8024,13.17799],[-15.80252,13.16715],[-15.8118,13.1668],[-15.81541,13.16611],[-15.82633,13.16623],[-15.84024,13.16651],[-15.86589,13.16674],[-15.88005,13.16709],[-15.88547,13.16744],[-15.88547,13.16739],[-15.89467,13.16781],[-15.89622,13.14692],[-15.8981,13.14702],[-15.8992,13.14693],[-15.90308,13.1462],[-15.90695,13.14462],[-15.90958,13.14324],[-15.91017,13.14277],[-15.91205,13.14069],[-15.91348,13.13866],[-15.91437,13.13777],[-15.91623,13.13627],[-15.91779,13.13522],[-15.91966,13.13414],[-15.92181,13.13274],[-15.92352,13.132],[-15.92432,13.13143],[-15.92513,13.13017],[-15.9265,13.12919],[-15.92681,13.12884],[-15.92767,13.12746],[-15.92941,13.12599],[-15.93009,13.12526],[-15.93059,13.12429],[-15.93125,13.12346],[-15.93299,13.12163],[-15.93374,13.12049],[-15.93391,13.11997],[-15.93385,13.11799],[-15.9341,13.11745],[-15.93465,13.11678],[-15.93482,13.11607],[-15.93486,13.1131],[-15.93475,13.11207],[-15.93432,13.10998],[-15.93353,13.10713],[-15.93315,13.10612],[-15.93091,13.10158],[-15.93024,13.0998],[-15.92979,13.09893],[-15.92842,13.09753],[-15.92722,13.09537],[-15.92668,13.09479],[-15.92535,13.09389],[-15.92423,13.0934],[-15.92246,13.09292],[-15.92153,13.09295],[-15.91843,13.09347],[-15.91573,13.09354],[-15.91437,13.09396],[-15.91297,13.09407],[-15.90971,13.09461],[-15.90863,13.09504],[-15.90788,13.09515],[-15.90703,13.0951],[-15.90634,13.09488],[-15.90501,13.09426],[-15.90382,13.09293],[-15.90164,13.09155],[-15.90022,13.09072],[-15.89912,13.08986],[-15.89856,13.08955],[-15.89737,13.0893],[-15.89649,13.08877],[-15.89616,13.08821],[-15.89636,13.08732],[-15.89702,13.0865],[-15.89848,13.08335],[-15.89889,13.08149],[-15.89924,13.07926],[-15.89991,13.07601],[-15.90021,13.07387],[-15.90035,13.07217],[-15.90069,13.07094],[-15.90133,13.07001],[-15.90269,13.0688],[-15.90355,13.06754],[-15.9039,13.06657],[-15.90459,13.06567],[-15.90687,13.06405],[-15.90783,13.06327],[-15.90872,13.06236],[-15.91026,13.06125],[-15.91131,13.0606],[-15.91191,13.05996],[-15.9128,13.05851],[-15.91357,13.0576],[-15.91508,13.05455],[-15.91595,13.05325],[-15.91677,13.05171],[-15.91774,13.0505],[-15.91832,13.04965],[-15.91899,13.04891],[-15.91989,13.04741],[-15.92059,13.04669],[-15.92155,13.04525],[-15.9224,13.04337],[-15.9241,13.04009],[-15.92462,13.03871],[-15.92473,13.03748],[-15.92508,13.03515],[-15.92533,13.03459],[-15.92613,13.03337],[-15.92663,13.03244],[-15.92743,13.02985],[-15.9276,13.02821],[-15.92746,13.02632],[-15.92758,13.02423],[-15.92796,13.02166],[-15.92825,13.02108],[-15.92878,13.02047],[-15.92949,13.01939],[-15.93005,13.01815],[-15.93027,13.01724],[-15.9302,13.01613],[-15.93031,13.01537],[-15.93142,13.01305],[-15.93203,13.01211],[-15.93308,13.00961],[-15.93345,13.00824],[-15.93357,13.00676],[-15.93398,13.00546],[-15.93459,13.00411],[-15.9364,13.00111],[-15.93729,12.99943],[-15.93843,12.99818],[-15.93931,12.997],[-15.94037,12.9944],[-15.94147,12.99264],[-15.94218,12.9918],[-15.94421,12.98983],[-15.94589,12.98805],[-15.94641,12.98729],[-15.94704,12.9867],[-15.94795,12.98615],[-15.94864,12.98545],[-15.94939,12.98423],[-15.94952,12.98378],[-15.94929,12.98319],[-15.94856,12.9827],[-15.94823,12.98223],[-15.95064,12.98112],[-15.95212,12.98079],[-15.95437,12.98012],[-15.95557,12.9794],[-15.95647,12.97958],[-15.95763,12.98],[-15.95861,12.98001],[-15.95944,12.97984],[-15.96029,12.97923],[-15.96069,12.97867],[-15.9611,12.97761],[-15.96115,12.97672],[-15.96169,12.97543],[-15.96289,12.97392],[-15.96341,12.97318],[-15.96404,12.97184],[-15.96514,12.97018],[-15.96567,12.96881],[-15.96588,12.96725],[-15.96624,12.96606],[-15.96675,12.96519],[-15.96694,12.96455],[-15.9661,12.96304],[-15.96587,12.96236],[-15.9657,12.96112],[-15.96572,12.95981],[-15.96586,12.95895],[-15.96623,12.95833],[-15.96745,12.95707],[-15.96874,12.95529],[-15.97025,12.95378],[-15.97113,12.95338],[-15.97322,12.95283],[-15.97439,12.95268],[-15.97579,12.95271],[-15.97708,12.95234],[-15.97876,12.95152],[-15.98095,12.95012],[-15.98164,12.94962],[-15.98234,12.9488],[-15.98332,12.94794],[-15.98461,12.94646],[-15.98517,12.94604],[-15.98612,12.94563],[-15.98659,12.94504],[-15.98687,12.94403],[-15.98698,12.94268],[-15.9879,12.94143],[-15.98816,12.94037],[-15.98801,12.93927],[-15.98805,12.93842],[-15.98844,12.93696],[-15.98844,12.93618],[-15.98734,12.93371],[-15.98723,12.9328],[-15.98729,12.93136],[-15.98722,12.93016],[-15.98731,12.92897],[-15.98755,12.9285],[-15.98826,12.92805],[-15.98969,12.92774],[-15.9908,12.92727],[-15.99143,12.92669],[-15.99229,12.92483],[-15.99286,12.92324],[-15.9938,12.92108],[-15.99411,12.92022],[-15.99467,12.9192],[-15.99522,12.91864],[-15.99543,12.91787],[-15.99525,12.9165],[-15.99454,12.91559],[-15.99383,12.9152],[-15.99147,12.9145],[-15.98959,12.91412],[-15.98824,12.91392],[-15.98616,12.91389],[-15.98523,12.91397],[-15.98427,12.91388],[-15.98368,12.91309],[-15.98356,12.91208],[-15.98321,12.91134],[-15.98301,12.91049],[-15.98279,12.90816],[-15.98251,12.90757],[-15.9818,12.90674],[-15.9808,12.90615],[-15.98034,12.90562],[-15.98,12.90492],[-15.98,12.90406],[-15.98297,12.90257],[-15.98366,12.90174],[-15.98494,12.90055],[-15.98528,12.89987],[-15.98551,12.89882],[-15.98542,12.89759],[-15.98473,12.89528],[-15.98469,12.89436],[-15.98448,12.8939],[-15.98318,12.89311],[-15.98238,12.89296],[-15.98114,12.893],[-15.97864,12.89274],[-15.97803,12.89276],[-15.97692,12.89326],[-15.97626,12.89383],[-15.97567,12.89401],[-15.97524,12.89386],[-15.97343,12.89262],[-15.9737,12.89186],[-15.97427,12.89148],[-15.97459,12.89084],[-15.97464,12.88927],[-15.97498,12.88789],[-15.97541,12.887],[-15.9759,12.88401],[-15.97521,12.88516],[-15.97441,12.88594],[-15.97335,12.88671],[-15.97207,12.88779],[-15.9708,12.88899],[-15.96848,12.89019],[-15.96746,12.89118],[-15.96544,12.89255],[-15.96448,12.8928],[-15.96275,12.89349],[-15.96155,12.8937],[-15.95852,12.89368],[-15.95692,12.89346],[-15.95505,12.89274],[-15.9542,12.89216],[-15.95313,12.89073],[-15.95217,12.88962],[-15.95072,12.88836],[-15.94987,12.88778],[-15.94842,12.88699],[-15.94385,12.8852],[-15.94113,12.88491],[-15.93966,12.88451],[-15.93712,12.88402],[-15.93489,12.88372],[-15.93343,12.88362],[-15.93221,12.88367],[-15.92994,12.88399],[-15.92863,12.8843],[-15.92604,12.88534],[-15.92409,12.88568],[-15.92285,12.88578],[-15.92192,12.886],[-15.91972,12.88683],[-15.91862,12.88741],[-15.91695,12.88856],[-15.91616,12.88935],[-15.91511,12.89099],[-15.91415,12.89299],[-15.91371,12.89434],[-15.91354,12.89619],[-15.91366,12.89716],[-15.91361,12.8979],[-15.91373,12.89931],[-15.91391,12.90017],[-15.91441,12.90189],[-15.91533,12.90409],[-15.91592,12.90491],[-15.91721,12.90597],[-15.9186,12.90666],[-15.92038,12.90767],[-15.92202,12.90887],[-15.92394,12.91071],[-15.92542,12.91255],[-15.92629,12.91381],[-15.92764,12.91544],[-15.92891,12.91734],[-15.92982,12.91989],[-15.93212,12.92386],[-15.93213,12.92768],[-15.93096,12.93226],[-15.92986,12.93743],[-15.92836,12.9392],[-15.92741,12.9406],[-15.92625,12.94269],[-15.92566,12.94352],[-15.92477,12.94426],[-15.92197,12.94551],[-15.91678,12.94595],[-15.91188,12.94428],[-15.90885,12.94301],[-15.90539,12.94162],[-15.90321,12.93992],[-15.90191,12.93838],[-15.89916,12.93542],[-15.89772,12.93401],[-15.89511,12.93162],[-15.89309,12.92993],[-15.89092,12.92881],[-15.88818,12.92797],[-15.88588,12.92741],[-15.88444,12.92671],[-15.88213,12.92601],[-15.88011,12.9263],[-15.87853,12.92616],[-15.87795,12.92659],[-15.87708,12.92659],[-15.87637,12.92815],[-15.87407,12.92971],[-15.87321,12.9324],[-15.87365,12.93466],[-15.8731,12.93932],[-15.87095,12.9464],[-15.87033,12.94746],[-15.86984,12.94798],[-15.86791,12.94934],[-15.86572,12.95072],[-15.86388,12.95176],[-15.862,12.95268],[-15.85985,12.95354],[-15.85843,12.95399],[-15.85542,12.95539],[-15.85336,12.95658],[-15.85229,12.95711],[-15.85114,12.95749],[-15.85017,12.95762],[-15.84678,12.95736],[-15.84491,12.95666],[-15.84276,12.9554],[-15.84178,12.95341],[-15.83978,12.95052],[-15.83935,12.94979],[-15.8388,12.94849],[-15.83837,12.94668],[-15.83795,12.94426],[-15.83746,12.94237],[-15.83713,12.94143],[-15.83653,12.94009],[-15.8359,12.93905],[-15.8353,12.93829],[-15.83424,12.93729],[-15.83274,12.93638],[-15.83157,12.93596],[-15.83065,12.93545],[-15.82923,12.93449],[-15.82802,12.93405],[-15.82688,12.93379],[-15.8248,12.93453],[-15.8225,12.93468],[-15.81933,12.93512],[-15.81486,12.93528],[-15.81271,12.93669],[-15.80896,12.93699],[-15.8055,12.93813],[-15.80233,12.93799],[-15.80075,12.93829],[-15.79859,12.93772],[-15.79656,12.93617],[-15.7956,12.93435],[-15.794,12.93333],[-15.79209,12.93179],[-15.79026,12.93109],[-15.78622,12.93051],[-15.78618,12.9307],[-15.78473,12.93141],[-15.78098,12.93227],[-15.77551,12.93455],[-15.77451,12.93639],[-15.77148,12.93573],[-15.77,12.9353],[-15.76999,12.93518],[-15.77182,12.9327],[-15.77258,12.93228],[-15.7731,12.93169],[-15.77355,12.93052],[-15.77334,12.92962],[-15.77264,12.92894],[-15.77132,12.92701],[-15.77023,12.92618],[-15.76952,12.92593],[-15.76801,12.92605],[-15.767,12.92577],[-15.76659,12.92538],[-15.76605,12.92436],[-15.76582,12.92265],[-15.76577,12.92118],[-15.76548,12.92011],[-15.76509,12.91936],[-15.76417,12.91807],[-15.76281,12.9155],[-15.76203,12.91477],[-15.76133,12.91443],[-15.7605,12.91442],[-15.75945,12.91467],[-15.75798,12.91482],[-15.75708,12.91465],[-15.75634,12.91421],[-15.75573,12.91349],[-15.75521,12.91261],[-15.755,12.91194],[-15.75473,12.91008],[-15.75482,12.90915],[-15.75502,12.90862],[-15.75569,12.90761],[-15.75727,12.90609],[-15.75749,12.90552],[-15.75744,12.90425],[-15.75776,12.90268],[-15.7581,12.89959],[-15.75771,12.89871],[-15.75441,12.89771],[-15.75392,12.89736],[-15.7537,12.89651],[-15.75332,12.89576],[-15.75281,12.89527],[-15.75109,12.89401],[-15.75085,12.89355],[-15.7509,12.89302],[-15.75127,12.89229],[-15.75248,12.89088],[-15.75238,12.88978],[-15.75208,12.88839],[-15.7513,12.88769],[-15.7505,12.88734],[-15.74857,12.88666],[-15.74821,12.88609],[-15.74784,12.88499],[-15.74546,12.88535],[-15.74333,12.88584],[-15.74162,12.88602],[-15.73967,12.88644],[-15.73803,12.88693],[-15.73632,12.88729],[-15.73486,12.88735],[-15.73242,12.88784],[-15.72993,12.8885],[-15.72584,12.88929],[-15.72377,12.88978],[-15.71951,12.89057],[-15.7164,12.89141],[-15.71457,12.89178],[-15.71238,12.89238],[-15.7089,12.89299],[-15.70482,12.8939],[-15.70348,12.89426],[-15.70117,12.8945],[-15.6997,12.89493],[-15.69763,12.89535],[-15.69173,12.89638],[-15.689,12.89668],[-15.67876,12.89833],[-15.67467,12.89892],[-15.66862,12.89989],[-15.6655,12.90009],[-15.66238,12.90067],[-15.65907,12.90106],[-15.65595,12.90155],[-15.65283,12.90165],[-15.64658,12.90205],[-15.64395,12.90253],[-15.63839,12.90331],[-15.63449,12.90361],[-15.63264,12.90409],[-15.62845,12.90621],[-15.62358,12.9088],[-15.62085,12.91015],[-15.61919,12.91121],[-15.61705,12.91246],[-15.61491,12.91342],[-15.61247,12.91467],[-15.60935,12.9164],[-15.60567,12.91832],[-15.60214,12.92024],[-15.59934,12.92145],[-15.59544,12.92385],[-15.59276,12.92505],[-15.59057,12.92661],[-15.5868,12.92841],[-15.58302,12.93033],[-15.57949,12.93238],[-15.5751,12.93454],[-15.57023,12.93718],[-15.56341,12.94031],[-15.56048,12.94103],[-15.55646,12.94295],[-15.55342,12.94428],[-15.54927,12.94572],[-15.54537,12.94692],[-15.54135,12.94885],[-15.53928,12.95005],[-15.53562,12.95125],[-15.5316,12.95305],[-15.52758,12.9545],[-15.52466,12.9557],[-15.52137,12.95726],[-15.51832,12.95858],[-15.51028,12.96171],[-15.50711,12.96303],[-15.50467,12.96387],[-15.50065,12.96544],[-15.49687,12.96724],[-15.4937,12.96856],[-15.48956,12.97012],[-15.48383,12.97264],[-15.47969,12.97421],[-15.47298,12.97709],[-15.46908,12.97889],[-15.46543,12.98033],[-15.46079,12.98226],[-15.45153,12.98634],[-15.44702,12.98838],[-15.44324,12.99018],[-15.43824,12.9921],[-15.42508,12.99787],[-15.42118,12.99943],[-15.41801,13.00111],[-15.4146,13.00339],[-15.41106,13.00579],[-15.40753,13.0083],[-15.40424,13.01022],[-15.39997,13.01226],[-15.39693,13.01394],[-15.39522,13.01502],[-15.37993,13.023],[-15.37008,13.02814],[-15.33115,13.03312],[-15.30213,13.03696],[-15.2879,13.0386],[-15.27414,13.0401],[-15.26677,13.04088],[-15.24784,13.04487],[-15.23979,13.0466],[-15.23749,13.04717],[-15.23456,13.04756],[-15.23291,13.04794],[-15.23125,13.04928],[-15.22988,13.04948],[-15.22839,13.04908],[-15.22646,13.04905],[-15.22517,13.04917],[-15.22555,13.0501],[-15.22652,13.05111],[-15.22762,13.05242],[-15.22801,13.05317],[-15.22831,13.05433],[-15.22843,13.05663],[-15.2284,13.05825],[-15.22825,13.0591],[-15.2279,13.06004],[-15.22751,13.06173],[-15.22738,13.06296],[-15.2272,13.06581],[-15.22702,13.067],[-15.22665,13.06868],[-15.22604,13.07043],[-15.22571,13.07192],[-15.22522,13.07472],[-15.22501,13.07651],[-15.22488,13.07692],[-15.22279,13.08086],[-15.22263,13.08206],[-15.22314,13.0829],[-15.22397,13.0836],[-15.22451,13.08442],[-15.22636,13.08808],[-15.22691,13.08959],[-15.22773,13.0912],[-15.22891,13.09459],[-15.22924,13.09636],[-15.22949,13.09725],[-15.2311,13.10157],[-15.23251,13.10603],[-15.23269,13.10797],[-15.23294,13.10911],[-15.23406,13.11222],[-15.23443,13.11343],[-15.23489,13.11589],[-15.23531,13.11883],[-15.23585,13.11994],[-15.23653,13.12096],[-15.2373,13.12244],[-15.23774,13.12311],[-15.23874,13.12408],[-15.24012,13.12568],[-15.24074,13.1266],[-15.2422,13.12899],[-15.24419,13.1314],[-15.2451,13.13263],[-15.24631,13.13484],[-15.24753,13.13629],[-15.2482,13.13726],[-15.24907,13.13911],[-15.24955,13.13978],[-15.25096,13.1413],[-15.25168,13.14186],[-15.25346,13.14286],[-15.25363,13.14357],[-15.25327,13.14529],[-15.25315,13.14649],[-15.25315,13.14764],[-15.25329,13.1487],[-15.25404,13.15133],[-15.25415,13.15222],[-15.25381,13.15353],[-15.2534,13.1539],[-15.25189,13.15473],[-15.25154,13.15504],[-15.25156,13.15578],[-15.25201,13.1569],[-15.25263,13.15812],[-15.25289,13.15909],[-15.25279,13.15985],[-15.25246,13.16089],[-15.2519,13.16209],[-15.25163,13.16386],[-15.25164,13.16505],[-15.25182,13.16682],[-15.25194,13.16931],[-15.25259,13.17179],[-15.25383,13.17562],[-15.25432,13.17777],[-15.25465,13.17872],[-15.25508,13.1794],[-15.25599,13.18028],[-15.25675,13.18058],[-15.25817,13.18091],[-15.26192,13.18191],[-15.26434,13.18268],[-15.26618,13.1831],[-15.27628,13.18644],[-15.29208,13.1928],[-15.29284,13.1933],[-15.29388,13.19378],[-15.29541,13.19406],[-15.29688,13.19405],[-15.29783,13.19385],[-15.29903,13.19312],[-15.2996,13.19239],[-15.30347,13.18585],[-15.31129,13.19342],[-15.31814,13.19675],[-15.31904,13.19789],[-15.31995,13.19881],[-15.32085,13.19953],[-15.32296,13.2007],[-15.32441,13.20115],[-15.32676,13.20163],[-15.32834,13.20231],[-15.33005,13.20338],[-15.33195,13.20496],[-15.33269,13.20566],[-15.33411,13.20734],[-15.34512,13.21857],[-15.34927,13.22135],[-15.35047,13.22337],[-15.35136,13.22511],[-15.3524,13.22697],[-15.35276,13.22833],[-15.35275,13.2294],[-15.35254,13.23075],[-15.35232,13.23306],[-15.35216,13.23566],[-15.35214,13.23792],[-15.3523,13.24072],[-15.35266,13.24419],[-15.35281,13.24608],[-15.35351,13.24974],[-15.35406,13.25306],[-15.35436,13.25533],[-15.35461,13.25796],[-15.35476,13.2609],[-15.35477,13.26617],[-15.35455,13.27038],[-15.34526,13.28186],[-15.34381,13.28381],[-15.34275,13.28547],[-15.34107,13.28865],[-15.34039,13.29011],[-15.33983,13.2915],[-15.33919,13.29344],[-15.33858,13.29585],[-15.33829,13.2976],[-15.33809,13.2995],[-15.33804,13.30101],[-15.33823,13.30384],[-15.33865,13.31434],[-15.3382,13.34097],[-15.33841,13.35945]]]},"properties":{"slug":"bounkiling","name":"Bounkiling","department":"Bounkiling","code":"SN1101","parent":"region-sedhiou"}},{"type":"Feature","geometry":{"type":"Polygon","coordinates":[[[-13.78776,13.54447],[-13.7885,13.54483],[-13.78945,13.54496],[-13.79031,13.54542],[-13.79117,13.54538],[-13.79236,13.54482],[-13.79248,13.54473],[-13.79273,13.54455],[-13.79293,13.54441],[-13.79313,13.54429],[-13.79448,13.54391],[-13.79723,13.54286],[-13.79892,13.54241],[-13.80004,13.54223],[-13.80187,13.54218],[-13.80403,13.54243],[-13.80596,13.54289],[-13.8095,13.54415],[-13.81298,13.5456],[-13.81519,13.54656],[-13.81649,13.547],[-13.81872,13.54749],[-13.82003,13.54741],[-13.82121,13.54677],[-13.82166,13.54634],[-13.82231,13.54538],[-13.82268,13.54394],[-13.82255,13.54249],[-13.82256,13.5421],[-13.82273,13.54118],[-13.82307,13.53983],[-13.82359,13.53733],[-13.82417,13.53586],[-13.82468,13.53487],[-13.825,13.53434],[-13.82536,13.5338],[-13.82654,13.53214],[-13.82939,13.52843],[-13.83015,13.52729],[-13.83079,13.5261],[-13.83217,13.52289],[-13.8325,13.52166],[-13.83267,13.52038],[-13.83268,13.51856],[-13.83276,13.51719],[-13.83262,13.51595],[-13.83223,13.51452],[-13.83176,13.51326],[-13.83104,13.51165],[-13.83074,13.51081],[-13.83034,13.50913],[-13.83025,13.50713],[-13.83046,13.50602],[-13.83126,13.50465],[-13.83216,13.5042],[-13.83374,13.50419],[-13.83452,13.50427],[-13.83877,13.50542],[-13.84067,13.50606],[-13.84244,13.50677],[-13.84576,13.50833],[-13.84916,13.50997],[-13.85175,13.51095],[-13.85302,13.5113],[-13.85484,13.51151],[-13.85634,13.5115],[-13.85774,13.51125],[-13.85886,13.51074],[-13.85996,13.51001],[-13.85533,13.50811],[-13.85259,13.5064],[-13.85014,13.5047],[-13.84697,13.50327],[-13.84568,13.50214],[-13.84165,13.49986],[-13.83762,13.49771],[-13.83777,13.49619],[-13.83711,13.49592],[-13.83488,13.4928],[-13.82838,13.48063],[-13.82673,13.4779],[-13.82559,13.47508],[-13.82421,13.47199],[-13.82322,13.46939],[-13.8214,13.46607],[-13.81718,13.45926],[-13.81657,13.46005],[-13.81326,13.45721],[-13.81112,13.45442],[-13.8071,13.45138],[-13.80449,13.44992],[-13.80204,13.44953],[-13.79887,13.4481],[-13.79715,13.44597],[-13.79643,13.44397],[-13.79543,13.443],[-13.79405,13.44067],[-13.79283,13.43835],[-13.79278,13.43583],[-13.79287,13.43376],[-13.79281,13.43091],[-13.79249,13.42885],[-13.79221,13.42632],[-13.7925,13.42214],[-13.79289,13.41864],[-13.79296,13.41754],[-13.79324,13.41528],[-13.79331,13.41358],[-13.79419,13.4109],[-13.79489,13.40817],[-13.79517,13.40647],[-13.796,13.40314],[-13.7964,13.40194],[-13.79683,13.39977],[-13.7973,13.39775],[-13.79764,13.39573],[-13.79909,13.39087],[-13.79952,13.3893],[-13.80054,13.3861],[-13.80088,13.38468],[-13.80274,13.3812],[-13.803,13.37991],[-13.80408,13.37805],[-13.80526,13.37619],[-13.80668,13.37437],[-13.80851,13.37222],[-13.80968,13.37004],[-13.81202,13.36723],[-13.81361,13.3649],[-13.81508,13.36299],[-13.81585,13.36173],[-13.81673,13.36075],[-13.81735,13.35954],[-13.81945,13.35445],[-13.82027,13.35259],[-13.82163,13.35082],[-13.82536,13.34661],[-13.82808,13.34426],[-13.83401,13.33831],[-13.83719,13.33539],[-13.83964,13.33355],[-13.84247,13.33212],[-13.84549,13.33069],[-13.8488,13.32906],[-13.85233,13.32738],[-13.85715,13.32443],[-13.86095,13.32233],[-13.86394,13.32139],[-13.86697,13.32032],[-13.8701,13.3198],[-13.87337,13.3189],[-13.87983,13.31777],[-13.88292,13.31747],[-13.88611,13.31694],[-13.88948,13.31674],[-13.89326,13.3162],[-13.89565,13.31574],[-13.89908,13.31585],[-13.90242,13.31583],[-13.90576,13.31617],[-13.90928,13.31615],[-13.91328,13.31647],[-13.91577,13.31661],[-13.91868,13.31669],[-13.92197,13.31708],[-13.925,13.31775],[-13.93009,13.31866],[-13.93476,13.31939],[-13.93753,13.31988],[-13.94126,13.32068],[-13.94468,13.32079],[-13.94727,13.32069],[-13.95029,13.32145],[-13.95218,13.32146],[-13.95329,13.32084],[-13.95502,13.3203],[-13.95813,13.31904],[-13.96397,13.31524],[-13.96962,13.31204],[-13.97801,13.307],[-13.99401,13.29757],[-13.99776,13.29551],[-13.99998,13.2944],[-14.00166,13.29338],[-14.00486,13.29153],[-14.00572,13.29107],[-14.0071,13.29096],[-14.01024,13.29054],[-14.01218,13.29037],[-14.01505,13.29024],[-14.01706,13.29009],[-14.02472,13.28926],[-14.02972,13.28876],[-14.03125,13.28873],[-14.03404,13.28841],[-14.03514,13.28838],[-14.03764,13.28848],[-14.03986,13.28848],[-14.04303,13.28841],[-14.04825,13.28824],[-14.05033,13.28821],[-14.05259,13.28825],[-14.05483,13.28841],[-14.05629,13.28863],[-14.05812,13.28904],[-14.06,13.28963],[-14.06158,13.29029],[-14.0626,13.29053],[-14.06407,13.29071],[-14.06565,13.29111],[-14.06682,13.29104],[-14.06908,13.29008],[-14.07196,13.28906],[-14.07376,13.28802],[-14.07485,13.28751],[-14.07731,13.28693],[-14.08134,13.28627],[-14.08326,13.28588],[-14.08926,13.2844],[-14.09754,13.28244],[-14.10037,13.28189],[-14.10405,13.28145],[-14.10712,13.28119],[-14.10885,13.28085],[-14.11415,13.27965],[-14.11536,13.27934],[-14.11616,13.27881],[-14.11647,13.2783],[-14.11662,13.27749],[-14.11659,13.27603],[-14.11633,13.27368],[-14.11654,13.2708],[-14.11639,13.26675],[-14.11621,13.26412],[-14.11583,13.26192],[-14.11571,13.26018],[-14.11577,13.25825],[-14.11571,13.25671],[-14.11546,13.25461],[-14.11555,13.2537],[-14.11586,13.25242],[-14.1168,13.24949],[-14.11779,13.24674],[-14.11827,13.24427],[-14.11881,13.24298],[-14.11947,13.24181],[-14.12006,13.24101],[-14.12095,13.24007],[-14.12311,13.23814],[-14.12399,13.23724],[-14.12502,13.236],[-14.12698,13.2334],[-14.12789,13.23232],[-14.12903,13.23116],[-14.13087,13.22979],[-14.13215,13.22808],[-14.13331,13.22709],[-14.13489,13.22594],[-14.13716,13.22445],[-14.14122,13.222],[-14.14221,13.22155],[-14.14382,13.22106],[-14.14586,13.22068],[-14.14775,13.22045],[-14.1504,13.22029],[-14.15236,13.22024],[-14.1549,13.22006],[-14.15612,13.22006],[-14.15791,13.22027],[-14.1624,13.22116],[-14.16397,13.22166],[-14.16517,13.22188],[-14.16689,13.22205],[-14.16804,13.22239],[-14.17051,13.22403],[-14.17176,13.22454],[-14.17437,13.2252],[-14.17597,13.22571],[-14.17704,13.22626],[-14.18032,13.22816],[-14.18178,13.22895],[-14.18343,13.22962],[-14.18408,13.22959],[-14.18528,13.22931],[-14.18815,13.22904],[-14.18972,13.22878],[-14.1908,13.22849],[-14.19284,13.22771],[-14.19429,13.22743],[-14.19592,13.22744],[-14.19666,13.22717],[-14.19734,13.22661],[-14.1983,13.22608],[-14.19965,13.22555],[-14.2011,13.22477],[-14.20299,13.2236],[-14.20392,13.22312],[-14.2062,13.22259],[-14.2081,13.22201],[-14.2102,13.22118],[-14.21175,13.22066],[-14.2146,13.21985],[-14.21675,13.21912],[-14.21888,13.21862],[-14.22066,13.21846],[-14.22288,13.21837],[-14.226,13.21803],[-14.22892,13.21758],[-14.22967,13.21757],[-14.23158,13.21771],[-14.2329,13.2176],[-14.23482,13.21769],[-14.23743,13.21806],[-14.23983,13.21856],[-14.24237,13.21934],[-14.24344,13.21991],[-14.24477,13.22079],[-14.24639,13.22172],[-14.2484,13.22299],[-14.25102,13.22495],[-14.25268,13.22594],[-14.25584,13.22852],[-14.2568,13.22943],[-14.25831,13.23119],[-14.25984,13.23343],[-14.26176,13.23644],[-14.2636,13.23906],[-14.26458,13.24023],[-14.2656,13.24124],[-14.2669,13.24219],[-14.26773,13.24243],[-14.26829,13.24235],[-14.27018,13.24151],[-14.27317,13.2401],[-14.27487,13.23956],[-14.27996,13.2395],[-14.28296,13.23914],[-14.2851,13.23924],[-14.28642,13.23911],[-14.28731,13.23876],[-14.28909,13.23791],[-14.28981,13.2377],[-14.29047,13.23779],[-14.29255,13.23838],[-14.29344,13.23854],[-14.29428,13.23852],[-14.29609,13.23832],[-14.29757,13.23831],[-14.2997,13.23852],[-14.30122,13.23844],[-14.30441,13.23768],[-14.30636,13.23733],[-14.3086,13.2371],[-14.30976,13.23691],[-14.314,13.23593],[-14.31654,13.23516],[-14.31811,13.23482],[-14.32303,13.2342],[-14.32422,13.23393],[-14.32631,13.23331],[-14.32774,13.23302],[-14.33083,13.23298],[-14.33217,13.23277],[-14.33547,13.23187],[-14.33844,13.23122],[-14.34056,13.23099],[-14.34196,13.23075],[-14.34548,13.22983],[-14.34718,13.22948],[-14.34941,13.22921],[-14.35017,13.22918],[-14.3504,13.22725],[-14.34932,13.22656],[-14.34834,13.22577],[-14.3473,13.22346],[-14.34627,13.2219],[-14.34463,13.2189],[-14.3427,13.21604],[-14.34011,13.21234],[-14.33724,13.20902],[-14.33555,13.20698],[-14.33442,13.20453],[-14.33212,13.20134],[-14.33086,13.19867],[-14.32864,13.19498],[-14.32653,13.19183],[-14.32522,13.18972],[-14.32348,13.18676],[-14.32146,13.18399],[-14.31925,13.18085],[-14.31835,13.17873],[-14.31733,13.17577],[-14.3162,13.17203],[-14.31427,13.16899],[-14.31366,13.16595],[-14.31325,13.16267],[-14.31171,13.15487],[-14.31133,13.15169],[-14.31027,13.14699],[-14.30923,13.14339],[-14.30797,13.14108],[-14.30798,13.1378],[-14.30775,13.13417],[-14.30774,13.13163],[-14.30832,13.1279],[-14.30856,13.12297],[-14.30918,13.12002],[-14.30905,13.11661],[-14.30976,13.11408],[-14.31019,13.112],[-14.31104,13.10947],[-14.31241,13.10639],[-14.31341,13.10317],[-14.31435,13.10069],[-14.31492,13.09774],[-14.31581,13.09594],[-14.31672,13.09332],[-14.31762,13.09028],[-14.31852,13.08761],[-14.31929,13.08402],[-14.31914,13.08102],[-14.31933,13.07909],[-14.31976,13.07646],[-14.32053,13.07037],[-14.31982,13.06705],[-14.31993,13.06461],[-14.3189,13.06055],[-14.31692,13.05663],[-14.31637,13.05498],[-14.31534,13.05302],[-14.31449,13.05163],[-14.31311,13.04972],[-14.31249,13.04899],[-14.31135,13.04794],[-14.31035,13.04731],[-14.30845,13.04653],[-14.30613,13.04615],[-14.30429,13.04612],[-14.30326,13.04583],[-14.3023,13.04535],[-14.30126,13.04525],[-14.30021,13.04559],[-14.29892,13.0456],[-14.2962,13.0451],[-14.29261,13.04501],[-14.29054,13.0447],[-14.2893,13.04425],[-14.28849,13.04374],[-14.28754,13.04348],[-14.28673,13.04349],[-14.28548,13.04323],[-14.28381,13.04251],[-14.28058,13.04169],[-14.27859,13.04128],[-14.27587,13.04088],[-14.27328,13.04066],[-14.27144,13.04066],[-14.27056,13.04056],[-14.26849,13.04001],[-14.26362,13.03892],[-14.26247,13.03874],[-14.26045,13.03859],[-14.25885,13.03885],[-14.25808,13.03916],[-14.25633,13.04007],[-14.25302,13.04137],[-14.2517,13.04184],[-14.25037,13.04249],[-14.24952,13.0431],[-14.24843,13.04365],[-14.2477,13.04387],[-14.24641,13.04397],[-14.24526,13.04386],[-14.24259,13.04121],[-14.24117,13.04053],[-14.23974,13.04018],[-14.2389,13.03984],[-14.23827,13.03977],[-14.2375,13.04026],[-14.23683,13.04042],[-14.23517,13.03968],[-14.23432,13.03911],[-14.23322,13.03807],[-14.23176,13.03622],[-14.23107,13.03559],[-14.23054,13.03478],[-14.23017,13.03299],[-14.22972,13.03151],[-14.22892,13.03012],[-14.22764,13.02904],[-14.22636,13.02762],[-14.22539,13.02689],[-14.22366,13.026],[-14.22287,13.02548],[-14.22227,13.02488],[-14.22112,13.02415],[-14.22037,13.02398],[-14.21965,13.02406],[-14.21833,13.02451],[-14.21674,13.0255],[-14.21546,13.026],[-14.21399,13.02635],[-14.21222,13.02649],[-14.21113,13.02643],[-14.20926,13.02619],[-14.20828,13.02597],[-14.20617,13.02535],[-14.20408,13.02494],[-14.20231,13.02479],[-14.20078,13.02454],[-14.19924,13.02414],[-14.19772,13.02398],[-14.19654,13.0241],[-14.19511,13.02438],[-14.19376,13.02445],[-14.19265,13.02422],[-14.18975,13.02284],[-14.18806,13.02218],[-14.1869,13.02152],[-14.18582,13.02059],[-14.18522,13.01989],[-14.18463,13.01887],[-14.18432,13.01788],[-14.18376,13.01784],[-14.18257,13.01802],[-14.1792,13.01672],[-14.17655,13.01561],[-14.1741,13.01421],[-14.17274,13.01389],[-14.17188,13.01325],[-14.17098,13.01294],[-14.17033,13.01304],[-14.16945,13.01353],[-14.16899,13.01441],[-14.16764,13.01541],[-14.16726,13.0159],[-14.16706,13.01692],[-14.16659,13.01764],[-14.16562,13.01848],[-14.16458,13.01875],[-14.16391,13.01785],[-14.16266,13.01798],[-14.16152,13.01786],[-14.16112,13.01824],[-14.16106,13.01873],[-14.16011,13.01922],[-14.1595,13.01968],[-14.1593,13.02022],[-14.15891,13.02039],[-14.15839,13.02015],[-14.15796,13.02032],[-14.15772,13.02078],[-14.15543,13.02026],[-14.15428,13.02059],[-14.15254,13.02086],[-14.15165,13.02115],[-14.14987,13.02148],[-14.1491,13.02197],[-14.14869,13.02274],[-14.14776,13.02334],[-14.14683,13.0243],[-14.14612,13.02463],[-14.14581,13.02514],[-14.14538,13.02671],[-14.14451,13.02764],[-14.14387,13.02798],[-14.14323,13.02807],[-14.1427,13.02787],[-14.14238,13.02718],[-14.14103,13.02589],[-14.14005,13.02541],[-14.13951,13.0255],[-14.13867,13.02609],[-14.13833,13.02663],[-14.13577,13.02399],[-14.13559,13.02349],[-14.13468,13.02311],[-14.13392,13.02372],[-14.13293,13.02374],[-14.13199,13.02489],[-14.13167,13.02489],[-14.13092,13.0243],[-14.13044,13.02425],[-14.12979,13.02341],[-14.12879,13.02324],[-14.12837,13.0214],[-14.12767,13.02102],[-14.1259,13.0206],[-14.1269,13.01826],[-14.12738,13.01792],[-14.12859,13.01791],[-14.12894,13.01751],[-14.12905,13.0169],[-14.12883,13.01557],[-14.12836,13.01426],[-14.12759,13.01276],[-14.12719,13.0122],[-14.1271,13.01139],[-14.1258,13.00975],[-14.12586,13.00924],[-14.12564,13.00878],[-14.12476,13.00803],[-14.12469,13.00769],[-14.12546,13.00725],[-14.12585,13.00758],[-14.12621,13.00736],[-14.12669,13.0065],[-14.12661,13.00602],[-14.12615,13.00578],[-14.12558,13.00495],[-14.12538,13.004],[-14.12546,13.00258],[-14.12573,13.00155],[-14.12499,13.00075],[-14.12518,12.99983],[-14.12611,12.99932],[-14.12666,12.99871],[-14.12673,12.998],[-14.12632,12.99683],[-14.1263,12.9946],[-14.12617,12.99333],[-14.12573,12.99152],[-14.12562,12.98981],[-14.1258,12.98874],[-14.12553,12.98775],[-14.12507,12.98713],[-14.12419,12.98537],[-14.1231,12.98403],[-14.12218,12.98246],[-14.12054,12.98021],[-14.11998,12.97957],[-14.11887,12.97805],[-14.11707,12.9763],[-14.11574,12.9755],[-14.11455,12.97443],[-14.11274,12.97305],[-14.11175,12.97185],[-14.11139,12.97116],[-14.11036,12.97018],[-14.10963,12.9693],[-14.10769,12.96721],[-14.10677,12.96594],[-14.10637,12.96516],[-14.10611,12.96374],[-14.10592,12.96129],[-14.10599,12.95994],[-14.10632,12.95884],[-14.10616,12.95701],[-14.1066,12.95609],[-14.10772,12.95545],[-14.10802,12.95512],[-14.10861,12.95383],[-14.10947,12.9516],[-14.1098,12.95016],[-14.11081,12.95006],[-14.11304,12.94917],[-14.11399,12.94869],[-14.11537,12.9477],[-14.11808,12.94606],[-14.11878,12.94579],[-14.12009,12.94552],[-14.12269,12.94554],[-14.12451,12.94579],[-14.1264,12.94629],[-14.12777,12.94645],[-14.12989,12.94692],[-14.13113,12.94688],[-14.13248,12.94653],[-14.13356,12.9466],[-14.13453,12.94688],[-14.1358,12.94686],[-14.13709,12.94664],[-14.13767,12.94639],[-14.13846,12.94554],[-14.13921,12.94431],[-14.14011,12.9424],[-14.14116,12.93993],[-14.1413,12.93897],[-14.14122,12.93814],[-14.14099,12.93748],[-14.1409,12.93608],[-14.14127,12.93407],[-14.14205,12.93113],[-14.14282,12.9292],[-14.14346,12.92836],[-14.14411,12.92783],[-14.14452,12.92728],[-14.14496,12.92628],[-14.1454,12.92588],[-14.14599,12.92586],[-14.14769,12.9265],[-14.14825,12.92654],[-14.14985,12.92623],[-14.1519,12.9256],[-14.15415,12.92535],[-14.15649,12.92463],[-14.15808,12.92434],[-14.15997,12.92437],[-14.16071,12.92469],[-14.16182,12.92546],[-14.16337,12.92585],[-14.16413,12.92614],[-14.16477,12.92616],[-14.16604,12.92561],[-14.16889,12.92307],[-14.16984,12.92206],[-14.17041,12.92188],[-14.17127,12.92206],[-14.17206,12.92167],[-14.17295,12.91967],[-14.17407,12.91794],[-14.17492,12.91616],[-14.17552,12.9142],[-14.17568,12.91324],[-14.17579,12.91158],[-14.17572,12.91014],[-14.17541,12.9079],[-14.17458,12.90378],[-14.17402,12.9019],[-14.17354,12.90064],[-14.17308,12.89915],[-14.1723,12.89578],[-14.17173,12.89277],[-14.17113,12.88882],[-14.17074,12.88741],[-14.17014,12.88585],[-14.16917,12.88397],[-14.1669,12.8801],[-14.16614,12.87904],[-14.1653,12.87815],[-14.16437,12.87738],[-14.1633,12.87672],[-14.15929,12.87465],[-14.15815,12.87421],[-14.15578,12.87366],[-14.15368,12.87302],[-14.15132,12.87216],[-14.14921,12.87056],[-14.14867,12.8678],[-14.14837,12.8649],[-14.14831,12.86342],[-14.14843,12.8626],[-14.14879,12.86164],[-14.14906,12.86031],[-14.14947,12.85923],[-14.15012,12.85816],[-14.15142,12.85563],[-14.15167,12.85472],[-14.15169,12.85378],[-14.1515,12.85283],[-14.15149,12.85077],[-14.1512,12.84875],[-14.15115,12.84779],[-14.15124,12.84672],[-14.15114,12.84536],[-14.15066,12.84214],[-14.15059,12.83909],[-14.15048,12.83816],[-14.14934,12.83437],[-14.14859,12.83312],[-14.14739,12.83214],[-14.1458,12.83126],[-14.14511,12.83067],[-14.14458,12.82997],[-14.14412,12.82892],[-14.14399,12.82732],[-14.14409,12.8254],[-14.14386,12.82458],[-14.14338,12.8239],[-14.14262,12.82337],[-14.14093,12.82256],[-14.13955,12.82156],[-14.14006,12.82049],[-14.14101,12.81928],[-14.14214,12.81855],[-14.14347,12.81713],[-14.14397,12.81628],[-14.14399,12.81517],[-14.14338,12.81292],[-14.1432,12.81126],[-14.14354,12.80938],[-14.14348,12.80811],[-14.14319,12.80712],[-14.14234,12.80539],[-14.1416,12.80342],[-14.14156,12.80291],[-14.142,12.80239],[-14.14299,12.80211],[-14.14379,12.8023],[-14.14529,12.80321],[-14.1463,12.80373],[-14.14744,12.80407],[-14.15006,12.80422],[-14.1512,12.80476],[-14.15221,12.80573],[-14.15466,12.80782],[-14.15563,12.8089],[-14.15657,12.8104],[-14.15741,12.8122],[-14.15837,12.81374],[-14.15919,12.81466],[-14.16081,12.81617],[-14.16104,12.81654],[-14.16106,12.81845],[-14.16227,12.81917],[-14.16357,12.81962],[-14.16459,12.81939],[-14.16521,12.81904],[-14.16602,12.8189],[-14.16745,12.81937],[-14.16911,12.82046],[-14.16998,12.82072],[-14.17051,12.82039],[-14.17085,12.81945],[-14.17073,12.81764],[-14.17076,12.81668],[-14.17132,12.81551],[-14.1727,12.81403],[-14.1729,12.81353],[-14.17278,12.8127],[-14.17235,12.8122],[-14.17174,12.81214],[-14.17036,12.8123],[-14.16921,12.81218],[-14.16863,12.81169],[-14.16834,12.81094],[-14.16847,12.81027],[-14.16887,12.80982],[-14.16977,12.80947],[-14.17114,12.8094],[-14.17298,12.80947],[-14.17366,12.80941],[-14.1742,12.80911],[-14.17507,12.80831],[-14.17576,12.80789],[-14.17631,12.80811],[-14.17654,12.80891],[-14.17654,12.80989],[-14.17673,12.81076],[-14.1773,12.81197],[-14.17794,12.81267],[-14.17858,12.81277],[-14.17938,12.81228],[-14.18116,12.81079],[-14.18258,12.81047],[-14.18333,12.81043],[-14.18509,12.81092],[-14.18561,12.81122],[-14.1858,12.81291],[-14.18565,12.81375],[-14.1849,12.81448],[-14.18428,12.81453],[-14.18365,12.81425],[-14.18147,12.81439],[-14.18072,12.81469],[-14.18036,12.81523],[-14.18033,12.81571],[-14.18068,12.81622],[-14.1818,12.817],[-14.18255,12.81793],[-14.18307,12.81821],[-14.18423,12.81824],[-14.185,12.81795],[-14.18568,12.81723],[-14.18641,12.81589],[-14.18718,12.81504],[-14.18808,12.81463],[-14.19026,12.81437],[-14.19134,12.8141],[-14.19348,12.81256],[-14.19394,12.81129],[-14.19483,12.81085],[-14.19539,12.8109],[-14.19676,12.81203],[-14.19793,12.81215],[-14.19879,12.81154],[-14.19981,12.80923],[-14.20062,12.80867],[-14.20098,12.80893],[-14.20143,12.8098],[-14.20298,12.81201],[-14.20438,12.81358],[-14.20538,12.81417],[-14.20697,12.81594],[-14.2081,12.81673],[-14.20987,12.81734],[-14.21063,12.81738],[-14.21127,12.81719],[-14.21217,12.81646],[-14.21263,12.81633],[-14.21302,12.81773],[-14.21301,12.81858],[-14.21267,12.81975],[-14.21258,12.82187],[-14.21274,12.82289],[-14.21271,12.82467],[-14.21277,12.82556],[-14.21299,12.82644],[-14.21281,12.82759],[-14.21232,12.8282],[-14.20991,12.829],[-14.2088,12.82949],[-14.20772,12.82975],[-14.20756,12.83048],[-14.20807,12.83151],[-14.20922,12.83223],[-14.20993,12.83283],[-14.21132,12.8345],[-14.21265,12.83715],[-14.21341,12.83817],[-14.21394,12.83865],[-14.21494,12.83929],[-14.21809,12.84076],[-14.21878,12.84116],[-14.21988,12.84232],[-14.22088,12.84256],[-14.22156,12.84173],[-14.2236,12.84034],[-14.22445,12.8393],[-14.22435,12.83866],[-14.22455,12.83705],[-14.22525,12.83608],[-14.22553,12.83551],[-14.22515,12.83482],[-14.22429,12.83456],[-14.22303,12.83453],[-14.22255,12.83468],[-14.21973,12.83447],[-14.21868,12.83429],[-14.21777,12.83382],[-14.21735,12.83299],[-14.21754,12.83218],[-14.21822,12.83111],[-14.21891,12.83046],[-14.21957,12.83011],[-14.22033,12.83014],[-14.22093,12.83122],[-14.22227,12.83306],[-14.22296,12.83339],[-14.22475,12.83278],[-14.22602,12.83211],[-14.22691,12.83152],[-14.22832,12.83044],[-14.22924,12.82958],[-14.2315,12.82811],[-14.23256,12.82791],[-14.23366,12.82847],[-14.23531,12.82897],[-14.23625,12.82896],[-14.23681,12.82847],[-14.23725,12.82708],[-14.23761,12.82524],[-14.23764,12.82421],[-14.23731,12.82327],[-14.23712,12.82197],[-14.23702,12.81988],[-14.23705,12.81826],[-14.23733,12.8168],[-14.23792,12.81595],[-14.23801,12.81521],[-14.23766,12.81444],[-14.23779,12.81386],[-14.2384,12.81312],[-14.23868,12.81247],[-14.2385,12.81133],[-14.23865,12.81069],[-14.23902,12.81012],[-14.2396,12.80984],[-14.24085,12.80995],[-14.24169,12.80989],[-14.24235,12.80908],[-14.2423,12.80832],[-14.24191,12.80693],[-14.24114,12.8062],[-14.2404,12.8058],[-14.2394,12.80565],[-14.23781,12.80594],[-14.23691,12.80632],[-14.23661,12.80663],[-14.23606,12.80766],[-14.23561,12.80821],[-14.23494,12.80859],[-14.23449,12.80916],[-14.23373,12.80954],[-14.23281,12.80947],[-14.23217,12.80867],[-14.23193,12.80765],[-14.2319,12.80657],[-14.23213,12.80577],[-14.23248,12.80529],[-14.23319,12.80476],[-14.23398,12.80449],[-14.23472,12.80453],[-14.23544,12.80435],[-14.23677,12.80361],[-14.23715,12.80317],[-14.23781,12.80186],[-14.23835,12.80113],[-14.23931,12.80069],[-14.24065,12.80055],[-14.24211,12.80006],[-14.24374,12.7993],[-14.2457,12.79854],[-14.24671,12.79745],[-14.24795,12.79672],[-14.24874,12.79654],[-14.25039,12.7966],[-14.25133,12.79695],[-14.25219,12.79775],[-14.2525,12.79865],[-14.2536,12.79989],[-14.25414,12.79989],[-14.25476,12.79909],[-14.25512,12.79821],[-14.25516,12.79739],[-14.25498,12.79586],[-14.25497,12.79438],[-14.25518,12.79348],[-14.25582,12.79265],[-14.25641,12.79242],[-14.25777,12.79247],[-14.25881,12.79274],[-14.25965,12.79326],[-14.26055,12.79423],[-14.26105,12.79463],[-14.26195,12.79483],[-14.26365,12.79427],[-14.26451,12.79414],[-14.26593,12.79371],[-14.26728,12.79356],[-14.26801,12.79312],[-14.26858,12.79208],[-14.26931,12.79045],[-14.26974,12.78971],[-14.27012,12.78937],[-14.27123,12.78893],[-14.27173,12.78764],[-14.27228,12.78663],[-14.2726,12.78561],[-14.27268,12.78456],[-14.27295,12.78369],[-14.2726,12.78195],[-14.27214,12.78128],[-14.27183,12.77983],[-14.27128,12.77857],[-14.27038,12.77691],[-14.26959,12.77588],[-14.26923,12.775],[-14.26898,12.77343],[-14.26886,12.77177],[-14.26893,12.77146],[-14.26959,12.77074],[-14.27069,12.77042],[-14.27282,12.76956],[-14.27393,12.76923],[-14.2752,12.76872],[-14.27725,12.76731],[-14.27836,12.76682],[-14.28034,12.7671],[-14.28102,12.76747],[-14.28387,12.76803],[-14.28589,12.76866],[-14.28645,12.76898],[-14.28685,12.76954],[-14.28695,12.77033],[-14.28673,12.77086],[-14.28611,12.77169],[-14.28581,12.77242],[-14.28583,12.77341],[-14.28627,12.77432],[-14.28659,12.77461],[-14.28742,12.77479],[-14.2882,12.77463],[-14.28947,12.77409],[-14.29058,12.77387],[-14.2912,12.77344],[-14.29171,12.77279],[-14.29223,12.77183],[-14.2931,12.76984],[-14.29398,12.76831],[-14.29505,12.76685],[-14.29577,12.7654],[-14.29615,12.76393],[-14.29618,12.76288],[-14.29636,12.7623],[-14.29691,12.76168],[-14.29676,12.76103],[-14.29623,12.75993],[-14.29584,12.75941],[-14.29519,12.75902],[-14.29488,12.75853],[-14.29451,12.75689],[-14.29416,12.75602],[-14.29364,12.75541],[-14.29348,12.75481],[-14.29382,12.75418],[-14.29448,12.7538],[-14.29537,12.75356],[-14.29658,12.75344],[-14.29768,12.75346],[-14.29864,12.75369],[-14.30069,12.75507],[-14.30146,12.75521],[-14.30245,12.75495],[-14.30276,12.75452],[-14.30296,12.75341],[-14.30292,12.75191],[-14.30198,12.75028],[-14.30103,12.74897],[-14.30054,12.74868],[-14.29917,12.7487],[-14.29722,12.74839],[-14.29613,12.74863],[-14.29517,12.74917],[-14.29472,12.74974],[-14.29402,12.7501],[-14.29265,12.74988],[-14.29107,12.7491],[-14.28905,12.74831],[-14.28867,12.74804],[-14.28821,12.74723],[-14.28784,12.74518],[-14.28775,12.74352],[-14.2884,12.74005],[-14.28838,12.73891],[-14.28806,12.73811],[-14.28746,12.73746],[-14.2868,12.73646],[-14.28613,12.73575],[-14.28446,12.7349],[-14.28411,12.73446],[-14.28368,12.73314],[-14.2831,12.73205],[-14.28306,12.7317],[-14.28346,12.73032],[-14.28447,12.72956],[-14.28585,12.72804],[-14.28766,12.72676],[-14.28853,12.72642],[-14.2899,12.72609],[-14.29133,12.72614],[-14.29165,12.72594],[-14.29176,12.72421],[-14.2919,12.72368],[-14.29262,12.72288],[-14.29279,12.72125],[-14.29271,12.72002],[-14.29234,12.71883],[-14.2923,12.71779],[-14.29245,12.71687],[-14.29296,12.71647],[-14.2941,12.71654],[-14.29502,12.71678],[-14.29642,12.71737],[-14.29754,12.71821],[-14.29834,12.71822],[-14.29912,12.71741],[-14.29987,12.71688],[-14.30044,12.71622],[-14.30167,12.71564],[-14.3022,12.71499],[-14.30297,12.71377],[-14.3037,12.71171],[-14.30405,12.71117],[-14.30457,12.71099],[-14.30549,12.71105],[-14.30646,12.71137],[-14.30805,12.71234],[-14.30905,12.71325],[-14.30963,12.71466],[-14.30974,12.71558],[-14.30938,12.71706],[-14.30831,12.71901],[-14.30822,12.71966],[-14.30844,12.72026],[-14.30949,12.72092],[-14.31027,12.72105],[-14.31098,12.72096],[-14.31238,12.72113],[-14.31296,12.72105],[-14.31356,12.72053],[-14.31369,12.71985],[-14.31361,12.71677],[-14.31395,12.71583],[-14.31492,12.71435],[-14.31512,12.71366],[-14.3149,12.71302],[-14.31348,12.7111],[-14.31331,12.7101],[-14.31363,12.70932],[-14.31395,12.7091],[-14.31558,12.70922],[-14.31785,12.71067],[-14.31973,12.71164],[-14.32094,12.71218],[-14.32154,12.71224],[-14.32275,12.71195],[-14.32399,12.71182],[-14.32448,12.71115],[-14.32465,12.71052],[-14.32479,12.70806],[-14.32433,12.70699],[-14.32337,12.70559],[-14.32318,12.70494],[-14.32334,12.70439],[-14.32372,12.70409],[-14.32519,12.70417],[-14.32687,12.70388],[-14.32893,12.70261],[-14.33078,12.70133],[-14.33129,12.70066],[-14.33203,12.69923],[-14.33243,12.69881],[-14.33396,12.69871],[-14.33506,12.6988],[-14.33645,12.69922],[-14.33783,12.7004],[-14.33874,12.70021],[-14.339,12.69887],[-14.33899,12.69809],[-14.33876,12.69676],[-14.33825,12.69543],[-14.33645,12.69207],[-14.33507,12.69009],[-14.33438,12.68897],[-14.33361,12.68808],[-14.33196,12.68643],[-14.33088,12.68494],[-14.32964,12.68361],[-14.32719,12.68116],[-14.32649,12.68032],[-14.32589,12.67984],[-14.28883,12.6795],[-14.24132,12.67853],[-14.19817,12.67785],[-14.16102,12.67697],[-14.07811,12.67577],[-14.0234,12.67496],[-14.0121,12.67489],[-14.0009,12.6738],[-14,12.6738],[-13.70797,12.67409],[-13.68441,12.6741],[-13.60949,12.67411],[-13.52367,12.6741],[-13.48458,12.67409],[-13.47355,12.67286],[-13.46168,12.67142],[-13.44456,12.66963],[-13.43011,12.66797],[-13.4137,12.66629],[-13.40068,12.66484],[-13.34633,12.65855],[-13.34665,12.66082],[-13.34722,12.66212],[-13.34736,12.66319],[-13.34728,12.66448],[-13.34726,12.66735],[-13.34717,12.67022],[-13.34694,12.67237],[-13.34649,12.67438],[-13.34648,12.6761],[-13.34676,12.67783],[-13.34682,12.67948],[-13.34659,12.68084],[-13.34593,12.6822],[-13.34519,12.68327],[-13.3454,12.68456],[-13.34634,12.68615],[-13.3475,12.68759],[-13.34756,12.68895],[-13.34785,12.69032],[-13.34901,12.69097],[-13.35011,12.69112],[-13.35157,12.69084],[-13.35333,12.69064],[-13.35464,12.69136],[-13.35522,12.69201],[-13.35587,12.69281],[-13.35923,12.6929],[-13.36105,12.69363],[-13.36229,12.69471],[-13.36331,12.69529],[-13.36521,12.69516],[-13.3666,12.69488],[-13.36842,12.69518],[-13.37003,12.69562],[-13.372,12.69563],[-13.3731,12.6955],[-13.37464,12.69479],[-13.37588,12.69458],[-13.37713,12.69387],[-13.3783,12.69338],[-13.37969,12.69324],[-13.38043,12.69203],[-13.38051,12.69023],[-13.38089,12.68909],[-13.38163,12.68744],[-13.38287,12.68687],[-13.38544,12.68596],[-13.38697,12.68589],[-13.38844,12.68533],[-13.38793,12.68403],[-13.3878,12.68289],[-13.38788,12.68124],[-13.38818,12.68023],[-13.38869,12.67923],[-13.38987,12.67831],[-13.39112,12.67745],[-13.39536,12.67626],[-13.39755,12.67642],[-13.39865,12.67678],[-13.40047,12.67715],[-13.40193,12.67788],[-13.40273,12.67853],[-13.40426,12.67947],[-13.40528,12.67998],[-13.40674,12.68042],[-13.40798,12.68078],[-13.40864,12.68064],[-13.40945,12.67986],[-13.41157,12.67908],[-13.41216,12.67866],[-13.41267,12.67773],[-13.4129,12.67701],[-13.41378,12.67651],[-13.41547,12.67516],[-13.41627,12.67459],[-13.4173,12.67417],[-13.42015,12.67425],[-13.42074,12.67397],[-13.42118,12.67347],[-13.42352,12.67305],[-13.42505,12.67357],[-13.42607,12.67465],[-13.42643,12.67522],[-13.42657,12.67594],[-13.42715,12.67616],[-13.42759,12.67681],[-13.42868,12.67674],[-13.43051,12.67747],[-13.43116,12.67805],[-13.43174,12.67927],[-13.43238,12.68107],[-13.4326,12.68244],[-13.43244,12.68344],[-13.43222,12.68444],[-13.43155,12.68525],[-13.43034,12.68732],[-13.43048,12.68818],[-13.43186,12.68945],[-13.43237,12.69006],[-13.43309,12.69057],[-13.43426,12.69158],[-13.43543,12.69162],[-13.43653,12.69073],[-13.43788,12.68991],[-13.43873,12.68988],[-13.4396,12.69003],[-13.44055,12.6905],[-13.44102,12.69122],[-13.44116,12.69219],[-13.44104,12.69327],[-13.44012,12.6952],[-13.43894,12.69605],[-13.43817,12.6968],[-13.43678,12.69748],[-13.43553,12.69833],[-13.43619,12.69876],[-13.43728,12.69838],[-13.43897,12.69752],[-13.44015,12.69653],[-13.44184,12.69403],[-13.44254,12.69356],[-13.44371,12.69378],[-13.4448,12.69444],[-13.44592,12.69595],[-13.44618,12.69653],[-13.44581,12.69721],[-13.44504,12.6977],[-13.44382,12.69877],[-13.44276,12.69948],[-13.44118,12.70001],[-13.43825,12.70125],[-13.43741,12.70239],[-13.43751,12.70336],[-13.43743,12.70415],[-13.43655,12.70551],[-13.43581,12.70615],[-13.43504,12.70672],[-13.43467,12.70737],[-13.43507,12.70791],[-13.43728,12.70555],[-13.43842,12.70405],[-13.43897,12.70355],[-13.4397,12.70323],[-13.44116,12.70335],[-13.44306,12.7048],[-13.44353,12.70562],[-13.44381,12.70623],[-13.44399,12.70703],[-13.44469,12.70721],[-13.44625,12.70802],[-13.44749,12.70803],[-13.4481,12.70773],[-13.44903,12.70773],[-13.44995,12.70804],[-13.4515,12.7082],[-13.45351,12.70746],[-13.45444,12.70686],[-13.45507,12.70459],[-13.45538,12.70398],[-13.45616,12.70308],[-13.45786,12.70263],[-13.45863,12.70218],[-13.45895,12.70128],[-13.45895,12.70021],[-13.45942,12.69961],[-13.46005,12.69855],[-13.46128,12.69796],[-13.46359,12.6966],[-13.46459,12.69668],[-13.46673,12.69633],[-13.46742,12.6956],[-13.4686,12.69504],[-13.46953,12.69534],[-13.47061,12.69624],[-13.47087,12.69702],[-13.47089,12.69781],[-13.47063,12.69938],[-13.47025,12.70023],[-13.46998,12.70067],[-13.46962,12.70125],[-13.46943,12.70157],[-13.46901,12.70251],[-13.46842,12.70453],[-13.4678,12.70598],[-13.46718,12.70686],[-13.46649,12.70749],[-13.46538,12.70796],[-13.46407,12.70775],[-13.46302,12.70777],[-13.4634,12.70865],[-13.4634,12.70972],[-13.46376,12.7108],[-13.46415,12.71258],[-13.4647,12.71327],[-13.46592,12.71433],[-13.46618,12.71476],[-13.46646,12.71588],[-13.46648,12.71661],[-13.46626,12.71827],[-13.4659,12.71911],[-13.46666,12.71973],[-13.46679,12.71982],[-13.46692,12.7199],[-13.46705,12.71997],[-13.46764,12.72021],[-13.47028,12.72048],[-13.47169,12.72075],[-13.47268,12.7211],[-13.47344,12.72173],[-13.4732,12.72413],[-13.47251,12.72541],[-13.47199,12.72588],[-13.47103,12.72629],[-13.46852,12.72639],[-13.46771,12.72627],[-13.46657,12.72583],[-13.4663,12.72562],[-13.46618,12.7255],[-13.46596,12.72528],[-13.4658,12.72512],[-13.46565,12.72499],[-13.46491,12.72445],[-13.46467,12.72387],[-13.46445,12.72248],[-13.46378,12.72233],[-13.46299,12.72258],[-13.46249,12.72295],[-13.4619,12.72388],[-13.46158,12.72466],[-13.46075,12.72614],[-13.45996,12.72707],[-13.45892,12.72806],[-13.45899,12.72846],[-13.46059,12.73048],[-13.46122,12.73196],[-13.4615,12.73329],[-13.46161,12.73464],[-13.46203,12.73614],[-13.46224,12.73727],[-13.46248,12.73765],[-13.46321,12.73812],[-13.46379,12.73829],[-13.46397,12.73832],[-13.46417,12.73834],[-13.46448,12.73837],[-13.46541,12.73833],[-13.46601,12.73844],[-13.46746,12.73964],[-13.46778,12.74035],[-13.46799,12.74162],[-13.46826,12.74219],[-13.46912,12.74271],[-13.46972,12.74322],[-13.47018,12.74397],[-13.47041,12.74563],[-13.47022,12.74641],[-13.46935,12.74711],[-13.46822,12.7471],[-13.46746,12.74737],[-13.46714,12.74772],[-13.46718,12.74852],[-13.46774,12.74974],[-13.46792,12.75076],[-13.46749,12.75133],[-13.46686,12.7518],[-13.46554,12.75223],[-13.46414,12.75224],[-13.46262,12.75212],[-13.46187,12.75197],[-13.4617,12.75192],[-13.46152,12.75187],[-13.46118,12.75175],[-13.45939,12.7509],[-13.45899,12.75095],[-13.45925,12.75211],[-13.45955,12.75276],[-13.46078,12.75465],[-13.46112,12.75532],[-13.46121,12.75557],[-13.46124,12.75569],[-13.46128,12.75582],[-13.46151,12.75666],[-13.46217,12.75853],[-13.46279,12.76003],[-13.46291,12.76128],[-13.46352,12.76329],[-13.46348,12.76408],[-13.46229,12.7656],[-13.46156,12.76627],[-13.46049,12.76688],[-13.46008,12.76727],[-13.45933,12.76833],[-13.4592,12.76857],[-13.45915,12.76868],[-13.4591,12.76879],[-13.45901,12.7691],[-13.45897,12.76979],[-13.45936,12.77207],[-13.45983,12.77416],[-13.46079,12.77765],[-13.46143,12.78086],[-13.46193,12.78277],[-13.46241,12.78313],[-13.46319,12.78267],[-13.46379,12.78165],[-13.46435,12.78091],[-13.46493,12.78038],[-13.46783,12.77837],[-13.46828,12.77818],[-13.46891,12.77823],[-13.4693,12.77835],[-13.46966,12.77845],[-13.47016,12.7786],[-13.47091,12.77897],[-13.47164,12.77966],[-13.47208,12.78043],[-13.47284,12.7811],[-13.47277,12.78161],[-13.47221,12.78257],[-13.47196,12.78285],[-13.47189,12.78291],[-13.47178,12.78299],[-13.47045,12.78369],[-13.4695,12.78432],[-13.46856,12.78514],[-13.46836,12.78559],[-13.46852,12.78711],[-13.46847,12.78803],[-13.46826,12.78938],[-13.46782,12.79072],[-13.46775,12.79095],[-13.46765,12.79136],[-13.46758,12.79162],[-13.46733,12.79221],[-13.46719,12.7924],[-13.467,12.7926],[-13.46691,12.79269],[-13.4668,12.79278],[-13.46625,12.79325],[-13.46521,12.79426],[-13.46492,12.7947],[-13.46438,12.7961],[-13.46291,12.79882],[-13.46253,12.79995],[-13.46246,12.80124],[-13.46278,12.80247],[-13.46332,12.80335],[-13.4643,12.80361],[-13.46677,12.80327],[-13.46866,12.80313],[-13.4689,12.80313],[-13.46912,12.80312],[-13.46934,12.80313],[-13.47017,12.80319],[-13.47114,12.80338],[-13.47232,12.80376],[-13.47288,12.80408],[-13.47324,12.8044],[-13.47333,12.80449],[-13.47343,12.80456],[-13.47419,12.80487],[-13.47445,12.80487],[-13.47457,12.80484],[-13.47463,12.80482],[-13.47468,12.8048],[-13.47557,12.80444],[-13.47652,12.80442],[-13.47748,12.80486],[-13.47812,12.80586],[-13.47825,12.80663],[-13.47837,12.81016],[-13.47828,12.81195],[-13.47813,12.81355],[-13.47849,12.81516],[-13.47927,12.81686],[-13.48013,12.81965],[-13.481,12.82156],[-13.48155,12.82334],[-13.48166,12.82429],[-13.48154,12.82551],[-13.48112,12.82628],[-13.48014,12.82683],[-13.47924,12.82709],[-13.47779,12.82731],[-13.47653,12.82771],[-13.47479,12.82863],[-13.47203,12.83096],[-13.47134,12.83128],[-13.47062,12.83152],[-13.47025,12.83165],[-13.47009,12.83172],[-13.46876,12.83254],[-13.46815,12.83332],[-13.46805,12.83447],[-13.46829,12.83625],[-13.4682,12.83819],[-13.46858,12.84033],[-13.46883,12.84249],[-13.46942,12.84424],[-13.46994,12.84482],[-13.47063,12.84521],[-13.47156,12.84551],[-13.47391,12.84564],[-13.47522,12.84556],[-13.47577,12.84558],[-13.47587,12.84559],[-13.47598,12.8456],[-13.47608,12.84562],[-13.47693,12.84588],[-13.47888,12.84685],[-13.48038,12.84805],[-13.48067,12.8485],[-13.48077,12.84927],[-13.48069,12.85011],[-13.48038,12.85143],[-13.47999,12.8523],[-13.47951,12.85298],[-13.47859,12.85349],[-13.47667,12.8539],[-13.47391,12.85403],[-13.47278,12.85392],[-13.4713,12.85355],[-13.46957,12.85287],[-13.46784,12.85231],[-13.46725,12.85222],[-13.46545,12.85235],[-13.46489,12.85225],[-13.46347,12.85157],[-13.46246,12.85096],[-13.46203,12.85072],[-13.46168,12.85054],[-13.46137,12.85037],[-13.46088,12.85003],[-13.45997,12.84884],[-13.45945,12.8476],[-13.45892,12.84693],[-13.45801,12.84642],[-13.4571,12.84627],[-13.45572,12.84643],[-13.45493,12.84677],[-13.45397,12.84754],[-13.45327,12.84835],[-13.45254,12.8496],[-13.45232,12.8508],[-13.45256,12.852],[-13.45274,12.8535],[-13.4531,12.85531],[-13.45334,12.85599],[-13.4538,12.85665],[-13.45514,12.85771],[-13.45709,12.85856],[-13.45855,12.85901],[-13.45958,12.85956],[-13.46024,12.86034],[-13.46103,12.86158],[-13.46291,12.86379],[-13.46441,12.86526],[-13.46617,12.86667],[-13.4673,12.86767],[-13.46869,12.86865],[-13.47025,12.86938],[-13.47196,12.87037],[-13.47218,12.87051],[-13.47238,12.87065],[-13.47258,12.87079],[-13.47331,12.87135],[-13.475,12.87298],[-13.47536,12.8737],[-13.4755,12.87488],[-13.47541,12.87631],[-13.47485,12.87787],[-13.47381,12.87884],[-13.47308,12.87893],[-13.47293,12.87892],[-13.4728,12.8789],[-13.47246,12.87884],[-13.47188,12.87876],[-13.46991,12.87829],[-13.46869,12.87794],[-13.46761,12.87793],[-13.46632,12.87813],[-13.46515,12.87814],[-13.46443,12.87895],[-13.46479,12.87932],[-13.46594,12.87974],[-13.46835,12.88128],[-13.46892,12.88209],[-13.46905,12.88257],[-13.46905,12.88355],[-13.46841,12.88479],[-13.46731,12.8862],[-13.46672,12.88685],[-13.46623,12.88764],[-13.46589,12.88904],[-13.4656,12.8906],[-13.46498,12.89236],[-13.46469,12.89355],[-13.46426,12.89461],[-13.46448,12.89579],[-13.46542,12.89636],[-13.46607,12.89659],[-13.46667,12.89673],[-13.46702,12.89678],[-13.4672,12.8968],[-13.4674,12.89682],[-13.46878,12.89693],[-13.47057,12.8969],[-13.47389,12.89706],[-13.47496,12.89693],[-13.47615,12.89653],[-13.47716,12.89599],[-13.47812,12.89576],[-13.47904,12.89578],[-13.48056,12.89632],[-13.48185,12.89727],[-13.48339,12.89824],[-13.48519,12.8997],[-13.48729,12.90129],[-13.48841,12.90247],[-13.49038,12.90407],[-13.49143,12.90565],[-13.49154,12.9058],[-13.49167,12.906],[-13.49201,12.9065],[-13.49242,12.90703],[-13.49364,12.90794],[-13.49482,12.90827],[-13.49794,12.90845],[-13.49922,12.90864],[-13.4996,12.90872],[-13.50021,12.90884],[-13.50119,12.90907],[-13.50262,12.90963],[-13.50312,12.91007],[-13.50327,12.91109],[-13.50285,12.91287],[-13.50274,12.9163],[-13.5029,12.9182],[-13.50339,12.92083],[-13.50377,12.92182],[-13.50454,12.92308],[-13.50587,12.92466],[-13.50705,12.92586],[-13.50838,12.92704],[-13.50883,12.92793],[-13.5092,12.92911],[-13.50943,12.93016],[-13.50962,12.93197],[-13.50954,12.93275],[-13.50918,12.93349],[-13.50863,12.93403],[-13.50809,12.93421],[-13.50726,12.93422],[-13.50678,12.93401],[-13.50479,12.93283],[-13.50401,12.93212],[-13.50319,12.93187],[-13.50142,12.93203],[-13.50089,12.9325],[-13.50052,12.93333],[-13.50021,12.93492],[-13.49967,12.93596],[-13.49942,12.93628],[-13.49913,12.93667],[-13.49884,12.93706],[-13.49785,12.93875],[-13.49716,12.93977],[-13.49655,12.94042],[-13.49536,12.94136],[-13.49496,12.9422],[-13.49499,12.94308],[-13.49527,12.94351],[-13.49645,12.94483],[-13.49725,12.94618],[-13.49778,12.94774],[-13.49843,12.9484],[-13.4991,12.94865],[-13.50048,12.94871],[-13.50093,12.94861],[-13.501,12.94856],[-13.50101,12.94855],[-13.50103,12.94853],[-13.50105,12.94849],[-13.50106,12.94836],[-13.50096,12.9481],[-13.50005,12.94679],[-13.49922,12.94508],[-13.49932,12.94421],[-13.50015,12.9434],[-13.50077,12.94334],[-13.50142,12.9435],[-13.50204,12.94393],[-13.50266,12.94412],[-13.50375,12.94411],[-13.50565,12.94353],[-13.50709,12.9432],[-13.50808,12.94307],[-13.50904,12.94315],[-13.51134,12.94399],[-13.51246,12.94455],[-13.51311,12.94503],[-13.5137,12.94572],[-13.51449,12.9469],[-13.51652,12.9502],[-13.5172,12.95137],[-13.51783,12.95275],[-13.51813,12.954],[-13.5183,12.95579],[-13.51816,12.95664],[-13.51782,12.95731],[-13.51726,12.95753],[-13.51473,12.95781],[-13.51395,12.95801],[-13.51295,12.95882],[-13.51234,12.95966],[-13.51159,12.96165],[-13.51125,12.96321],[-13.51096,12.96397],[-13.51021,12.96479],[-13.5093,12.96529],[-13.50812,12.96551],[-13.50719,12.96552],[-13.50319,12.96527],[-13.5017,12.96529],[-13.50103,12.96543],[-13.50022,12.96612],[-13.49955,12.96646],[-13.49924,12.96655],[-13.4988,12.96668],[-13.49829,12.96686],[-13.4973,12.96758],[-13.49708,12.96808],[-13.49656,12.97053],[-13.49631,12.97143],[-13.49623,12.97253],[-13.49658,12.97289],[-13.49723,12.97314],[-13.49788,12.97309],[-13.49793,12.9722],[-13.4982,12.97123],[-13.49852,12.97065],[-13.49882,12.97032],[-13.4989,12.97024],[-13.49899,12.97016],[-13.49909,12.97008],[-13.49929,12.96993],[-13.50008,12.96946],[-13.50101,12.96914],[-13.50209,12.96898],[-13.50419,12.96911],[-13.50543,12.96948],[-13.50629,12.97007],[-13.50749,12.97149],[-13.50794,12.97241],[-13.5082,12.97337],[-13.50824,12.97429],[-13.50809,12.97604],[-13.50773,12.97817],[-13.50709,12.97909],[-13.50716,12.97946],[-13.50827,12.98076],[-13.51089,12.98284],[-13.51275,12.9846],[-13.51436,12.98644],[-13.51479,12.98719],[-13.51551,12.98934],[-13.51514,12.99028],[-13.51453,12.99087],[-13.51385,12.9914],[-13.51366,12.99153],[-13.51355,12.99159],[-13.51342,12.99166],[-13.51194,12.99239],[-13.51083,12.9937],[-13.51007,12.99439],[-13.50908,12.99498],[-13.50761,12.99528],[-13.5062,12.99524],[-13.50513,12.99582],[-13.50495,12.99635],[-13.50489,12.99735],[-13.50431,12.99916],[-13.50417,13.00155],[-13.50389,13.00272],[-13.50354,13.0033],[-13.50239,13.00482],[-13.50365,13.00525],[-13.50433,13.00565],[-13.50481,13.00628],[-13.5051,13.00706],[-13.50518,13.00839],[-13.50543,13.00878],[-13.50686,13.00944],[-13.50806,13.00947],[-13.50897,13.00965],[-13.50947,13.01011],[-13.50975,13.01093],[-13.50987,13.01195],[-13.5101,13.01244],[-13.51073,13.01313],[-13.51151,13.01367],[-13.51219,13.01388],[-13.51277,13.01375],[-13.51397,13.01259],[-13.51528,13.01168],[-13.5163,13.01119],[-13.51718,13.01051],[-13.51756,13.01003],[-13.51845,13.00771],[-13.51943,13.00634],[-13.51972,13.00614],[-13.52003,13.00597],[-13.5203,13.00586],[-13.52088,13.00575],[-13.52251,13.00583],[-13.52295,13.00562],[-13.52407,13.00419],[-13.52504,13.00332],[-13.52583,13.00351],[-13.52655,13.00448],[-13.52661,13.00523],[-13.52638,13.00597],[-13.52611,13.00654],[-13.52608,13.00677],[-13.52622,13.00727],[-13.52712,13.00792],[-13.52768,13.00785],[-13.52846,13.00711],[-13.52878,13.00639],[-13.52892,13.00621],[-13.529,13.00612],[-13.52918,13.00603],[-13.52981,13.00597],[-13.53061,13.00617],[-13.53101,13.00648],[-13.53119,13.00688],[-13.53138,13.00817],[-13.53143,13.00971],[-13.53158,13.0107],[-13.53146,13.01138],[-13.53084,13.01261],[-13.53031,13.01327],[-13.52945,13.01397],[-13.52889,13.01426],[-13.52791,13.01501],[-13.52741,13.01608],[-13.52754,13.01695],[-13.52871,13.01828],[-13.5287,13.01887],[-13.52813,13.01956],[-13.52739,13.02015],[-13.52668,13.02039],[-13.52588,13.02044],[-13.52528,13.02036],[-13.52379,13.02022],[-13.52313,13.02002],[-13.52267,13.0201],[-13.52247,13.02091],[-13.52274,13.02151],[-13.52351,13.02199],[-13.52402,13.02212],[-13.52443,13.02218],[-13.52642,13.02212],[-13.52733,13.02255],[-13.52758,13.02311],[-13.52729,13.0241],[-13.52614,13.02471],[-13.52507,13.02482],[-13.52339,13.02433],[-13.52321,13.02428],[-13.523,13.02425],[-13.52247,13.02429],[-13.5208,13.02482],[-13.51937,13.0256],[-13.5182,13.02608],[-13.51704,13.02632],[-13.51652,13.02672],[-13.51602,13.02768],[-13.51592,13.02879],[-13.51623,13.02973],[-13.51727,13.03101],[-13.51773,13.0321],[-13.51773,13.03286],[-13.5175,13.03396],[-13.51695,13.0355],[-13.51696,13.03639],[-13.51667,13.03781],[-13.51676,13.03818],[-13.51753,13.03869],[-13.51786,13.03873],[-13.51802,13.0387],[-13.5182,13.03863],[-13.51873,13.03838],[-13.51953,13.03767],[-13.51986,13.03707],[-13.52068,13.03636],[-13.52127,13.03634],[-13.5228,13.03692],[-13.52424,13.03721],[-13.52514,13.03716],[-13.52581,13.0369],[-13.52654,13.0363],[-13.52712,13.03548],[-13.52744,13.03439],[-13.5282,13.03377],[-13.52872,13.03395],[-13.5295,13.03521],[-13.52963,13.0362],[-13.5293,13.0376],[-13.52855,13.03882],[-13.52865,13.03952],[-13.52901,13.0398],[-13.52962,13.03977],[-13.52992,13.03944],[-13.53044,13.03769],[-13.53092,13.03682],[-13.53194,13.0355],[-13.53239,13.03515],[-13.53337,13.03504],[-13.53397,13.03544],[-13.53425,13.03597],[-13.53426,13.03669],[-13.53374,13.03806],[-13.53417,13.03886],[-13.53499,13.03908],[-13.53557,13.03903],[-13.53691,13.03851],[-13.53753,13.03858],[-13.53882,13.03989],[-13.54017,13.04069],[-13.54135,13.04118],[-13.54272,13.04158],[-13.54353,13.04237],[-13.54455,13.04291],[-13.54491,13.04396],[-13.54558,13.04489],[-13.54591,13.04576],[-13.54597,13.0466],[-13.5457,13.04733],[-13.54246,13.04812],[-13.54221,13.04817],[-13.54198,13.04821],[-13.54154,13.04829],[-13.54105,13.04835],[-13.5399,13.04826],[-13.53935,13.04837],[-13.53897,13.04899],[-13.53978,13.05055],[-13.54103,13.05125],[-13.54159,13.0519],[-13.5417,13.0533],[-13.54188,13.05375],[-13.54234,13.0541],[-13.54372,13.05456],[-13.54412,13.05497],[-13.5443,13.05622],[-13.54499,13.05699],[-13.54557,13.05728],[-13.54645,13.05738],[-13.54724,13.05673],[-13.54797,13.05546],[-13.54906,13.05484],[-13.54988,13.05417],[-13.55037,13.05319],[-13.55114,13.05242],[-13.55185,13.05211],[-13.55217,13.05203],[-13.55318,13.05224],[-13.55364,13.05259],[-13.55407,13.0529],[-13.55427,13.05307],[-13.55441,13.05326],[-13.55543,13.05339],[-13.55555,13.05387],[-13.55542,13.05472],[-13.5554,13.05484],[-13.55539,13.05494],[-13.55532,13.05557],[-13.5552,13.05611],[-13.55456,13.05713],[-13.55475,13.05748],[-13.55508,13.05779],[-13.55526,13.05795],[-13.55551,13.05817],[-13.55578,13.05844],[-13.55609,13.05909],[-13.55618,13.06054],[-13.55585,13.06092],[-13.55542,13.06117],[-13.5551,13.06134],[-13.55501,13.06138],[-13.55377,13.06163],[-13.55281,13.06194],[-13.5523,13.0625],[-13.55156,13.06472],[-13.55051,13.0663],[-13.55021,13.06716],[-13.54958,13.06797],[-13.54913,13.06829],[-13.54779,13.06844],[-13.547,13.06879],[-13.547,13.06931],[-13.5479,13.07013],[-13.54814,13.07088],[-13.54883,13.07207],[-13.5511,13.0715],[-13.55223,13.07169],[-13.55266,13.0721],[-13.55278,13.07311],[-13.55371,13.07398],[-13.5541,13.07463],[-13.55457,13.0762],[-13.5551,13.07668],[-13.55594,13.07671],[-13.55684,13.07628],[-13.55865,13.07499],[-13.55911,13.07476],[-13.55995,13.07465],[-13.56106,13.07486],[-13.56136,13.07446],[-13.56102,13.07391],[-13.56037,13.0737],[-13.56025,13.0736],[-13.56013,13.07349],[-13.5599,13.07316],[-13.55961,13.07207],[-13.55955,13.07133],[-13.5598,13.07009],[-13.56008,13.0697],[-13.56106,13.06914],[-13.56169,13.06845],[-13.56183,13.06787],[-13.56173,13.06681],[-13.5611,13.06657],[-13.56057,13.06685],[-13.55994,13.0677],[-13.55955,13.06793],[-13.55841,13.0681],[-13.55806,13.06801],[-13.55777,13.06739],[-13.55788,13.06688],[-13.5591,13.06565],[-13.55946,13.06473],[-13.55993,13.06438],[-13.56129,13.06468],[-13.56168,13.06509],[-13.56181,13.06558],[-13.56222,13.06589],[-13.56409,13.06605],[-13.56559,13.06694],[-13.56658,13.06723],[-13.56727,13.067],[-13.56735,13.06473],[-13.56707,13.06375],[-13.56747,13.06332],[-13.5682,13.06333],[-13.56887,13.06373],[-13.56985,13.06505],[-13.5705,13.06618],[-13.57115,13.0662],[-13.57169,13.06515],[-13.57251,13.06482],[-13.57362,13.06499],[-13.57431,13.06628],[-13.5755,13.0676],[-13.5763,13.06875],[-13.57674,13.06968],[-13.5769,13.0713],[-13.57675,13.07199],[-13.57632,13.07304],[-13.57637,13.07384],[-13.57689,13.07613],[-13.57698,13.0777],[-13.57679,13.07907],[-13.57658,13.07969],[-13.57603,13.08048],[-13.57491,13.08138],[-13.57412,13.08162],[-13.5734,13.08139],[-13.57263,13.08145],[-13.57212,13.08181],[-13.57237,13.0837],[-13.57202,13.08462],[-13.57106,13.08544],[-13.57024,13.08638],[-13.57,13.08742],[-13.57184,13.0873],[-13.5725,13.08749],[-13.57296,13.08805],[-13.57295,13.08913],[-13.5728,13.08947],[-13.57271,13.08963],[-13.57238,13.09012],[-13.57231,13.09101],[-13.57278,13.09193],[-13.57257,13.09267],[-13.57157,13.09303],[-13.57095,13.09294],[-13.56975,13.09199],[-13.56893,13.09122],[-13.56832,13.09062],[-13.56778,13.09028],[-13.56716,13.09031],[-13.56682,13.09064],[-13.56652,13.09116],[-13.56625,13.09149],[-13.56596,13.09207],[-13.56605,13.09298],[-13.56679,13.09338],[-13.56774,13.0931],[-13.56871,13.09323],[-13.56923,13.09349],[-13.57037,13.09431],[-13.57105,13.09468],[-13.5718,13.09489],[-13.57263,13.09495],[-13.57358,13.09452],[-13.5745,13.09339],[-13.57559,13.09162],[-13.57614,13.09038],[-13.57693,13.08949],[-13.5773,13.08927],[-13.57922,13.08898],[-13.57936,13.0881],[-13.57866,13.08718],[-13.57855,13.08681],[-13.57856,13.08659],[-13.57863,13.08635],[-13.57884,13.08592],[-13.57966,13.08514],[-13.58034,13.08487],[-13.58094,13.08486],[-13.58155,13.08512],[-13.58186,13.08639],[-13.58186,13.08742],[-13.58176,13.08792],[-13.5817,13.08802],[-13.58163,13.08811],[-13.58093,13.08849],[-13.5808,13.08926],[-13.58171,13.09049],[-13.58181,13.09072],[-13.58201,13.09121],[-13.58221,13.09219],[-13.58182,13.0931],[-13.58162,13.0932],[-13.5811,13.09335],[-13.57985,13.09341],[-13.57933,13.09385],[-13.57917,13.09474],[-13.5797,13.09628],[-13.58027,13.09729],[-13.58156,13.09889],[-13.58177,13.09906],[-13.58199,13.09923],[-13.58224,13.09937],[-13.58375,13.0999],[-13.58419,13.1004],[-13.58423,13.101],[-13.5839,13.10155],[-13.58296,13.10213],[-13.58197,13.10285],[-13.58136,13.10339],[-13.58079,13.10411],[-13.58069,13.1045],[-13.58089,13.1051],[-13.58155,13.10578],[-13.58171,13.1062],[-13.58184,13.10746],[-13.58225,13.10858],[-13.58282,13.10899],[-13.58307,13.109],[-13.58325,13.10897],[-13.58404,13.10852],[-13.58468,13.10834],[-13.58564,13.10845],[-13.58714,13.10929],[-13.58769,13.10937],[-13.5879,13.10907],[-13.58759,13.1085],[-13.58689,13.10628],[-13.58702,13.10539],[-13.58759,13.10502],[-13.58834,13.10534],[-13.58932,13.1065],[-13.59053,13.10744],[-13.59138,13.10844],[-13.59124,13.10921],[-13.59079,13.10997],[-13.59115,13.11185],[-13.59195,13.11224],[-13.59246,13.11204],[-13.59347,13.11123],[-13.59443,13.11086],[-13.5952,13.11139],[-13.59558,13.11332],[-13.59559,13.11352],[-13.59558,13.11381],[-13.59565,13.11408],[-13.5962,13.11476],[-13.59699,13.11485],[-13.59769,13.11453],[-13.59844,13.1148],[-13.59829,13.11543],[-13.59801,13.11578],[-13.59787,13.11591],[-13.5977,13.11605],[-13.59723,13.11635],[-13.5963,13.11666],[-13.59602,13.11693],[-13.59597,13.11794],[-13.59609,13.11809],[-13.59643,13.11834],[-13.59694,13.1188],[-13.59743,13.11909],[-13.59771,13.11973],[-13.59771,13.12042],[-13.59748,13.12084],[-13.59704,13.12104],[-13.59624,13.12091],[-13.59569,13.12064],[-13.59542,13.12046],[-13.5952,13.12039],[-13.59471,13.12062],[-13.59439,13.12156],[-13.59451,13.1221],[-13.59464,13.12234],[-13.5948,13.12261],[-13.59493,13.12277],[-13.59541,13.12309],[-13.59709,13.12341],[-13.59751,13.12366],[-13.59776,13.12428],[-13.59704,13.12599],[-13.59692,13.12702],[-13.59643,13.12779],[-13.59593,13.12796],[-13.5951,13.12772],[-13.59402,13.12672],[-13.5929,13.1263],[-13.59265,13.12634],[-13.59245,13.12641],[-13.59228,13.12651],[-13.59124,13.12822],[-13.59125,13.12876],[-13.59209,13.12951],[-13.59295,13.12991],[-13.59447,13.13037],[-13.59527,13.13045],[-13.59685,13.13005],[-13.59768,13.13016],[-13.59866,13.13069],[-13.59996,13.13223],[-13.60118,13.13295],[-13.60192,13.13243],[-13.60234,13.13137],[-13.60244,13.13118],[-13.60256,13.13102],[-13.60326,13.1306],[-13.60434,13.13096],[-13.60499,13.1317],[-13.60515,13.13186],[-13.60542,13.13209],[-13.60608,13.13233],[-13.60683,13.13229],[-13.60724,13.13213],[-13.60766,13.13215],[-13.60788,13.13225],[-13.60808,13.13243],[-13.60826,13.13331],[-13.60871,13.13413],[-13.60967,13.13474],[-13.61028,13.13474],[-13.61077,13.13448],[-13.61121,13.13389],[-13.61137,13.13322],[-13.61153,13.13277],[-13.61162,13.13259],[-13.61195,13.13224],[-13.61264,13.13215],[-13.61357,13.1328],[-13.61477,13.13341],[-13.61519,13.13391],[-13.61528,13.13428],[-13.61514,13.13538],[-13.6148,13.13599],[-13.61508,13.1375],[-13.61504,13.13801],[-13.61452,13.14001],[-13.61401,13.14115],[-13.61364,13.14134],[-13.61255,13.14137],[-13.61064,13.14211],[-13.60979,13.14218],[-13.60905,13.14242],[-13.60836,13.14261],[-13.60762,13.14288],[-13.606,13.14292],[-13.60543,13.14356],[-13.60579,13.14513],[-13.60585,13.14593],[-13.60596,13.14615],[-13.60612,13.14636],[-13.60655,13.14669],[-13.60714,13.14684],[-13.60857,13.14678],[-13.60987,13.14682],[-13.61065,13.1459],[-13.61114,13.14558],[-13.6119,13.14558],[-13.61243,13.14604],[-13.61299,13.1472],[-13.61288,13.14827],[-13.61254,13.14909],[-13.61138,13.15044],[-13.61094,13.15188],[-13.6108,13.15355],[-13.6106,13.15469],[-13.60992,13.15558],[-13.60953,13.15564],[-13.60878,13.1553],[-13.60854,13.15481],[-13.60819,13.15311],[-13.6072,13.15184],[-13.60615,13.15084],[-13.60517,13.15098],[-13.60447,13.15068],[-13.60403,13.15013],[-13.60326,13.15026],[-13.60293,13.15063],[-13.6025,13.15203],[-13.60186,13.15262],[-13.60144,13.1529],[-13.60097,13.15315],[-13.60034,13.15402],[-13.60083,13.15659],[-13.60101,13.15699],[-13.60171,13.15755],[-13.60325,13.15849],[-13.60412,13.15918],[-13.60445,13.15924],[-13.60454,13.15919],[-13.60463,13.1591],[-13.6049,13.15806],[-13.60561,13.15686],[-13.60678,13.15661],[-13.60826,13.157],[-13.60938,13.15744],[-13.60974,13.15804],[-13.60973,13.15851],[-13.60932,13.15985],[-13.60891,13.16067],[-13.60885,13.16136],[-13.60926,13.1624],[-13.61044,13.16336],[-13.61063,13.16526],[-13.60997,13.16593],[-13.6097,13.16601],[-13.60943,13.16604],[-13.60884,13.16596],[-13.60801,13.16551],[-13.60715,13.16471],[-13.60688,13.16373],[-13.60607,13.16309],[-13.60551,13.16308],[-13.60476,13.16364],[-13.60457,13.16428],[-13.60456,13.16556],[-13.60414,13.16634],[-13.6042,13.1672],[-13.60573,13.16773],[-13.60615,13.16739],[-13.60699,13.16739],[-13.60753,13.1681],[-13.60783,13.16909],[-13.60778,13.1695],[-13.60733,13.17021],[-13.60782,13.17065],[-13.60826,13.17033],[-13.60914,13.16906],[-13.60956,13.16895],[-13.61085,13.16917],[-13.6122,13.16901],[-13.6125,13.16907],[-13.61329,13.16932],[-13.61417,13.16997],[-13.61446,13.17059],[-13.61453,13.17153],[-13.61526,13.17236],[-13.61599,13.17367],[-13.61565,13.17437],[-13.61551,13.17449],[-13.61523,13.17467],[-13.61466,13.17487],[-13.6141,13.17561],[-13.61325,13.17762],[-13.61273,13.17803],[-13.61087,13.1784],[-13.61035,13.1786],[-13.61057,13.17918],[-13.61193,13.1797],[-13.61211,13.17972],[-13.61241,13.17971],[-13.61254,13.17967],[-13.61323,13.17938],[-13.61394,13.17986],[-13.61379,13.1809],[-13.61351,13.18136],[-13.6122,13.18207],[-13.6119,13.18337],[-13.61118,13.18387],[-13.6108,13.18382],[-13.61038,13.18365],[-13.61018,13.1836],[-13.60994,13.18356],[-13.60918,13.18348],[-13.60775,13.18306],[-13.60652,13.18345],[-13.60615,13.18369],[-13.60548,13.18471],[-13.60535,13.18516],[-13.60556,13.18678],[-13.60546,13.18736],[-13.60493,13.18832],[-13.60386,13.18928],[-13.60342,13.1899],[-13.6034,13.19035],[-13.60384,13.1908],[-13.60456,13.19098],[-13.60568,13.19083],[-13.60599,13.19086],[-13.60608,13.19088],[-13.60637,13.1915],[-13.60627,13.1924],[-13.60587,13.1928],[-13.60537,13.19384],[-13.60469,13.1949],[-13.60434,13.19643],[-13.60394,13.19692],[-13.60262,13.19683],[-13.60235,13.19714],[-13.60241,13.19742],[-13.60316,13.19792],[-13.60351,13.19863],[-13.6036,13.19935],[-13.60437,13.19996],[-13.60581,13.20024],[-13.60653,13.2002],[-13.60788,13.20039],[-13.60862,13.20044],[-13.60886,13.20042],[-13.6091,13.20039],[-13.61118,13.19988],[-13.61199,13.19986],[-13.61261,13.20003],[-13.61333,13.20083],[-13.61336,13.20148],[-13.61289,13.20263],[-13.61202,13.20364],[-13.61135,13.20482],[-13.61086,13.20515],[-13.61014,13.2051],[-13.60966,13.2046],[-13.60941,13.20424],[-13.60925,13.20412],[-13.60857,13.20417],[-13.60831,13.20476],[-13.60815,13.20518],[-13.60788,13.20596],[-13.60735,13.20673],[-13.60701,13.20686],[-13.60629,13.20666],[-13.60615,13.2065],[-13.60609,13.2064],[-13.60598,13.20608],[-13.60572,13.20576],[-13.60514,13.20557],[-13.60452,13.2059],[-13.60459,13.20666],[-13.60427,13.20709],[-13.60325,13.20702],[-13.60222,13.2072],[-13.60123,13.20693],[-13.60073,13.20645],[-13.60032,13.20545],[-13.60029,13.20391],[-13.60018,13.20334],[-13.59974,13.20241],[-13.59968,13.20165],[-13.59991,13.20102],[-13.59933,13.20081],[-13.59897,13.20163],[-13.59788,13.20332],[-13.59783,13.2044],[-13.59838,13.20571],[-13.59864,13.20702],[-13.59859,13.20755],[-13.59815,13.20892],[-13.59826,13.20929],[-13.59957,13.21056],[-13.59966,13.21073],[-13.59972,13.21109],[-13.59943,13.21185],[-13.59903,13.21205],[-13.59818,13.21191],[-13.59548,13.21324],[-13.59572,13.21386],[-13.59583,13.21396],[-13.59595,13.21404],[-13.5963,13.21417],[-13.59664,13.21418],[-13.59787,13.21392],[-13.59866,13.21406],[-13.59901,13.21439],[-13.59928,13.21503],[-13.59998,13.2158],[-13.60056,13.21699],[-13.60093,13.21805],[-13.60085,13.21861],[-13.60041,13.21912],[-13.59934,13.21954],[-13.59923,13.21987],[-13.59953,13.22068],[-13.60023,13.22112],[-13.6008,13.22101],[-13.60179,13.22036],[-13.60229,13.22038],[-13.60393,13.2212],[-13.60455,13.22173],[-13.60469,13.22217],[-13.60459,13.22352],[-13.60544,13.22343],[-13.60675,13.22189],[-13.60785,13.22154],[-13.60889,13.22169],[-13.60924,13.22226],[-13.60912,13.22426],[-13.60928,13.22483],[-13.6099,13.22568],[-13.61006,13.22631],[-13.60963,13.22743],[-13.60828,13.23005],[-13.60775,13.23075],[-13.60738,13.23097],[-13.60654,13.23093],[-13.60577,13.23042],[-13.60531,13.22972],[-13.60383,13.22889],[-13.60305,13.22834],[-13.60278,13.22879],[-13.60304,13.2293],[-13.60452,13.23044],[-13.6049,13.23101],[-13.60527,13.23196],[-13.60479,13.23326],[-13.60479,13.23382],[-13.60531,13.23456],[-13.60757,13.23585],[-13.60768,13.23629],[-13.60719,13.23751],[-13.60637,13.23869],[-13.60652,13.23939],[-13.60739,13.23973],[-13.60801,13.23967],[-13.60843,13.23946],[-13.60879,13.23918],[-13.60912,13.23879],[-13.60981,13.23858],[-13.61062,13.23901],[-13.61093,13.23951],[-13.61106,13.24002],[-13.61111,13.24043],[-13.61134,13.24087],[-13.61231,13.24207],[-13.61235,13.24267],[-13.61195,13.24354],[-13.61148,13.24416],[-13.61122,13.24485],[-13.61173,13.24522],[-13.6129,13.24538],[-13.61354,13.2457],[-13.61431,13.24666],[-13.61473,13.24782],[-13.61518,13.24786],[-13.61578,13.24748],[-13.61651,13.24669],[-13.61746,13.24538],[-13.61899,13.2439],[-13.6201,13.24315],[-13.62088,13.24284],[-13.62309,13.24239],[-13.62507,13.24209],[-13.62662,13.24189],[-13.62892,13.2417],[-13.63235,13.24165],[-13.63558,13.24199],[-13.63674,13.2424],[-13.63888,13.24364],[-13.64033,13.24434],[-13.64139,13.24494],[-13.64222,13.24569],[-13.64283,13.24677],[-13.64311,13.2482],[-13.64354,13.24901],[-13.64366,13.25017],[-13.64434,13.25148],[-13.64464,13.25253],[-13.64454,13.25344],[-13.64416,13.2543],[-13.64358,13.25504],[-13.64341,13.25597],[-13.64278,13.25689],[-13.64283,13.2587],[-13.64251,13.25993],[-13.64207,13.26114],[-13.64058,13.26391],[-13.63868,13.26697],[-13.63814,13.26801],[-13.63783,13.26866],[-13.63721,13.27026],[-13.63691,13.27162],[-13.63697,13.2723],[-13.63745,13.2732],[-13.63804,13.2737],[-13.64012,13.27498],[-13.64197,13.27656],[-13.64349,13.27771],[-13.64488,13.27886],[-13.64728,13.28059],[-13.64833,13.2811],[-13.64907,13.28132],[-13.65104,13.28159],[-13.65198,13.28153],[-13.65291,13.2813],[-13.65435,13.28073],[-13.65578,13.2804],[-13.65733,13.28017],[-13.65882,13.28006],[-13.66052,13.27982],[-13.66259,13.27932],[-13.6642,13.27879],[-13.66634,13.27797],[-13.66827,13.27739],[-13.67199,13.27665],[-13.67478,13.27626],[-13.67573,13.27627],[-13.67698,13.27667],[-13.67823,13.27749],[-13.67882,13.27804],[-13.68009,13.27992],[-13.68464,13.28621],[-13.68615,13.28852],[-13.68668,13.28954],[-13.68748,13.29154],[-13.68773,13.29272],[-13.68788,13.29467],[-13.68747,13.29592],[-13.68507,13.29968],[-13.68426,13.30088],[-13.68328,13.30158],[-13.68104,13.30228],[-13.67977,13.303],[-13.67895,13.30357],[-13.6779,13.30443],[-13.67675,13.30566],[-13.6757,13.30711],[-13.67505,13.30824],[-13.67479,13.30895],[-13.67435,13.31092],[-13.67379,13.31254],[-13.67251,13.31547],[-13.67166,13.31731],[-13.6699,13.32091],[-13.66662,13.32726],[-13.66515,13.33037],[-13.6625,13.33631],[-13.66146,13.33876],[-13.6614,13.33971],[-13.66163,13.34067],[-13.66228,13.34173],[-13.66335,13.34234],[-13.66427,13.34245],[-13.66573,13.34221],[-13.66836,13.34139],[-13.66984,13.34109],[-13.67229,13.34078],[-13.67419,13.34034],[-13.67607,13.33972],[-13.67848,13.33863],[-13.68312,13.33668],[-13.68907,13.33416],[-13.69139,13.33315],[-13.69402,13.33237],[-13.69672,13.3321],[-13.69761,13.33218],[-13.69884,13.33248],[-13.69955,13.33292],[-13.70004,13.33346],[-13.70066,13.3347],[-13.70119,13.33652],[-13.70195,13.33811],[-13.70228,13.33939],[-13.70223,13.34043],[-13.70197,13.34136],[-13.70158,13.34214],[-13.70091,13.34307],[-13.69965,13.34426],[-13.69865,13.34535],[-13.69708,13.34725],[-13.69479,13.3496],[-13.69261,13.35158],[-13.69048,13.35342],[-13.68909,13.35488],[-13.68848,13.3557],[-13.68805,13.35663],[-13.68771,13.35771],[-13.6868,13.35978],[-13.6859,13.3615],[-13.68504,13.36286],[-13.68392,13.3642],[-13.68215,13.36582],[-13.68052,13.36684],[-13.67894,13.36744],[-13.67586,13.36847],[-13.67438,13.36928],[-13.6735,13.37003],[-13.67303,13.37061],[-13.67174,13.3727],[-13.67105,13.37417],[-13.67073,13.37519],[-13.67056,13.37654],[-13.67072,13.3777],[-13.67126,13.37958],[-13.67194,13.38081],[-13.67282,13.38191],[-13.67378,13.38271],[-13.67454,13.38311],[-13.67595,13.38328],[-13.67879,13.38278],[-13.6807,13.3826],[-13.6826,13.38249],[-13.6862,13.38238],[-13.68768,13.3823],[-13.69273,13.38186],[-13.69787,13.38128],[-13.69934,13.38098],[-13.70161,13.3803],[-13.70378,13.37983],[-13.70712,13.37928],[-13.70968,13.37862],[-13.71183,13.37797],[-13.71267,13.37771],[-13.71536,13.37681],[-13.71852,13.37598],[-13.72074,13.37552],[-13.72449,13.37484],[-13.73078,13.37334],[-13.73384,13.37269],[-13.73615,13.37228],[-13.73941,13.3716],[-13.74106,13.37121],[-13.74222,13.37105],[-13.7438,13.37101],[-13.74543,13.37116],[-13.74845,13.37127],[-13.74987,13.3714],[-13.75405,13.37201],[-13.75589,13.37203],[-13.75737,13.37232],[-13.75937,13.37236],[-13.76153,13.37194],[-13.76375,13.37163],[-13.76496,13.37153],[-13.76715,13.37164],[-13.76929,13.37237],[-13.77102,13.37325],[-13.77168,13.37386],[-13.77231,13.37481],[-13.77279,13.37625],[-13.7727,13.3779],[-13.77149,13.37925],[-13.77009,13.37988],[-13.76881,13.38069],[-13.76759,13.38134],[-13.76672,13.38181],[-13.76641,13.38198],[-13.76626,13.38207],[-13.76612,13.38215],[-13.76429,13.38344],[-13.76327,13.38434],[-13.76206,13.38555],[-13.75945,13.38757],[-13.75816,13.38916],[-13.75751,13.39022],[-13.75663,13.39122],[-13.75588,13.39242],[-13.75484,13.39367],[-13.75277,13.39661],[-13.7511,13.39942],[-13.75063,13.40031],[-13.75008,13.40176],[-13.74985,13.4029],[-13.74947,13.40592],[-13.74945,13.40812],[-13.74905,13.41153],[-13.74904,13.41338],[-13.74931,13.41547],[-13.7496,13.41659],[-13.74995,13.41712],[-13.75145,13.41774],[-13.75303,13.41849],[-13.75331,13.41872],[-13.7535,13.419],[-13.75362,13.41914],[-13.75366,13.41919],[-13.75372,13.41924],[-13.75444,13.41983],[-13.75498,13.42055],[-13.75564,13.42173],[-13.75647,13.42354],[-13.75695,13.42486],[-13.75754,13.42723],[-13.75772,13.42892],[-13.75775,13.43026],[-13.7576,13.43171],[-13.75738,13.43248],[-13.75666,13.43398],[-13.75619,13.43461],[-13.75415,13.43643],[-13.75293,13.43774],[-13.75199,13.43858],[-13.74953,13.44055],[-13.74677,13.44229],[-13.7444,13.44398],[-13.74299,13.44491],[-13.7417,13.44605],[-13.74091,13.44659],[-13.74064,13.44671],[-13.74026,13.44686],[-13.73993,13.447],[-13.73909,13.44748],[-13.73598,13.44854],[-13.73503,13.44896],[-13.73391,13.44965],[-13.73246,13.45022],[-13.73103,13.45123],[-13.72954,13.45187],[-13.72641,13.4535],[-13.72483,13.45418],[-13.72204,13.45559],[-13.72052,13.45738],[-13.71946,13.45853],[-13.71907,13.45909],[-13.71739,13.46251],[-13.71639,13.46427],[-13.71595,13.46548],[-13.71588,13.46602],[-13.71635,13.46708],[-13.7174,13.46808],[-13.71812,13.46854],[-13.71893,13.46886],[-13.72126,13.47024],[-13.72182,13.47051],[-13.72479,13.47221],[-13.72781,13.4736],[-13.73022,13.47461],[-13.73462,13.47631],[-13.7374,13.47765],[-13.74086,13.47899],[-13.74313,13.47982],[-13.74531,13.48041],[-13.74927,13.48124],[-13.75639,13.48309],[-13.75794,13.48345],[-13.76185,13.48425],[-13.76875,13.4859],[-13.77031,13.48609],[-13.77134,13.48598],[-13.77224,13.48557],[-13.7735,13.48438],[-13.77532,13.48293],[-13.7769,13.4817],[-13.77871,13.48017],[-13.78221,13.4768],[-13.78489,13.47401],[-13.78791,13.47066],[-13.78947,13.46923],[-13.79182,13.46754],[-13.79263,13.46707],[-13.79398,13.46654],[-13.7966,13.46601],[-13.79751,13.46615],[-13.79953,13.46603],[-13.80072,13.46636],[-13.80241,13.46729],[-13.80358,13.46822],[-13.80477,13.46985],[-13.8056,13.47055],[-13.80592,13.47129],[-13.80627,13.47384],[-13.80704,13.47818],[-13.80757,13.47934],[-13.80793,13.4807],[-13.80805,13.48178],[-13.80802,13.48309],[-13.80774,13.48572],[-13.80756,13.48677],[-13.80713,13.48837],[-13.80581,13.49217],[-13.80502,13.49371],[-13.80402,13.49521],[-13.80333,13.49647],[-13.80263,13.49815],[-13.80181,13.49936],[-13.80122,13.50044],[-13.79957,13.50258],[-13.79859,13.50415],[-13.79817,13.50519],[-13.79799,13.50595],[-13.79792,13.50697],[-13.79819,13.50878],[-13.79822,13.51013],[-13.79857,13.51175],[-13.79884,13.51357],[-13.79918,13.51509],[-13.79918,13.51606],[-13.79896,13.51811],[-13.79855,13.51992],[-13.79774,13.5218],[-13.79737,13.5231],[-13.79634,13.52584],[-13.79559,13.52747],[-13.79501,13.5284],[-13.79407,13.52935],[-13.79319,13.53048],[-13.79163,13.53215],[-13.79086,13.5334],[-13.79,13.53425],[-13.78985,13.5344],[-13.78979,13.53447],[-13.78973,13.53454],[-13.78961,13.53474],[-13.78906,13.5359],[-13.7879,13.53705],[-13.78715,13.5383],[-13.78643,13.54005],[-13.78615,13.54102],[-13.78615,13.54207],[-13.78652,13.54325],[-13.78723,13.54407],[-13.78776,13.54447]]]},"properties":{"slug":"velingara","name":"Velingara","department":"Velingara","code":"SN0703","parent":"region-kolda"}},{"type":"Feature","geometry":{"type":"Polygon","coordinates":[[[-15.1269,13.99208],[-15.13114,13.99212],[-15.13549,13.99257],[-15.14014,13.99348],[-15.1462,13.99438],[-15.1507,13.99514],[-15.15536,13.99574],[-15.15815,13.99574],[-15.16467,13.99559],[-15.17492,13.99573],[-15.18656,13.99557],[-15.1951,13.99541],[-15.20239,13.99541],[-15.21264,13.99525],[-15.21993,13.99524],[-15.22723,13.99493],[-15.23654,13.99598],[-15.25284,13.99627],[-15.2575,13.99687],[-15.26169,13.99747],[-15.26558,13.99868],[-15.26915,14.00065],[-15.27426,14.00289],[-15.27702,14.004],[-15.28064,14.00583],[-15.28317,14.00753],[-15.28679,14.0095],[-15.29027,14.01161],[-15.29469,14.01302],[-15.29802,14.015],[-15.30128,14.0174],[-15.30388,14.01852],[-15.30764,14.01978],[-15.31192,14.02148],[-15.31532,14.02246],[-15.32083,14.0243],[-15.323,14.02514],[-15.32503,14.02556],[-15.32763,14.02683],[-15.33038,14.02739],[-15.33313,14.02866],[-15.33603,14.03006],[-15.34428,14.03231],[-15.34849,14.03344],[-15.35253,14.03471],[-15.35746,14.03512],[-15.36123,14.03681],[-15.36441,14.03708],[-15.36803,14.03863],[-15.3715,14.03934],[-15.37585,14.04047],[-15.38744,14.04327],[-15.39105,14.04411],[-15.39439,14.04509],[-15.39815,14.04594],[-15.40104,14.04692],[-15.40336,14.04734],[-15.40698,14.04833],[-15.40916,14.0486],[-15.41191,14.04973],[-15.41552,14.05057],[-15.41752,14.05094],[-15.41919,14.05408],[-15.41885,14.06923],[-15.41744,14.08473],[-15.42179,14.09459],[-15.4146,14.11081],[-15.40673,14.1517],[-15.4017,14.16509],[-15.42483,14.17703],[-15.43568,14.18617],[-15.4386,14.20237],[-15.44368,14.21716],[-15.43865,14.22774],[-15.43,14.23903],[-15.43002,14.24819],[-15.43508,14.251],[-15.4409,14.27284],[-15.44528,14.29608],[-15.43519,14.30597],[-15.42075,14.31656],[-15.3991,14.32858],[-15.37165,14.3399],[-15.36234,14.39487],[-15.37368,14.41208],[-15.39714,14.44767],[-15.41162,14.47591],[-15.43726,14.52591],[-15.44985,14.55045],[-15.46539,14.58072],[-15.46845,14.58221],[-15.46882,14.58227],[-15.46913,14.57997],[-15.48827,14.57303],[-15.63455,14.5199],[-15.63787,14.51817],[-15.64081,14.51705],[-15.64445,14.5158],[-15.64815,14.5144],[-15.65193,14.51328],[-15.65544,14.51258],[-15.65799,14.51163],[-15.65961,14.5104],[-15.66103,14.5089],[-15.66223,14.50656],[-15.66183,14.50371],[-15.66138,14.50113],[-15.65904,14.49899],[-15.65608,14.4974],[-15.65137,14.49603],[-15.64671,14.4942],[-15.64224,14.49251],[-15.64066,14.49025],[-15.63944,14.48813],[-15.63914,14.48426],[-15.63958,14.48293],[-15.64196,14.48147],[-15.64608,14.47949],[-15.64934,14.47937],[-15.6518,14.47917],[-15.65523,14.47961],[-15.65792,14.48009],[-15.66108,14.48085],[-15.66339,14.48105],[-15.66958,14.48248],[-15.67244,14.48209],[-15.67501,14.48146],[-15.67809,14.48006],[-15.68168,14.4788],[-15.68495,14.47718],[-15.68784,14.47673],[-15.69072,14.47644],[-15.6918,14.47787],[-15.69165,14.47282],[-15.69229,14.46974],[-15.69273,14.46735],[-15.69379,14.46442],[-15.69342,14.46359],[-15.69373,14.46033],[-15.69461,14.45716],[-15.69534,14.45395],[-15.69593,14.45175],[-15.69603,14.44791],[-15.69661,14.44607],[-15.69776,14.44168],[-15.69832,14.43814],[-15.69889,14.43377],[-15.69961,14.43108],[-15.70003,14.42769],[-15.6995,14.42461],[-15.699,14.42254],[-15.69907,14.41895],[-15.69862,14.41564],[-15.6986,14.41296],[-15.6982,14.41016],[-15.69789,14.40721],[-15.69748,14.40437],[-15.6971,14.39966],[-15.69619,14.39594],[-15.69523,14.39234],[-15.69464,14.38829],[-15.6939,14.38134],[-15.69298,14.37834],[-15.69239,14.37559],[-15.6918,14.37208],[-15.69145,14.36904],[-15.69058,14.36513],[-15.68991,14.36163],[-15.68947,14.35805],[-15.68883,14.35519],[-15.68936,14.34958],[-15.6895,14.34718],[-15.68993,14.34393],[-15.69035,14.33969],[-15.69062,14.33602],[-15.68974,14.33334],[-15.69017,14.33022],[-15.68988,14.32783],[-15.68972,14.32585],[-15.68965,14.32389],[-15.68985,14.32205],[-15.69045,14.31805],[-15.69033,14.31529],[-15.69084,14.31116],[-15.69111,14.30762],[-15.69117,14.30504],[-15.69138,14.30306],[-15.69124,14.29985],[-15.69099,14.29862],[-15.69033,14.29662],[-15.68956,14.29427],[-15.68827,14.29072],[-15.68707,14.28662],[-15.68578,14.28288],[-15.6845,14.27906],[-15.68392,14.27599],[-15.68186,14.27223],[-15.68108,14.26988],[-15.67927,14.26591],[-15.67803,14.26282],[-15.67691,14.26024],[-15.67534,14.25641],[-15.67423,14.25314],[-15.67265,14.25009],[-15.67154,14.24658],[-15.67006,14.24354],[-15.66838,14.24068],[-15.66728,14.23736],[-15.66608,14.23454],[-15.66404,14.23062],[-15.66256,14.22684],[-15.66141,14.22337],[-15.66011,14.21986],[-15.65872,14.21746],[-15.65757,14.21474],[-15.6565,14.21202],[-15.65479,14.20883],[-15.6524,14.20541],[-15.65102,14.20204],[-15.64977,14.2001],[-15.64832,14.19733],[-15.64769,14.19507],[-15.64559,14.19138],[-15.64411,14.18842],[-15.64072,14.18104],[-15.63966,14.17841],[-15.63818,14.17537],[-15.63707,14.17264],[-15.63387,14.16595],[-15.63103,14.16289],[-15.62863,14.15972],[-15.62616,14.15747],[-15.62412,14.15606],[-15.62224,14.15437],[-15.6202,14.15183],[-15.61846,14.14986],[-15.61526,14.14671],[-15.61255,14.14444],[-15.61236,14.14434],[-15.60702,14.1401],[-15.60487,14.13825],[-15.60337,14.13644],[-15.60137,14.13477],[-15.59907,14.1325],[-15.59739,14.13028],[-15.5953,14.12768],[-15.59389,14.12556],[-15.59265,14.12339],[-15.59209,14.11985],[-15.59062,14.11562],[-15.59026,14.11496],[-15.58903,14.11152],[-15.58786,14.10771],[-15.58634,14.1036],[-15.58533,14.10075],[-15.58459,14.09795],[-15.58328,14.09372],[-15.58156,14.0906],[-15.58077,14.08797],[-15.57934,14.0852],[-15.57858,14.08471],[-15.58066,14.07439],[-15.58153,14.07157],[-15.58152,14.07001],[-15.58296,14.06705],[-15.58339,14.06534],[-15.58526,14.0611],[-15.58743,14.05728],[-15.59073,14.04922],[-15.59159,14.04597],[-15.59317,14.04116],[-15.59504,14.03607],[-15.59546,14.03141],[-15.59617,14.02293],[-15.59481,14.01511],[-15.59288,14.00965],[-15.58917,14.00373],[-15.58785,14.00242],[-15.58574,14],[-15.58227,13.99743],[-15.58007,13.99603],[-15.57815,13.99509],[-15.57566,13.99417],[-15.57358,13.99364],[-15.57032,13.99315],[-15.56513,13.9926],[-15.56035,13.9919],[-15.55702,13.99148],[-15.55537,13.99132],[-15.54972,13.99089],[-15.54674,13.99076],[-15.54444,13.99085],[-15.54293,13.991],[-15.54082,13.9913],[-15.53692,13.99208],[-15.53498,13.99257],[-15.5314,13.99355],[-15.52546,13.99506],[-15.52194,13.99578],[-15.51968,13.99607],[-15.51452,13.99644],[-15.51188,13.99699],[-15.51068,13.9971],[-15.50897,13.99674],[-15.50781,13.99617],[-15.50681,13.9954],[-15.50506,13.99368],[-15.50434,13.99267],[-15.50383,13.99173],[-15.5034,13.99061],[-15.47774,13.94663],[-15.47719,13.94517],[-15.47713,13.94423],[-15.4776,13.94356],[-15.4794,13.94232],[-15.48156,13.94097],[-15.48199,13.94063],[-15.4837,13.93897],[-15.48606,13.93728],[-15.48761,13.93603],[-15.48913,13.93445],[-15.49029,13.93362],[-15.49061,13.93269],[-15.49058,13.9317],[-15.49081,13.92979],[-15.49086,13.92777],[-15.4908,13.92695],[-15.49018,13.92355],[-15.48986,13.92245],[-15.48998,13.92118],[-15.49028,13.92021],[-15.49082,13.91926],[-15.49198,13.91776],[-15.49273,13.91636],[-15.49318,13.91468],[-15.49382,13.91286],[-15.49435,13.91185],[-15.49557,13.9104],[-15.4985,13.90832],[-15.50096,13.90577],[-15.50178,13.90444],[-15.50214,13.90405],[-15.50509,13.90161],[-15.50666,13.90036],[-15.513,13.89602],[-15.51553,13.89449],[-15.51733,13.89323],[-15.52094,13.89092],[-15.52266,13.88964],[-15.52549,13.88795],[-15.52669,13.88703],[-15.52736,13.88619],[-15.52859,13.88535],[-15.52904,13.88372],[-15.53125,13.88183],[-15.53181,13.88091],[-15.53203,13.87939],[-15.53242,13.87822],[-15.53289,13.8773],[-15.53356,13.87641],[-15.53421,13.87583],[-15.53563,13.87478],[-15.53627,13.87398],[-15.5371,13.87214],[-15.53768,13.8711],[-15.53906,13.8697],[-15.54169,13.86775],[-15.54263,13.86725],[-15.54336,13.86702],[-15.54441,13.8669],[-15.54651,13.86699],[-15.54742,13.86713],[-15.54892,13.86757],[-15.55059,13.86743],[-15.55182,13.86747],[-15.55265,13.8665],[-15.55313,13.86627],[-15.55413,13.86609],[-15.55476,13.8651],[-15.55539,13.86475],[-15.55672,13.86459],[-15.55773,13.86437],[-15.55871,13.86451],[-15.55956,13.86516],[-15.5601,13.86492],[-15.56063,13.86393],[-15.56352,13.86054],[-15.56397,13.85991],[-15.56467,13.85861],[-15.56441,13.85716],[-15.56481,13.85548],[-15.56531,13.85467],[-15.56705,13.853],[-15.56887,13.85208],[-15.57327,13.84805],[-15.57461,13.84713],[-15.57538,13.84644],[-15.57567,13.84569],[-15.57496,13.8446],[-15.57472,13.84363],[-15.57514,13.84222],[-15.57587,13.84063],[-15.57647,13.83962],[-15.5785,13.83662],[-15.58112,13.83292],[-15.578,13.83093],[-15.57644,13.83044],[-15.57486,13.82983],[-15.56897,13.82735],[-15.56617,13.82603],[-15.55966,13.82271],[-15.55696,13.82136],[-15.5541,13.82],[-15.54905,13.81771],[-15.54622,13.81637],[-15.54401,13.81523],[-15.53928,13.81259],[-15.53718,13.81131],[-15.53465,13.80969],[-15.53255,13.80831],[-15.53087,13.80705],[-15.52782,13.80453],[-15.52656,13.80355],[-15.52428,13.80209],[-15.52245,13.80119],[-15.52008,13.80024],[-15.51716,13.79939],[-15.51324,13.79858],[-15.51058,13.79816],[-15.50839,13.79795],[-15.5048,13.79786],[-15.50051,13.79803],[-15.49804,13.79826],[-15.49642,13.79849],[-15.49174,13.79931],[-15.48886,13.79977],[-15.48525,13.8004],[-15.48238,13.80079],[-15.47899,13.80113],[-15.47614,13.80132],[-15.47358,13.8013],[-15.47203,13.8012],[-15.47008,13.80092],[-15.46637,13.79992],[-15.46503,13.79961],[-15.46354,13.79939],[-15.46071,13.79929],[-15.45857,13.79943],[-15.45512,13.79979],[-15.45103,13.80008],[-15.44543,13.80051],[-15.44315,13.80096],[-15.44165,13.80099],[-15.44066,13.80063],[-15.43971,13.7999],[-15.43911,13.79912],[-15.43748,13.79664],[-15.4364,13.79457],[-15.43562,13.79207],[-15.412,13.7418],[-15.40882,13.74461],[-15.40495,13.74775],[-15.39708,13.75391],[-15.39472,13.75568],[-15.39238,13.75735],[-15.38838,13.76011],[-15.3842,13.76289],[-15.38108,13.76475],[-15.3788,13.766],[-15.37681,13.76703],[-15.37478,13.76798],[-15.36909,13.77049],[-15.36227,13.77361],[-15.35993,13.7746],[-15.35583,13.77619],[-15.35274,13.77726],[-15.34746,13.77895],[-15.3445,13.77975],[-15.34202,13.7806],[-15.34033,13.78137],[-15.3392,13.7818],[-15.33688,13.78246],[-15.33566,13.78269],[-15.33225,13.78314],[-15.32698,13.78392],[-15.32338,13.7843],[-15.3193,13.78453],[-15.31606,13.78459],[-15.31218,13.78453],[-15.30945,13.78436],[-15.30424,13.78386],[-15.30085,13.78345],[-15.29895,13.78317],[-15.29587,13.78262],[-15.29353,13.78214],[-15.2878,13.78088],[-15.28529,13.78026],[-15.28227,13.77941],[-15.27948,13.77847],[-15.27782,13.77785],[-15.27484,13.77661],[-15.27119,13.77494],[-15.2689,13.77377],[-15.26612,13.77216],[-15.26303,13.77015],[-15.25827,13.76675],[-15.25496,13.76442],[-15.25347,13.76331],[-15.25225,13.7623],[-15.2507,13.76078],[-15.24899,13.75871],[-15.2451,13.75307],[-15.24151,13.7477],[-15.23078,13.74755],[-15.22486,13.74768],[-15.21556,13.74801],[-15.19941,13.75783],[-15.16377,13.77914],[-15.15651,13.78322],[-15.15111,13.78545],[-15.14247,13.78897],[-15.14121,13.79012],[-15.13861,13.79276],[-15.13581,13.79581],[-15.13419,13.79746],[-15.13221,13.79912],[-15.13067,13.80011],[-15.12955,13.80073],[-15.12793,13.8015],[-15.12386,13.80327],[-15.12008,13.80505],[-15.11705,13.80633],[-15.11144,13.80852],[-15.10921,13.8093],[-15.10413,13.81101],[-15.10355,13.81992],[-15.10312,13.82267],[-15.10278,13.8251],[-15.10251,13.82771],[-15.10222,13.83097],[-15.10196,13.83525],[-15.10191,13.83909],[-15.10201,13.84345],[-15.10397,13.84663],[-15.104,13.8503],[-15.10425,13.85231],[-15.10458,13.85365],[-15.10587,13.85759],[-15.10682,13.86017],[-15.10802,13.86301],[-15.10959,13.86638],[-15.11067,13.86844],[-15.11333,13.87307],[-15.11476,13.87572],[-15.11624,13.87863],[-15.11863,13.88359],[-15.12026,13.88684],[-15.12121,13.88865],[-15.12284,13.8916],[-15.12595,13.89698],[-15.13,13.9042],[-15.13138,13.90681],[-15.13254,13.90927],[-15.1339,13.91248],[-15.13462,13.91444],[-15.13633,13.91944],[-15.13837,13.92497],[-15.14092,13.93238],[-15.14136,13.93403],[-15.14169,13.93566],[-15.14253,13.94168],[-15.14288,13.9454],[-15.14305,13.94866],[-15.14301,13.95004],[-15.14282,13.952],[-15.14245,13.95393],[-15.14179,13.95645],[-15.14109,13.95835],[-15.1394,13.96201],[-15.13806,13.9644],[-15.13614,13.96758],[-15.13481,13.97021],[-15.13337,13.97339],[-15.13185,13.97646],[-15.13008,13.97981],[-15.12903,13.982],[-15.1274,13.9861],[-15.12693,13.98755],[-15.12663,13.98919],[-15.12666,13.99102],[-15.1269,13.99208]]]},"properties":{"slug":"kaffrine","name":"Kaffrine","department":"Kaffrine","code":"SN0402","parent":"region-kaffrine"}},{"type":"Feature","geometry":{"type":"Polygon","coordinates":[[[-16.09014,14.36525],[-16.08998,14.36593],[-16.08965,14.37166],[-16.08977,14.37603],[-16.09103,14.37994],[-16.09269,14.38286],[-16.09429,14.3844],[-16.09589,14.3851],[-16.09953,14.38749],[-16.10171,14.38917],[-16.10462,14.38986],[-16.10607,14.39085],[-16.10824,14.39125],[-16.10926,14.39182],[-16.111,14.39309],[-16.11376,14.39406],[-16.11481,14.39491],[-16.11632,14.39575],[-16.11793,14.39618],[-16.11972,14.39712],[-16.12183,14.39811],[-16.12385,14.39914],[-16.12579,14.39948],[-16.12752,14.40041],[-16.12936,14.40122],[-16.13072,14.40215],[-16.13209,14.4028],[-16.13322,14.40295],[-16.13506,14.40301],[-16.13637,14.40317],[-16.13793,14.4036],[-16.13934,14.40352],[-16.14092,14.40396],[-16.14396,14.40352],[-16.147,14.40294],[-16.15106,14.40306],[-16.15309,14.40263],[-16.15599,14.4029],[-16.15875,14.40331],[-16.16092,14.4033],[-16.16498,14.40414],[-16.16743,14.40476],[-16.16885,14.40524],[-16.17125,14.40558],[-16.17374,14.40657],[-16.17704,14.40743],[-16.17882,14.40818],[-16.18339,14.40966],[-16.18574,14.41009],[-16.18837,14.41145],[-16.19377,14.41191],[-16.19475,14.4122],[-16.19621,14.41281],[-16.19805,14.41315],[-16.19951,14.41385],[-16.20129,14.41429],[-16.20308,14.41453],[-16.20535,14.41502],[-16.20643,14.41585],[-16.20836,14.4161],[-16.20959,14.41639],[-16.21144,14.41745],[-16.21289,14.41773],[-16.21405,14.41744],[-16.21594,14.418],[-16.21768,14.41869],[-16.21914,14.41954],[-16.22059,14.42009],[-16.22118,14.42122],[-16.22392,14.4237],[-16.22385,14.42553],[-16.22265,14.42777],[-16.22209,14.43012],[-16.22094,14.43196],[-16.21893,14.43366],[-16.21805,14.43366],[-16.21704,14.4348],[-16.21575,14.43594],[-16.21488,14.43707],[-16.21185,14.4385],[-16.211,14.4391],[-16.20985,14.44033],[-16.2079,14.44229],[-16.20718,14.44329],[-16.20708,14.44412],[-16.20609,14.44602],[-16.20604,14.44626],[-16.20512,14.45521],[-16.20498,14.4569],[-16.20543,14.4593],[-16.20486,14.46128],[-16.20517,14.46382],[-16.20519,14.46736],[-16.20461,14.46807],[-16.20463,14.47047],[-16.20435,14.47329],[-16.20422,14.47598],[-16.2035,14.47739],[-16.20373,14.48214],[-16.2027,14.48719],[-16.2023,14.48884],[-16.20168,14.49058],[-16.201,14.49315],[-16.20027,14.49503],[-16.19879,14.49694],[-16.19737,14.49863],[-16.19667,14.50187],[-16.19552,14.50343],[-16.19186,14.50588],[-16.18928,14.50948],[-16.18774,14.51279],[-16.18542,14.5145],[-16.18325,14.51578],[-16.1824,14.51734],[-16.18037,14.51918],[-16.17704,14.52146],[-16.17546,14.52274],[-16.17417,14.52473],[-16.17142,14.5263],[-16.16983,14.52799],[-16.16694,14.52999],[-16.16448,14.53099],[-16.1629,14.53297],[-16.16058,14.53412],[-16.15928,14.53483],[-16.15827,14.53625],[-16.15683,14.5388],[-16.15481,14.54008],[-16.15323,14.5415],[-16.15159,14.54212],[-16.15106,14.54331],[-16.15067,14.54464],[-16.14947,14.54632],[-16.149,14.54795],[-16.15322,14.54909],[-16.16036,14.55428],[-16.16545,14.55722],[-16.16981,14.55819],[-16.1727,14.55845],[-16.17982,14.56082],[-16.18694,14.5629],[-16.1932,14.56598],[-16.19903,14.57146],[-16.20164,14.57216],[-16.21151,14.57211],[-16.21978,14.57249],[-16.22849,14.57328],[-16.24112,14.57689],[-16.24635,14.57728],[-16.25549,14.57738],[-16.26187,14.57762],[-16.26638,14.57859],[-16.27074,14.57913],[-16.27393,14.57898],[-16.28088,14.57809],[-16.28508,14.57707],[-16.29468,14.57623],[-16.30263,14.57557],[-16.30886,14.57511],[-16.31654,14.57365],[-16.32276,14.57206],[-16.32712,14.5719],[-16.33336,14.57144],[-16.33902,14.5731],[-16.3437,14.57915],[-16.34604,14.58182],[-16.34983,14.58674],[-16.35321,14.59195],[-16.36068,14.60405],[-16.363,14.60418],[-16.37097,14.60314],[-16.37619,14.60241],[-16.38286,14.60124],[-16.39373,14.60047],[-16.39866,14.60001],[-16.40895,14.59925],[-16.41983,14.59946],[-16.42694,14.59914],[-16.43114,14.59784],[-16.4378,14.59611],[-16.44346,14.59579],[-16.45187,14.59545],[-16.46073,14.59667],[-16.4703,14.59689],[-16.47596,14.59572],[-16.48174,14.59315],[-16.48653,14.59269],[-16.49002,14.59521],[-16.49512,14.59928],[-16.50138,14.60291],[-16.50721,14.60528],[-16.51505,14.60692],[-16.52347,14.60743],[-16.52545,14.60746],[-16.52412,14.6043],[-16.52117,14.59626],[-16.51982,14.58977],[-16.51878,14.58554],[-16.51902,14.57961],[-16.5203,14.57536],[-16.52231,14.57182],[-16.52449,14.56791],[-16.52632,14.56431],[-16.52731,14.56048],[-16.5286,14.55779],[-16.52916,14.55482],[-16.52986,14.55213],[-16.53129,14.5493],[-16.53213,14.54435],[-16.53195,14.53941],[-16.53277,14.5315],[-16.53404,14.52683],[-16.53504,14.524],[-16.53574,14.52117],[-16.53717,14.51819],[-16.53974,14.51252],[-16.54217,14.50756],[-16.54475,14.50373],[-16.54677,14.50189],[-16.54763,14.50004],[-16.54848,14.49636],[-16.55193,14.49224],[-16.55423,14.49039],[-16.55798,14.48783],[-16.5613,14.48455],[-16.56576,14.48057],[-16.57009,14.47757],[-16.5718,14.4759],[-16.57585,14.47203],[-16.58263,14.46732],[-16.58595,14.46461],[-16.58739,14.46347],[-16.59388,14.45877],[-16.5959,14.45692],[-16.59879,14.45591],[-16.60023,14.45492],[-16.60211,14.45405],[-16.60515,14.45305],[-16.60848,14.45288],[-16.61527,14.44987],[-16.61629,14.44972],[-16.6186,14.44843],[-16.62133,14.44573],[-16.62407,14.4426],[-16.62796,14.43932],[-16.63082,14.43478],[-16.63413,14.43081],[-16.63543,14.42967],[-16.6389,14.42852],[-16.64397,14.42806],[-16.65005,14.42802],[-16.65903,14.42738],[-16.66744,14.42719],[-16.67265,14.42701],[-16.67714,14.42585],[-16.68132,14.42313],[-16.68981,14.41516],[-16.69312,14.4109],[-16.69757,14.40677],[-16.70103,14.40336],[-16.70391,14.40066],[-16.70534,14.3981],[-16.70604,14.39598],[-16.70657,14.38806],[-16.70795,14.38015],[-16.70877,14.37279],[-16.70986,14.36347],[-16.7101,14.35767],[-16.71079,14.35315],[-16.71089,14.34679],[-16.71186,14.34127],[-16.71155,14.33817],[-16.7118,14.33421],[-16.70941,14.32265],[-16.70876,14.31404],[-16.70915,14.30881],[-16.7107,14.30231],[-16.71313,14.29776],[-16.7157,14.2928],[-16.71899,14.28783],[-16.72017,14.28572],[-16.72243,14.28258],[-16.72572,14.27719],[-16.72931,14.27264],[-16.73247,14.26966],[-16.73721,14.26454],[-16.7379,14.26291],[-16.73902,14.26166],[-16.73972,14.26045],[-16.74111,14.259],[-16.74256,14.25695],[-16.74376,14.25562],[-16.74442,14.25471],[-16.74522,14.25282],[-16.74555,14.25186],[-16.74606,14.25084],[-16.74716,14.2489],[-16.74777,14.24749],[-16.74874,14.24567],[-16.74926,14.24397],[-16.74929,14.24277],[-16.74979,14.241],[-16.74954,14.23741],[-16.74902,14.23458],[-16.74889,14.23325],[-16.74856,14.23162],[-16.74823,14.23081],[-16.74725,14.22929],[-16.74633,14.22719],[-16.74533,14.22565],[-16.74451,14.22409],[-16.74326,14.22124],[-16.74137,14.21906],[-16.73913,14.21751],[-16.73789,14.21683],[-16.73728,14.21592],[-16.73529,14.21433],[-16.73437,14.21382],[-16.73228,14.213],[-16.73167,14.21205],[-16.73126,14.21096],[-16.73048,14.21028],[-16.72946,14.21005],[-16.727,14.20915],[-16.72633,14.20909],[-16.72546,14.2094],[-16.72379,14.21048],[-16.72287,14.21147],[-16.72227,14.21167],[-16.72199,14.20998],[-16.721,14.2077],[-16.72068,14.20665],[-16.72025,14.20438],[-16.72012,14.20309],[-16.72007,14.20102],[-16.7197,14.1999],[-16.71997,14.19914],[-16.72064,14.19837],[-16.72153,14.19635],[-16.72194,14.19511],[-16.72247,14.19306],[-16.72259,14.19204],[-16.72304,14.19144],[-16.72454,14.19029],[-16.72559,14.18868],[-16.72649,14.18815],[-16.72795,14.18764],[-16.72862,14.18659],[-16.72931,14.18452],[-16.72984,14.18319],[-16.73011,14.18218],[-16.73108,14.18149],[-16.73183,14.18075],[-16.73246,14.17991],[-16.73311,14.1799],[-16.7342,14.18014],[-16.73609,14.18075],[-16.73719,14.1807],[-16.7391,14.17984],[-16.74032,14.17875],[-16.74076,14.17754],[-16.741,14.17396],[-16.74125,14.17319],[-16.74184,14.17214],[-16.7421,14.172],[-16.74414,14.17239],[-16.74531,14.17224],[-16.74603,14.17186],[-16.74761,14.1705],[-16.74803,14.17028],[-16.74922,14.16999],[-16.75036,14.16994],[-16.75196,14.16974],[-16.75377,14.16921],[-16.75484,14.16863],[-16.75572,14.16773],[-16.75653,14.16641],[-16.75721,14.16363],[-16.75792,14.1626],[-16.75904,14.16218],[-16.76015,14.16208],[-16.76108,14.16173],[-16.76274,14.16092],[-16.76503,14.1593],[-16.76587,14.15831],[-16.76614,14.15769],[-16.76637,14.15631],[-16.76617,14.15535],[-16.76589,14.15491],[-16.76516,14.15428],[-16.76431,14.15383],[-16.76319,14.15288],[-16.76184,14.15218],[-16.76097,14.15142],[-16.76061,14.15081],[-16.75908,14.15015],[-16.75736,14.14924],[-16.75664,14.14824],[-16.7552,14.14645],[-16.75417,14.14587],[-16.75348,14.14527],[-16.7529,14.14454],[-16.75263,14.14395],[-16.75267,14.14262],[-16.75296,14.14195],[-16.75396,14.14144],[-16.75457,14.14152],[-16.75713,14.14288],[-16.75827,14.14281],[-16.75906,14.14225],[-16.75969,14.14151],[-16.76068,14.13942],[-16.76119,14.13876],[-16.76279,14.13747],[-16.7635,14.13719],[-16.76584,14.13658],[-16.76701,14.1361],[-16.76901,14.13544],[-16.76994,14.1357],[-16.77183,14.1368],[-16.77256,14.13714],[-16.77343,14.13707],[-16.77451,14.13635],[-16.77518,14.13623],[-16.77579,14.13657],[-16.77624,14.13721],[-16.77661,14.13874],[-16.77702,14.13982],[-16.77786,14.14135],[-16.77879,14.14202],[-16.78011,14.14234],[-16.78101,14.14241],[-16.78229,14.14224],[-16.78297,14.14197],[-16.78435,14.14104],[-16.78499,14.1398],[-16.78599,14.13818],[-16.78649,14.13775],[-16.788,14.13749],[-16.78827,14.13561],[-16.78823,14.13433],[-16.78876,14.13079],[-16.78915,14.1301],[-16.78975,14.13012],[-16.79102,14.13082],[-16.79208,14.13092],[-16.79299,14.13043],[-16.79319,14.13008],[-16.79317,14.12919],[-16.79254,14.12785],[-16.79174,14.1269],[-16.79164,14.12624],[-16.79167,14.12432],[-16.79237,14.12158],[-16.79249,14.1205],[-16.79236,14.11954],[-16.79152,14.11839],[-16.78956,14.11687],[-16.78871,14.11637],[-16.78773,14.116],[-16.78663,14.11531],[-16.78462,14.11418],[-16.78384,14.11365],[-16.78339,14.11355],[-16.78168,14.11343],[-16.77989,14.11288],[-16.77882,14.11222],[-16.77828,14.11153],[-16.77788,14.10981],[-16.77712,14.1088],[-16.7756,14.10827],[-16.77292,14.10762],[-16.77141,14.10731],[-16.76965,14.10638],[-16.76812,14.10581],[-16.76663,14.10513],[-16.7657,14.10489],[-16.76496,14.10442],[-16.76447,14.10332],[-16.76467,14.10243],[-16.7652,14.1012],[-16.76576,14.10056],[-16.76617,14.0996],[-16.76631,14.09795],[-16.76601,14.09693],[-16.76572,14.09664],[-16.76474,14.09666],[-16.76367,14.09691],[-16.76213,14.09625],[-16.761,14.09536],[-16.76,14.09421],[-16.75863,14.09249],[-16.75665,14.09026],[-16.75559,14.08853],[-16.75491,14.08756],[-16.75426,14.08616],[-16.75395,14.08514],[-16.75374,14.08391],[-16.75361,14.08194],[-16.75342,14.08017],[-16.75355,14.0789],[-16.75361,14.07516],[-16.75349,14.07394],[-16.75313,14.07317],[-16.75303,14.07241],[-16.7532,14.0709],[-16.75302,14.06942],[-16.75337,14.0684],[-16.75352,14.06751],[-16.75439,14.06703],[-16.7555,14.06707],[-16.75736,14.06749],[-16.75851,14.06795],[-16.7595,14.06872],[-16.75994,14.06935],[-16.76068,14.0697],[-16.76131,14.06979],[-16.76241,14.0696],[-16.76319,14.0692],[-16.7661,14.06715],[-16.76677,14.0665],[-16.76734,14.06558],[-16.76825,14.06362],[-16.76833,14.06265],[-16.7686,14.06189],[-16.76928,14.06076],[-16.77037,14.05948],[-16.77209,14.05787],[-16.77253,14.05708],[-16.773,14.05661],[-16.77445,14.05573],[-16.77423,14.05498],[-16.7741,14.05379],[-16.77415,14.05251],[-16.77397,14.0509],[-16.77338,14.0405],[-16.77292,14.03542],[-16.77218,14.02929],[-16.77119,14.02167],[-16.7704,14.01477],[-16.76918,14.00426],[-16.76865,13.99979],[-16.76803,13.99618],[-16.76784,13.99162],[-16.76702,13.98214],[-16.76698,13.97999],[-16.76672,13.97772],[-16.76622,13.97127],[-16.76621,13.96981],[-16.7665,13.96719],[-16.76639,13.96597],[-16.76599,13.96483],[-16.76602,13.96425],[-16.76645,13.9617],[-16.76643,13.95972],[-16.76613,13.95743],[-16.76612,13.95563],[-16.76585,13.95476],[-16.7657,13.95149],[-16.76505,13.94914],[-16.76475,13.9453],[-16.7646,13.94004],[-16.76426,13.93791],[-16.76404,13.93475],[-16.76371,13.93303],[-16.76333,13.93197],[-16.76295,13.93128],[-16.7617,13.93015],[-16.76071,13.9303],[-16.7603,13.9315],[-16.76024,13.93358],[-16.76039,13.93423],[-16.76091,13.93458],[-16.76121,13.9353],[-16.76121,13.93594],[-16.7605,13.93832],[-16.75948,13.9394],[-16.75809,13.94049],[-16.75576,13.94273],[-16.75473,13.94324],[-16.75407,13.94367],[-16.75285,13.94404],[-16.75318,13.94642],[-16.75331,13.94867],[-16.75326,13.95012],[-16.75301,13.95197],[-16.75254,13.95379],[-16.75215,13.95499],[-16.75115,13.95728],[-16.74997,13.95932],[-16.74872,13.96118],[-16.74595,13.96509],[-16.74426,13.96723],[-16.74275,13.96893],[-16.74078,13.97094],[-16.73674,13.97486],[-16.73458,13.9768],[-16.73061,13.98011],[-16.7287,13.98193],[-16.72749,13.98323],[-16.7264,13.98456],[-16.72517,13.98629],[-16.72273,13.98987],[-16.72174,13.99115],[-16.72079,13.99224],[-16.71992,13.99313],[-16.7185,13.99445],[-16.71633,13.99621],[-16.71273,13.99882],[-16.71117,14.00001],[-16.70958,14.00285],[-16.70615,14.00631],[-16.70046,14.00873],[-16.69573,14.00956],[-16.69328,14.0099],[-16.68974,14.00971],[-16.68495,14.00876],[-16.68075,14.00667],[-16.67897,14.00575],[-16.67697,14.0043],[-16.6747,14.00185],[-16.67162,14.00021],[-16.67024,13.9993],[-16.66919,13.99874],[-16.66688,13.9979],[-16.65913,13.99575],[-16.65385,13.99442],[-16.6518,13.99368],[-16.6502,13.99283],[-16.64946,13.99235],[-16.6472,13.9906],[-16.64463,13.98837],[-16.64332,13.98743],[-16.64205,13.98677],[-16.64045,13.98626],[-16.63868,13.98596],[-16.63723,13.98581],[-16.63573,13.98576],[-16.63419,13.98589],[-16.63224,13.98634],[-16.63067,13.98689],[-16.62742,13.98817],[-16.62596,13.9888],[-16.62414,13.98975],[-16.62181,13.99111],[-16.61933,13.99243],[-16.6171,13.99351],[-16.61427,13.99508],[-16.61242,13.99634],[-16.6104,13.99791],[-16.60819,14.00001],[-16.60558,14.00466],[-16.60353,14.00826],[-16.60164,14.01147],[-16.59732,14.01875],[-16.59484,14.02277],[-16.59361,14.02465],[-16.59048,14.02925],[-16.58891,14.03145],[-16.5861,14.03515],[-16.58453,14.03709],[-16.58182,14.04032],[-16.57902,14.04374],[-16.57755,14.04538],[-16.5755,14.04732],[-16.57311,14.04919],[-16.5706,14.05082],[-16.56799,14.05222],[-16.56506,14.05366],[-16.56215,14.05488],[-16.55663,14.05696],[-16.55222,14.05846],[-16.54914,14.05962],[-16.54512,14.06129],[-16.54268,14.06254],[-16.54146,14.06334],[-16.53979,14.06464],[-16.53636,14.06758],[-16.53377,14.06996],[-16.53207,14.07162],[-16.52958,14.07423],[-16.52576,14.07836],[-16.52367,14.08069],[-16.51959,14.08542],[-16.51624,14.08923],[-16.515,14.09068],[-16.51142,14.0951],[-16.5091,14.09832],[-16.50755,14.10065],[-16.5059,14.10321],[-16.50095,14.11134],[-16.49937,14.11405],[-16.49723,14.11793],[-16.4961,14.11981],[-16.49495,14.12149],[-16.49401,14.12275],[-16.49194,14.12527],[-16.49081,14.12649],[-16.48935,14.12771],[-16.4885,14.12828],[-16.48666,14.12923],[-16.48473,14.13009],[-16.48118,14.13181],[-16.47971,14.13245],[-16.47794,14.13309],[-16.47579,14.1337],[-16.4734,14.13416],[-16.46616,14.13502],[-16.46306,14.13522],[-16.4608,14.13521],[-16.45572,14.13504],[-16.45257,14.13482],[-16.45108,14.13484],[-16.45004,14.13495],[-16.44833,14.13527],[-16.44745,14.13563],[-16.44649,14.13629],[-16.44571,14.13724],[-16.44542,14.13793],[-16.44524,14.13881],[-16.44494,14.14125],[-16.44483,14.14298],[-16.44488,14.14415],[-16.44521,14.14758],[-16.44535,14.15142],[-16.44532,14.15264],[-16.44513,14.15412],[-16.44479,14.15588],[-16.44445,14.15699],[-16.44393,14.15815],[-16.44313,14.15948],[-16.44216,14.16065],[-16.43973,14.16313],[-16.43896,14.1638],[-16.43733,14.16495],[-16.43517,14.166],[-16.43259,14.16684],[-16.43061,14.16736],[-16.42935,14.16754],[-16.42761,14.16756],[-16.42601,14.16738],[-16.42443,14.16705],[-16.42284,14.16629],[-16.42215,14.16576],[-16.42142,14.16495],[-16.42077,14.16393],[-16.41971,14.16188],[-16.41895,14.16054],[-16.41815,14.15891],[-16.41691,14.15611],[-16.41551,14.15363],[-16.41436,14.15218],[-16.41304,14.15108],[-16.412,14.15046],[-16.40991,14.1494],[-16.4082,14.14866],[-16.40432,14.14743],[-16.40025,14.14608],[-16.39817,14.14547],[-16.39397,14.14457],[-16.39252,14.14432],[-16.38986,14.14406],[-16.38611,14.14391],[-16.38469,14.14432],[-16.38405,14.14473],[-16.38228,14.14645],[-16.3811,14.14789],[-16.38036,14.1491],[-16.37915,14.15128],[-16.37813,14.15296],[-16.37739,14.1539],[-16.37884,14.15476],[-16.37997,14.15563],[-16.38216,14.15773],[-16.38326,14.15825],[-16.38499,14.15954],[-16.38622,14.1603],[-16.38644,14.1615],[-16.38617,14.16248],[-16.38542,14.16352],[-16.38403,14.16438],[-16.38322,14.16474],[-16.38245,14.16492],[-16.38151,14.16495],[-16.38086,14.1648],[-16.37938,14.16378],[-16.37881,14.16368],[-16.37824,14.16382],[-16.37757,14.16457],[-16.37745,14.16496],[-16.37732,14.16543],[-16.37713,14.166],[-16.37647,14.16767],[-16.37644,14.16857],[-16.37668,14.17095],[-16.37651,14.17218],[-16.37608,14.17325],[-16.37538,14.17374],[-16.37466,14.17387],[-16.37397,14.17377],[-16.3731,14.1733],[-16.37246,14.17267],[-16.37181,14.17181],[-16.37134,14.17179],[-16.37105,14.17215],[-16.37084,14.17395],[-16.37088,14.1759],[-16.37045,14.17656],[-16.36921,14.1773],[-16.36781,14.1775],[-16.36679,14.17746],[-16.36558,14.17715],[-16.36401,14.17635],[-16.36331,14.1757],[-16.36228,14.17503],[-16.36169,14.17445],[-16.36094,14.174],[-16.35983,14.17421],[-16.35946,14.17468],[-16.35911,14.17569],[-16.35949,14.17623],[-16.36099,14.17627],[-16.36169,14.17639],[-16.36247,14.17694],[-16.36376,14.1776],[-16.36404,14.17893],[-16.36454,14.17932],[-16.36597,14.17959],[-16.36697,14.18001],[-16.36742,14.18076],[-16.36745,14.18125],[-16.36716,14.18228],[-16.36595,14.18516],[-16.36511,14.18593],[-16.36414,14.18604],[-16.36339,14.18549],[-16.36248,14.18614],[-16.3619,14.18813],[-16.36173,14.18985],[-16.3619,14.19109],[-16.36256,14.19378],[-16.36245,14.19453],[-16.36194,14.19557],[-16.36189,14.19626],[-16.36222,14.19687],[-16.36331,14.19802],[-16.36362,14.19861],[-16.3644,14.19935],[-16.36496,14.19948],[-16.36597,14.19932],[-16.36711,14.19885],[-16.36723,14.19948],[-16.36668,14.20056],[-16.3663,14.20187],[-16.36639,14.20298],[-16.36698,14.2038],[-16.36696,14.20416],[-16.36652,14.205],[-16.36618,14.20593],[-16.36604,14.20769],[-16.36574,14.20959],[-16.36517,14.21166],[-16.36469,14.21298],[-16.36445,14.21403],[-16.36438,14.21514],[-16.36447,14.21579],[-16.36544,14.21823],[-16.36659,14.22033],[-16.36702,14.22172],[-16.36806,14.2234],[-16.36842,14.2243],[-16.36857,14.22569],[-16.36802,14.22643],[-16.36743,14.22669],[-16.36624,14.2268],[-16.36542,14.22642],[-16.36499,14.22577],[-16.36431,14.22404],[-16.36369,14.22303],[-16.36264,14.22177],[-16.36139,14.22098],[-16.36049,14.22076],[-16.35934,14.22084],[-16.35868,14.22106],[-16.35767,14.2216],[-16.35618,14.2226],[-16.35519,14.2235],[-16.35459,14.22445],[-16.3543,14.22536],[-16.35323,14.22689],[-16.35255,14.22802],[-16.35232,14.22894],[-16.35236,14.23015],[-16.35351,14.23369],[-16.35474,14.23371],[-16.35558,14.23447],[-16.35731,14.23527],[-16.35831,14.23551],[-16.35933,14.23549],[-16.36063,14.23562],[-16.36174,14.23585],[-16.36194,14.23649],[-16.3616,14.23682],[-16.36086,14.23698],[-16.35857,14.2372],[-16.35786,14.23736],[-16.35658,14.23785],[-16.35518,14.2386],[-16.35373,14.23902],[-16.35285,14.23956],[-16.35235,14.24061],[-16.35226,14.24153],[-16.35262,14.24243],[-16.35338,14.24292],[-16.3541,14.24316],[-16.35441,14.24364],[-16.35442,14.24429],[-16.35406,14.24518],[-16.35359,14.24583],[-16.35341,14.24649],[-16.35353,14.24706],[-16.35392,14.24761],[-16.35431,14.24868],[-16.3539,14.25192],[-16.35369,14.2529],[-16.35287,14.25495],[-16.35174,14.25697],[-16.3512,14.25749],[-16.34945,14.25866],[-16.34828,14.2591],[-16.34594,14.25974],[-16.34456,14.26021],[-16.34258,14.26124],[-16.3415,14.26202],[-16.34069,14.26245],[-16.33904,14.26312],[-16.33608,14.26472],[-16.33489,14.26524],[-16.33295,14.26596],[-16.33114,14.26679],[-16.3293,14.26743],[-16.32677,14.26806],[-16.32562,14.26842],[-16.3242,14.26873],[-16.32268,14.26888],[-16.32039,14.26923],[-16.31899,14.26951],[-16.31855,14.26971],[-16.31774,14.27039],[-16.31687,14.27142],[-16.31607,14.27212],[-16.31542,14.27248],[-16.31219,14.27519],[-16.30793,14.27749],[-16.30352,14.28058],[-16.29804,14.286],[-16.2967,14.28791],[-16.29481,14.28909],[-16.29029,14.29328],[-16.28476,14.30003],[-16.28351,14.3019],[-16.28303,14.30351],[-16.2797,14.30748],[-16.27794,14.30847],[-16.27352,14.31256],[-16.27005,14.31506],[-16.2693,14.3152],[-16.26568,14.31847],[-16.26201,14.32335],[-16.26104,14.32605],[-16.25809,14.32943],[-16.25727,14.33103],[-16.25556,14.33257],[-16.24982,14.33616],[-16.24229,14.33934],[-16.23484,14.33964],[-16.2303,14.34029],[-16.21901,14.34064],[-16.20984,14.34229],[-16.2043,14.34445],[-16.20255,14.34553],[-16.19483,14.34761],[-16.18436,14.35161],[-16.1775,14.35301],[-16.1758,14.35395],[-16.1634,14.35788],[-16.16052,14.35808],[-16.1508,14.3623],[-16.14668,14.36351],[-16.13777,14.36765],[-16.12869,14.3698],[-16.12529,14.37],[-16.12195,14.36923],[-16.1101,14.36842],[-16.10143,14.36613],[-16.09418,14.36544],[-16.09014,14.36525]]]},"properties":{"slug":"fatick","name":"Fatick","department":"Fatick","code":"SN0301","parent":"region-fatick"}},{"type":"Feature","geometry":{"type":"Polygon","coordinates":[[[-15.89467,13.16781],[-15.90224,13.16815],[-15.91909,13.16863],[-15.93688,13.16896],[-15.94632,13.16925],[-15.95453,13.1685],[-15.96243,13.16768],[-15.9717,13.16628],[-16.00014,13.16442],[-16.07755,13.16434],[-16.08594,13.16437],[-16.24966,13.16493],[-16.34156,13.16611],[-16.35549,13.1665],[-16.35616,13.16649],[-16.37174,13.16581],[-16.39339,13.16581],[-16.41448,13.16607],[-16.4325,13.16633],[-16.43854,13.16654],[-16.46044,13.16642],[-16.46868,13.16602],[-16.4693,13.16601],[-16.50832,13.16663],[-16.53599,13.16671],[-16.55272,13.16613],[-16.56604,13.16628],[-16.57359,13.16625],[-16.59915,13.16625],[-16.60237,13.16619],[-16.60845,13.16611],[-16.61143,13.16614],[-16.62102,13.16633],[-16.62907,13.16643],[-16.63588,13.16663],[-16.64356,13.16698],[-16.64679,13.16708],[-16.65365,13.16723],[-16.6603,13.16746],[-16.6668,13.16776],[-16.67458,13.168],[-16.68307,13.16818],[-16.68391,13.16875],[-16.68479,13.16893],[-16.68584,13.16896],[-16.68667,13.1688],[-16.68937,13.16763],[-16.69009,13.16674],[-16.6903,13.16567],[-16.68996,13.1627],[-16.68948,13.16183],[-16.68942,13.16129],[-16.68971,13.16063],[-16.69025,13.16028],[-16.69138,13.15997],[-16.69256,13.16026],[-16.69331,13.1603],[-16.6956,13.15992],[-16.69676,13.15962],[-16.69774,13.15969],[-16.6984,13.1603],[-16.69914,13.16194],[-16.69963,13.16242],[-16.70061,13.16272],[-16.70121,13.16258],[-16.70185,13.16199],[-16.70202,13.16093],[-16.70154,13.15974],[-16.70097,13.15893],[-16.69999,13.15689],[-16.69966,13.15552],[-16.6998,13.1549],[-16.70054,13.15395],[-16.70195,13.15278],[-16.70249,13.15256],[-16.70375,13.15254],[-16.70454,13.15309],[-16.70496,13.1539],[-16.70524,13.15486],[-16.7057,13.15564],[-16.70638,13.15607],[-16.70698,13.15607],[-16.70833,13.15568],[-16.70916,13.15489],[-16.70953,13.15418],[-16.70974,13.15331],[-16.70967,13.15174],[-16.70932,13.1508],[-16.70843,13.14967],[-16.70819,13.14898],[-16.70813,13.14819],[-16.70772,13.147],[-16.70682,13.146],[-16.70554,13.1454],[-16.70318,13.1438],[-16.70308,13.1425],[-16.70233,13.14088],[-16.70238,13.13971],[-16.70322,13.13905],[-16.70358,13.13844],[-16.70365,13.13737],[-16.70334,13.13672],[-16.70234,13.13564],[-16.70176,13.13535],[-16.70021,13.13501],[-16.69966,13.13455],[-16.69971,13.13388],[-16.70071,13.13308],[-16.70272,13.13166],[-16.70404,13.13117],[-16.70532,13.13128],[-16.70624,13.13197],[-16.70684,13.13345],[-16.70795,13.1343],[-16.70879,13.13422],[-16.7096,13.13368],[-16.70991,13.13314],[-16.70996,13.13212],[-16.70965,13.13037],[-16.70936,13.12939],[-16.70893,13.1286],[-16.70869,13.12732],[-16.7088,13.12649],[-16.70908,13.12571],[-16.70956,13.12507],[-16.70979,13.1245],[-16.70984,13.12373],[-16.71019,13.12292],[-16.71148,13.12163],[-16.71221,13.12112],[-16.71567,13.11979],[-16.71735,13.11893],[-16.71875,13.11864],[-16.71998,13.11872],[-16.72157,13.11904],[-16.72208,13.11936],[-16.72273,13.12027],[-16.72274,13.12184],[-16.72293,13.12216],[-16.72371,13.1224],[-16.72507,13.12226],[-16.72575,13.12185],[-16.72634,13.1206],[-16.72643,13.11987],[-16.72597,13.11818],[-16.72587,13.11741],[-16.72546,13.11643],[-16.72454,13.11511],[-16.72374,13.11435],[-16.72229,13.11369],[-16.72133,13.11275],[-16.72095,13.11203],[-16.72021,13.11145],[-16.71977,13.11146],[-16.71805,13.11297],[-16.7176,13.11302],[-16.71686,13.11224],[-16.71639,13.1111],[-16.71645,13.1107],[-16.7172,13.10985],[-16.71838,13.10917],[-16.7205,13.10808],[-16.72247,13.10734],[-16.72388,13.10703],[-16.72534,13.10686],[-16.72622,13.10692],[-16.7276,13.10726],[-16.72912,13.10779],[-16.72991,13.1085],[-16.73005,13.10904],[-16.73026,13.11174],[-16.72952,13.11239],[-16.72932,13.11281],[-16.72944,13.11372],[-16.73004,13.11421],[-16.73082,13.1144],[-16.73278,13.11413],[-16.7346,13.11335],[-16.73506,13.11298],[-16.73566,13.11204],[-16.73606,13.11073],[-16.7362,13.10942],[-16.736,13.10799],[-16.73618,13.10734],[-16.73668,13.10655],[-16.73715,13.10546],[-16.73722,13.10495],[-16.73682,13.10389],[-16.73575,13.1026],[-16.7347,13.10192],[-16.73281,13.10144],[-16.73179,13.10092],[-16.73147,13.10047],[-16.73109,13.09891],[-16.73058,13.0983],[-16.73006,13.09822],[-16.72834,13.09879],[-16.72694,13.09889],[-16.72633,13.09851],[-16.72599,13.098],[-16.72591,13.09729],[-16.72625,13.09637],[-16.72716,13.09522],[-16.72733,13.09419],[-16.72762,13.09349],[-16.72818,13.09296],[-16.73111,13.09202],[-16.73243,13.09183],[-16.733,13.09163],[-16.73361,13.09095],[-16.73372,13.0904],[-16.73258,13.08818],[-16.73186,13.08696],[-16.73072,13.08532],[-16.7301,13.08424],[-16.72957,13.08297],[-16.72922,13.08164],[-16.72928,13.0804],[-16.72957,13.07965],[-16.73064,13.07834],[-16.73221,13.07701],[-16.73419,13.07477],[-16.73487,13.07495],[-16.73541,13.07469],[-16.73593,13.07482],[-16.73637,13.0752],[-16.73671,13.0751],[-16.73726,13.07437],[-16.73773,13.07418],[-16.73892,13.07471],[-16.74011,13.07496],[-16.74099,13.07494],[-16.74203,13.07454],[-16.74349,13.07351],[-16.74475,13.07236],[-16.7459,13.07076],[-16.74646,13.06977],[-16.74686,13.06865],[-16.74713,13.06745],[-16.74725,13.06398],[-16.74613,13.06199],[-16.74557,13.0607],[-16.74531,13.05901],[-16.74498,13.05813],[-16.74408,13.05681],[-16.74369,13.05591],[-16.74205,13.05015],[-16.74197,13.0493],[-16.74222,13.0415],[-16.7421,13.0405],[-16.74182,13.03979],[-16.73834,13.03354],[-16.73804,13.03283],[-16.73617,13.0266],[-16.73604,13.02538],[-16.73614,13.02378],[-16.73621,13.01983],[-16.7367,13.01137],[-16.73713,13.00882],[-16.73774,13.00658],[-16.73793,13.00447],[-16.73835,13.00265],[-16.73871,12.99972],[-16.73908,12.99819],[-16.73914,12.99646],[-16.73965,12.99476],[-16.73981,12.99287],[-16.74018,12.99035],[-16.74024,12.98939],[-16.74021,12.98732],[-16.74032,12.98552],[-16.74033,12.98394],[-16.74055,12.98254],[-16.74112,12.98107],[-16.74155,12.97865],[-16.74178,12.9769],[-16.74218,12.9752],[-16.74236,12.97376],[-16.74258,12.97274],[-16.74272,12.97125],[-16.74287,12.9706],[-16.74308,12.96859],[-16.7435,12.96607],[-16.74397,12.96217],[-16.74424,12.96072],[-16.74474,12.95942],[-16.74485,12.95829],[-16.74558,12.95523],[-16.74576,12.95344],[-16.74609,12.95168],[-16.74604,12.95113],[-16.74568,12.95011],[-16.74612,12.94786],[-16.74622,12.94655],[-16.74642,12.94538],[-16.74695,12.94403],[-16.7475,12.94239],[-16.74793,12.94157],[-16.74942,12.93812],[-16.74986,12.9372],[-16.75094,12.93447],[-16.75149,12.93261],[-16.75241,12.92915],[-16.75295,12.92798],[-16.75308,12.92721],[-16.75305,12.92633],[-16.75317,12.92526],[-16.75344,12.92462],[-16.75368,12.92303],[-16.75369,12.92138],[-16.75412,12.9189],[-16.75433,12.91596],[-16.75449,12.91519],[-16.75459,12.91382],[-16.75493,12.91207],[-16.75486,12.91065],[-16.75507,12.9094],[-16.75532,12.90874],[-16.75573,12.90682],[-16.75614,12.90554],[-16.7565,12.90408],[-16.75678,12.90248],[-16.75715,12.90178],[-16.75736,12.90091],[-16.75739,12.90003],[-16.75758,12.8991],[-16.75873,12.89601],[-16.75911,12.89388],[-16.75915,12.89301],[-16.75952,12.89193],[-16.75984,12.89043],[-16.75997,12.88856],[-16.76048,12.88655],[-16.76092,12.88412],[-16.76115,12.8822],[-16.76141,12.88075],[-16.76155,12.87897],[-16.76186,12.87771],[-16.762,12.87656],[-16.76245,12.87382],[-16.76252,12.872],[-16.76302,12.86955],[-16.76371,12.8679],[-16.76524,12.86376],[-16.76562,12.86258],[-16.76629,12.86118],[-16.76654,12.86027],[-16.76741,12.85844],[-16.76796,12.85661],[-16.76911,12.85347],[-16.76961,12.85231],[-16.76994,12.85023],[-16.77038,12.849],[-16.77141,12.84496],[-16.77193,12.84416],[-16.7719,12.84176],[-16.77278,12.83946],[-16.77296,12.83867],[-16.77291,12.83722],[-16.77316,12.8357],[-16.77357,12.83369],[-16.77388,12.83257],[-16.77404,12.83143],[-16.77511,12.82842],[-16.77529,12.82687],[-16.776,12.82392],[-16.77625,12.82326],[-16.77675,12.82107],[-16.77716,12.81882],[-16.77725,12.81804],[-16.77734,12.81493],[-16.77757,12.81285],[-16.77776,12.81046],[-16.77776,12.80703],[-16.77802,12.80541],[-16.77867,12.8039],[-16.77904,12.80252],[-16.78089,12.79777],[-16.78222,12.79464],[-16.78279,12.79304],[-16.78432,12.78914],[-16.78483,12.78717],[-16.78531,12.78605],[-16.78587,12.78424],[-16.78677,12.78173],[-16.78701,12.78073],[-16.78748,12.77993],[-16.78778,12.77909],[-16.78797,12.7781],[-16.78859,12.7763],[-16.78909,12.77524],[-16.78957,12.77384],[-16.78992,12.77229],[-16.7906,12.77075],[-16.79076,12.7696],[-16.79077,12.76814],[-16.79099,12.76723],[-16.79108,12.76515],[-16.79106,12.76424],[-16.79078,12.76144],[-16.79044,12.76068],[-16.78978,12.75962],[-16.78905,12.75869],[-16.78838,12.75757],[-16.7872,12.75613],[-16.78672,12.75589],[-16.78632,12.75601],[-16.78547,12.75682],[-16.78397,12.75769],[-16.78377,12.75805],[-16.78059,12.75589],[-16.78233,12.75425],[-16.7836,12.75294],[-16.78449,12.75189],[-16.78517,12.75086],[-16.78646,12.74956],[-16.78717,12.74867],[-16.78748,12.74767],[-16.78715,12.7473],[-16.78641,12.74723],[-16.78534,12.74732],[-16.78441,12.74754],[-16.78308,12.74804],[-16.78158,12.74799],[-16.78062,12.74748],[-16.77854,12.74518],[-16.77803,12.74452],[-16.77736,12.74329],[-16.77687,12.74192],[-16.77658,12.73931],[-16.77632,12.73789],[-16.77614,12.73596],[-16.77604,12.73345],[-16.77608,12.73162],[-16.7763,12.73011],[-16.77691,12.72734],[-16.77758,12.72486],[-16.77806,12.72284],[-16.7789,12.72004],[-16.77946,12.71874],[-16.77999,12.71776],[-16.78039,12.71676],[-16.78098,12.7149],[-16.78181,12.71318],[-16.78238,12.71153],[-16.78279,12.71077],[-16.78351,12.70886],[-16.78417,12.70734],[-16.78546,12.70473],[-16.78621,12.70308],[-16.78655,12.70183],[-16.78729,12.70058],[-16.78796,12.6991],[-16.78883,12.69685],[-16.78791,12.69503],[-16.78757,12.69451],[-16.78682,12.69389],[-16.78613,12.69384],[-16.78548,12.69424],[-16.77168,12.68461],[-16.77397,12.68334],[-16.7757,12.68206],[-16.77712,12.68109],[-16.77984,12.67863],[-16.78171,12.67729],[-16.78238,12.67737],[-16.78271,12.67614],[-16.78307,12.67417],[-16.78355,12.67253],[-16.78402,12.67139],[-16.78474,12.66988],[-16.78519,12.66934],[-16.78637,12.66868],[-16.78628,12.66824],[-16.78533,12.66816],[-16.78506,12.66796],[-16.78525,12.66704],[-16.78501,12.66672],[-16.7837,12.66564],[-16.78239,12.66474],[-16.78181,12.66409],[-16.78105,12.66282],[-16.77965,12.65912],[-16.77916,12.65707],[-16.77879,12.65516],[-16.77819,12.65359],[-16.77756,12.65249],[-16.77697,12.65169],[-16.77234,12.64974],[-16.7739,12.64873],[-16.77506,12.64744],[-16.77621,12.64637],[-16.77686,12.64592],[-16.77735,12.64514],[-16.77727,12.64254],[-16.77669,12.6407],[-16.77652,12.6397],[-16.77658,12.63869],[-16.77628,12.63828],[-16.77507,12.63791],[-16.77427,12.63746],[-16.77347,12.63661],[-16.7732,12.63613],[-16.77158,12.63232],[-16.77117,12.63117],[-16.77066,12.63022],[-16.77012,12.62836],[-16.76989,12.62686],[-16.76944,12.62602],[-16.76883,12.62429],[-16.76824,12.62166],[-16.76697,12.61763],[-16.76637,12.61625],[-16.76596,12.61372],[-16.7657,12.61086],[-16.76583,12.60923],[-16.76584,12.60805],[-16.76563,12.606],[-16.76559,12.6045],[-16.76567,12.60357],[-16.76563,12.60109],[-16.76603,12.59648],[-16.76638,12.59413],[-16.76689,12.59125],[-16.76731,12.58974],[-16.76729,12.58852],[-16.76793,12.58444],[-16.76798,12.58281],[-16.76819,12.58092],[-16.7681,12.5798],[-16.76756,12.57772],[-16.76711,12.57669],[-16.76604,12.57532],[-16.76535,12.57475],[-16.76335,12.57346],[-16.76162,12.57267],[-16.75981,12.57219],[-16.7585,12.57206],[-16.75674,12.57227],[-16.75533,12.57265],[-16.75438,12.57262],[-16.75342,12.57231],[-16.75297,12.57175],[-16.75255,12.5707],[-16.75184,12.56977],[-16.75058,12.5689],[-16.74889,12.56839],[-16.74914,12.55664],[-16.7436,12.55777],[-16.74061,12.55858],[-16.73887,12.55894],[-16.73664,12.55928],[-16.73558,12.5595],[-16.72744,12.56156],[-16.72393,12.5626],[-16.72117,12.56356],[-16.7166,12.56526],[-16.71138,12.56716],[-16.70716,12.5688],[-16.70151,12.57114],[-16.69811,12.57266],[-16.69389,12.57471],[-16.68959,12.57711],[-16.68654,12.57873],[-16.68086,12.58153],[-16.6745,12.58457],[-16.67232,12.58571],[-16.66882,12.58766],[-16.66508,12.5896],[-16.66093,12.59163],[-16.6587,12.59279],[-16.65652,12.594],[-16.65431,12.59532],[-16.65005,12.59793],[-16.64592,12.60052],[-16.64286,12.60238],[-16.64001,12.60424],[-16.63824,12.6055],[-16.63598,12.60735],[-16.63226,12.61065],[-16.62732,12.61464],[-16.62392,12.61747],[-16.61755,12.62292],[-16.61476,12.62538],[-16.61364,12.62644],[-16.61215,12.62796],[-16.60934,12.63059],[-16.60771,12.63205],[-16.60373,12.63547],[-16.60238,12.63658],[-16.60117,12.63746],[-16.59876,12.63898],[-16.5969,12.6403],[-16.59547,12.64145],[-16.59381,12.64258],[-16.59186,12.64373],[-16.58902,12.64485],[-16.58627,12.64608],[-16.58433,12.64681],[-16.58149,12.64755],[-16.57825,12.6482],[-16.57635,12.64829],[-16.57355,12.64834],[-16.56988,12.6481],[-16.56598,12.64748],[-16.56257,12.64678],[-16.55936,12.64583],[-16.5576,12.64523],[-16.55591,12.64453],[-16.5514,12.64242],[-16.54814,12.6408],[-16.54555,12.63943],[-16.54059,12.63662],[-16.53618,12.63402],[-16.53112,12.63054],[-16.52109,12.62295],[-16.51823,12.62065],[-16.51277,12.61678],[-16.51105,12.61547],[-16.50796,12.61328],[-16.50533,12.61164],[-16.50294,12.61035],[-16.49957,12.60864],[-16.49175,12.60518],[-16.48883,12.60447],[-16.48574,12.60353],[-16.48052,12.60268],[-16.47594,12.60202],[-16.47292,12.60169],[-16.47028,12.60156],[-16.46756,12.60121],[-16.46464,12.60064],[-16.46186,12.60019],[-16.45985,12.59997],[-16.4581,12.59991],[-16.45632,12.59995],[-16.45266,12.59885],[-16.44949,12.59759],[-16.44809,12.59714],[-16.44701,12.59661],[-16.44644,12.59614],[-16.44018,12.5896],[-16.43725,12.58698],[-16.43357,12.58253],[-16.42835,12.57802],[-16.42591,12.57667],[-16.42184,12.57502],[-16.41785,12.57425],[-16.4146,12.57331],[-16.41114,12.57289],[-16.40977,12.57264],[-16.40586,12.57181],[-16.40443,12.57159],[-16.40108,12.5712],[-16.39762,12.57053],[-16.39501,12.56927],[-16.39217,12.56753],[-16.38784,12.56356],[-16.38379,12.5597],[-16.38229,12.55813],[-16.38099,12.55694],[-16.37968,12.55599],[-16.3778,12.55485],[-16.37374,12.55295],[-16.3713,12.55265],[-16.36881,12.5526],[-16.36554,12.55299],[-16.3614,12.55437],[-16.35865,12.55645],[-16.35616,12.55895],[-16.35413,12.56116],[-16.3526,12.56316],[-16.35139,12.56503],[-16.34648,12.5735],[-16.34399,12.57837],[-16.34151,12.58493],[-16.33946,12.58896],[-16.33845,12.59079],[-16.33644,12.59419],[-16.33416,12.59709],[-16.33272,12.59868],[-16.33071,12.60021],[-16.32861,12.60173],[-16.32537,12.60318],[-16.32025,12.60425],[-16.31546,12.6045],[-16.30929,12.60438],[-16.30653,12.60455],[-16.3023,12.60369],[-16.29987,12.60283],[-16.29728,12.6016],[-16.29575,12.60067],[-16.29408,12.59951],[-16.29131,12.59801],[-16.28836,12.59629],[-16.28618,12.59492],[-16.28244,12.59263],[-16.27893,12.59137],[-16.27704,12.59127],[-16.27547,12.59106],[-16.2735,12.59101],[-16.27187,12.59116],[-16.26894,12.59101],[-16.26589,12.5904],[-16.2637,12.59013],[-16.26219,12.59011],[-16.25912,12.59027],[-16.25481,12.59093],[-16.25306,12.59139],[-16.25104,12.59203],[-16.24877,12.59303],[-16.2466,12.59424],[-16.24444,12.5956],[-16.24191,12.597],[-16.23996,12.59818],[-16.23864,12.59913],[-16.23663,12.60079],[-16.23483,12.60211],[-16.2323,12.60381],[-16.23035,12.60543],[-16.22937,12.60615],[-16.22712,12.60758],[-16.22437,12.60909],[-16.22048,12.61022],[-16.21838,12.61069],[-16.21569,12.61103],[-16.21341,12.61073],[-16.21167,12.61029],[-16.2099,12.60968],[-16.20837,12.60894],[-16.20577,12.60732],[-16.20275,12.60504],[-16.19949,12.60298],[-16.1972,12.60111],[-16.1929,12.59753],[-16.19118,12.59605],[-16.18894,12.59403],[-16.18717,12.59228],[-16.18594,12.59121],[-16.1849,12.5904],[-16.18327,12.58926],[-16.18164,12.58831],[-16.17945,12.58792],[-16.177,12.58795],[-16.17481,12.58816],[-16.17028,12.58891],[-16.12696,12.59899],[-16.12428,12.59984],[-16.12257,12.60069],[-16.12024,12.60214],[-16.11879,12.60318],[-16.11783,12.60408],[-16.11627,12.60589],[-16.11407,12.60803],[-16.11236,12.60957],[-16.11012,12.61134],[-16.10655,12.61367],[-16.1038,12.61496],[-16.10121,12.616],[-16.09682,12.61706],[-16.08951,12.61756],[-16.08083,12.618],[-16.07533,12.61781],[-16.07207,12.61773],[-16.06968,12.61773],[-16.06599,12.61792],[-16.06353,12.61798],[-16.06085,12.61791],[-16.05906,12.61808],[-16.05699,12.61868],[-16.05584,12.6191],[-16.05391,12.61997],[-16.05127,12.62091],[-16.04707,12.62339],[-16.04415,12.62604],[-16.04011,12.63044],[-16.03623,12.63444],[-16.0317,12.63948],[-16.02847,12.64364],[-16.02572,12.64684],[-16.02289,12.65051],[-16.02022,12.65292],[-16.0169,12.65548],[-16.01502,12.6566],[-16.01601,12.65851],[-16.01718,12.66232],[-16.01881,12.66719],[-16.0203,12.67238],[-16.02031,12.67468],[-16.02015,12.67716],[-16.01985,12.68378],[-16.01962,12.68633],[-16.01907,12.69135],[-16.01843,12.6939],[-16.0178,12.6971],[-16.01731,12.69822],[-16.01618,12.70046],[-16.01495,12.70334],[-16.01446,12.70461],[-16.01385,12.70644],[-16.01359,12.70848],[-16.01333,12.71103],[-16.01283,12.71378],[-16.01218,12.71506],[-16.01137,12.71602],[-16.00981,12.71833],[-16.0094,12.71922],[-16.00911,12.72033],[-16.00977,12.72175],[-16.01034,12.72256],[-16.0114,12.72328],[-16.01319,12.72524],[-16.01466,12.72678],[-16.01809,12.73003],[-16.01965,12.73313],[-16.01982,12.73548],[-16.0199,12.73791],[-16.01966,12.74028],[-16.0196,12.74302],[-16.01992,12.74488],[-16.02101,12.75003],[-16.02102,12.75154],[-16.02005,12.7529],[-16.01875,12.75395],[-16.01414,12.7569],[-16.01243,12.75836],[-16.0104,12.76044],[-16.00854,12.76172],[-16.0071,12.76247],[-16.00563,12.763],[-16.00358,12.7639],[-16.00252,12.76425],[-16.00046,12.76476],[-15.99767,12.76528],[-15.99516,12.76614],[-15.99253,12.77152],[-15.99178,12.77488],[-15.98976,12.78035],[-15.9891,12.78134],[-15.98824,12.78236],[-15.9876,12.78515],[-15.9875,12.78708],[-15.98773,12.78837],[-15.98777,12.78938],[-15.98899,12.79226],[-15.98961,12.79329],[-15.98995,12.79417],[-15.99081,12.79576],[-15.99125,12.79693],[-15.9923,12.79856],[-15.99345,12.80019],[-15.99408,12.8013],[-15.9945,12.80182],[-15.99455,12.80261],[-15.99675,12.80499],[-15.99968,12.80776],[-15.99998,12.80915],[-16.00088,12.81407],[-16.00135,12.81846],[-16.00141,12.81943],[-16.0014,12.82193],[-16.00115,12.82413],[-16.00058,12.82524],[-16,12.82597],[-15.99791,12.82893],[-15.99525,12.8301],[-15.99296,12.83179],[-15.99078,12.83292],[-15.98789,12.83467],[-15.9847,12.83776],[-15.98058,12.84291],[-15.97741,12.84554],[-15.97636,12.84652],[-15.97566,12.84806],[-15.9731,12.85275],[-15.97169,12.85715],[-15.97346,12.8631],[-15.97448,12.86478],[-15.97592,12.86754],[-15.97674,12.86959],[-15.97746,12.87113],[-15.97829,12.8757],[-15.97796,12.87804],[-15.97748,12.87971],[-15.9774,12.88056],[-15.97685,12.88173],[-15.9759,12.88401],[-15.97541,12.887],[-15.97498,12.88789],[-15.97464,12.88927],[-15.97459,12.89084],[-15.97427,12.89148],[-15.9737,12.89186],[-15.97343,12.89262],[-15.97524,12.89386],[-15.97567,12.89401],[-15.97626,12.89383],[-15.97692,12.89326],[-15.97803,12.89276],[-15.97864,12.89274],[-15.98114,12.893],[-15.98238,12.89296],[-15.98318,12.89311],[-15.98448,12.8939],[-15.98469,12.89436],[-15.98473,12.89528],[-15.98542,12.89759],[-15.98551,12.89882],[-15.98528,12.89987],[-15.98494,12.90055],[-15.98366,12.90174],[-15.98297,12.90257],[-15.98,12.90406],[-15.98,12.90492],[-15.98034,12.90562],[-15.9808,12.90615],[-15.9818,12.90674],[-15.98251,12.90757],[-15.98279,12.90816],[-15.98301,12.91049],[-15.98321,12.91134],[-15.98356,12.91208],[-15.98368,12.91309],[-15.98427,12.91388],[-15.98523,12.91397],[-15.98616,12.91389],[-15.98824,12.91392],[-15.98959,12.91412],[-15.99147,12.9145],[-15.99383,12.9152],[-15.99454,12.91559],[-15.99525,12.9165],[-15.99543,12.91787],[-15.99522,12.91864],[-15.99467,12.9192],[-15.99411,12.92022],[-15.9938,12.92108],[-15.99286,12.92324],[-15.99229,12.92483],[-15.99143,12.92669],[-15.9908,12.92727],[-15.98969,12.92774],[-15.98826,12.92805],[-15.98755,12.9285],[-15.98731,12.92897],[-15.98722,12.93016],[-15.98729,12.93136],[-15.98723,12.9328],[-15.98734,12.93371],[-15.98844,12.93618],[-15.98844,12.93696],[-15.98805,12.93842],[-15.98801,12.93927],[-15.98816,12.94037],[-15.9879,12.94143],[-15.98698,12.94268],[-15.98687,12.94403],[-15.98659,12.94504],[-15.98612,12.94563],[-15.98517,12.94604],[-15.98461,12.94646],[-15.98332,12.94794],[-15.98234,12.9488],[-15.98164,12.94962],[-15.98095,12.95012],[-15.97876,12.95152],[-15.97708,12.95234],[-15.97579,12.95271],[-15.97439,12.95268],[-15.97322,12.95283],[-15.97113,12.95338],[-15.97025,12.95378],[-15.96874,12.95529],[-15.96745,12.95707],[-15.96623,12.95833],[-15.96586,12.95895],[-15.96572,12.95981],[-15.9657,12.96112],[-15.96587,12.96236],[-15.9661,12.96304],[-15.96694,12.96455],[-15.96675,12.96519],[-15.96624,12.96606],[-15.96588,12.96725],[-15.96567,12.96881],[-15.96514,12.97018],[-15.96404,12.97184],[-15.96341,12.97318],[-15.96289,12.97392],[-15.96169,12.97543],[-15.96115,12.97672],[-15.9611,12.97761],[-15.96069,12.97867],[-15.96029,12.97923],[-15.95944,12.97984],[-15.95861,12.98001],[-15.95763,12.98],[-15.95647,12.97958],[-15.95557,12.9794],[-15.95437,12.98012],[-15.95212,12.98079],[-15.95064,12.98112],[-15.94823,12.98223],[-15.94856,12.9827],[-15.94929,12.98319],[-15.94952,12.98378],[-15.94939,12.98423],[-15.94864,12.98545],[-15.94795,12.98615],[-15.94704,12.9867],[-15.94641,12.98729],[-15.94589,12.98805],[-15.94421,12.98983],[-15.94218,12.9918],[-15.94147,12.99264],[-15.94037,12.9944],[-15.93931,12.997],[-15.93843,12.99818],[-15.93729,12.99943],[-15.9364,13.00111],[-15.93459,13.00411],[-15.93398,13.00546],[-15.93357,13.00676],[-15.93345,13.00824],[-15.93308,13.00961],[-15.93203,13.01211],[-15.93142,13.01305],[-15.93031,13.01537],[-15.9302,13.01613],[-15.93027,13.01724],[-15.93005,13.01815],[-15.92949,13.01939],[-15.92878,13.02047],[-15.92825,13.02108],[-15.92796,13.02166],[-15.92758,13.02423],[-15.92746,13.02632],[-15.9276,13.02821],[-15.92743,13.02985],[-15.92663,13.03244],[-15.92613,13.03337],[-15.92533,13.03459],[-15.92508,13.03515],[-15.92473,13.03748],[-15.92462,13.03871],[-15.9241,13.04009],[-15.9224,13.04337],[-15.92155,13.04525],[-15.92059,13.04669],[-15.91989,13.04741],[-15.91899,13.04891],[-15.91832,13.04965],[-15.91774,13.0505],[-15.91677,13.05171],[-15.91595,13.05325],[-15.91508,13.05455],[-15.91357,13.0576],[-15.9128,13.05851],[-15.91191,13.05996],[-15.91131,13.0606],[-15.91026,13.06125],[-15.90872,13.06236],[-15.90783,13.06327],[-15.90687,13.06405],[-15.90459,13.06567],[-15.9039,13.06657],[-15.90355,13.06754],[-15.90269,13.0688],[-15.90133,13.07001],[-15.90069,13.07094],[-15.90035,13.07217],[-15.90021,13.07387],[-15.89991,13.07601],[-15.89924,13.07926],[-15.89889,13.08149],[-15.89848,13.08335],[-15.89702,13.0865],[-15.89636,13.08732],[-15.89616,13.08821],[-15.89649,13.08877],[-15.89737,13.0893],[-15.89856,13.08955],[-15.89912,13.08986],[-15.90022,13.09072],[-15.90164,13.09155],[-15.90382,13.09293],[-15.90501,13.09426],[-15.90634,13.09488],[-15.90703,13.0951],[-15.90788,13.09515],[-15.90863,13.09504],[-15.90971,13.09461],[-15.91297,13.09407],[-15.91437,13.09396],[-15.91573,13.09354],[-15.91843,13.09347],[-15.92153,13.09295],[-15.92246,13.09292],[-15.92423,13.0934],[-15.92535,13.09389],[-15.92668,13.09479],[-15.92722,13.09537],[-15.92842,13.09753],[-15.92979,13.09893],[-15.93024,13.0998],[-15.93091,13.10158],[-15.93315,13.10612],[-15.93353,13.10713],[-15.93432,13.10998],[-15.93475,13.11207],[-15.93486,13.1131],[-15.93482,13.11607],[-15.93465,13.11678],[-15.9341,13.11745],[-15.93385,13.11799],[-15.93391,13.11997],[-15.93374,13.12049],[-15.93299,13.12163],[-15.93125,13.12346],[-15.93059,13.12429],[-15.93009,13.12526],[-15.92941,13.12599],[-15.92767,13.12746],[-15.92681,13.12884],[-15.9265,13.12919],[-15.92513,13.13017],[-15.92432,13.13143],[-15.92352,13.132],[-15.92181,13.13274],[-15.91966,13.13414],[-15.91779,13.13522],[-15.91623,13.13627],[-15.91437,13.13777],[-15.91348,13.13866],[-15.91205,13.14069],[-15.91017,13.14277],[-15.90958,13.14324],[-15.90695,13.14462],[-15.90308,13.1462],[-15.8992,13.14693],[-15.8981,13.14702],[-15.89622,13.14692],[-15.89467,13.16781]]]},"properties":{"slug":"bignona","name":"Bignona","department":"Bignona","code":"SN1401","parent":"region-ziguinchor"}},{"type":"Feature","geometry":{"type":"Polygon","coordinates":[[[-16.14687,13.59065],[-16.12006,13.63496],[-16.2319,14.10722],[-16.23249,14.10934],[-16.23355,14.11239],[-16.23477,14.11448],[-16.25977,14.13455],[-16.26296,14.13692],[-16.2654,14.1387],[-16.29925,14.1581],[-16.30056,14.15877],[-16.30228,14.15946],[-16.30548,14.16045],[-16.30769,14.16102],[-16.30952,14.16136],[-16.32998,14.16251],[-16.33004,14.16251],[-16.42761,14.16756],[-16.42935,14.16754],[-16.43061,14.16736],[-16.43259,14.16684],[-16.43517,14.166],[-16.43733,14.16495],[-16.70615,14.00631],[-16.71992,13.99313],[-16.72079,13.99224],[-16.74275,13.96893],[-16.74426,13.96723],[-16.74595,13.96509],[-16.74872,13.96118],[-16.74997,13.95932],[-16.75115,13.95728],[-16.75215,13.95499],[-16.75254,13.95379],[-16.75301,13.95197],[-16.76297,13.89368],[-16.76299,13.89351],[-16.76868,13.78995],[-16.76857,13.7896],[-16.67034,13.65706],[-16.67005,13.6567],[-16.64301,13.62773],[-16.64173,13.62654],[-16.64067,13.6259],[-16.63936,13.62527],[-16.6344,13.62326],[-16.55148,13.59149],[-16.37084,13.59111],[-16.14687,13.59065]]]},"properties":{"slug":"foundiougne","name":"Foundiougne","department":"Foundiougne","code":"SN0302","parent":"region-fatick"}},{"type":"Feature","geometry":{"type":"Polygon","coordinates":[[[-13.68972,14.41101],[-13.7802,14.41289],[-13.85472,14.33682],[-13.91273,14.22598],[-13.96794,14.18466],[-13.97796,14.13597],[-13.95704,14.08774],[-14.17218,13.91739],[-14.18367,13.88872],[-14.16533,13.88041],[-14.17923,13.86203],[-14.16781,13.83712],[-14.19535,13.79228],[-14.29729,13.6885],[-14.33042,13.6789],[-14.37307,13.69675],[-14.43031,13.50971],[-14.31978,13.45534],[-14.23716,13.47448],[-14.15742,13.53479],[-14.02355,13.55451],[-13.9777,13.58057],[-13.90021,13.56229],[-13.85996,13.51001],[-13.83452,13.50427],[-13.82121,13.54677],[-13.78776,13.54447],[-13.80358,13.46822],[-13.77031,13.48609],[-13.71588,13.46602],[-13.75666,13.43398],[-13.75008,13.40176],[-13.77231,13.37481],[-13.67194,13.38081],[-13.70223,13.34043],[-13.66163,13.34067],[-13.68668,13.28954],[-13.63745,13.2732],[-13.64139,13.24494],[-13.60652,13.23939],[-13.59548,13.21324],[-13.61289,13.20263],[-13.60235,13.19714],[-13.61599,13.17367],[-13.60034,13.15402],[-13.61519,13.13391],[-13.59125,13.12876],[-13.59844,13.1148],[-13.58225,13.10858],[-13.58155,13.08512],[-13.56605,13.09298],[-13.57362,13.06499],[-13.5551,13.07668],[-13.55543,13.05339],[-13.51676,13.03818],[-13.53101,13.00648],[-13.50239,13.00482],[-13.51551,12.98934],[-13.49708,12.96808],[-13.51783,12.95275],[-13.49778,12.94774],[-13.50312,12.91007],[-13.46448,12.89579],[-13.47536,12.8737],[-13.45232,12.8508],[-13.48069,12.85011],[-13.4682,12.83819],[-13.47812,12.80586],[-13.46246,12.80124],[-13.47284,12.7811],[-13.45897,12.76979],[-13.47061,12.69624],[-13.43507,12.70791],[-13.43825,12.70125],[-13.44618,12.69653],[-13.42352,12.67305],[-13.3731,12.6955],[-13.34901,12.69097],[-13.33048,12.64354],[-13.28109,12.65636],[-13.2288,12.63978],[-13.20869,12.65373],[-13.17998,12.62693],[-13.15887,12.64295],[-13.13878,12.63304],[-13.11726,12.68491],[-13.09319,12.70023],[-13.11984,12.76742],[-13.10035,12.81768],[-13.15296,12.8365],[-13.14653,12.85772],[-13.17252,12.8708],[-13.18304,12.89897],[-13.15577,12.89884],[-13.14698,12.9287],[-13.18124,12.97051],[-13.19087,12.96359],[-13.21273,13.00503],[-13.23871,13.01183],[-13.20576,13.03289],[-13.20888,13.05143],[-13.16912,13.06568],[-13.16625,13.0511],[-13.13322,13.05647],[-13.0853,13.0308],[-13.05256,13.06552],[-13.02475,13.05625],[-12.99193,13.08284],[-12.96599,13.07014],[-12.92953,13.08253],[-12.93504,13.06514],[-12.91149,13.04298],[-12.89942,13.0533],[-12.86431,13.01646],[-12.83818,13.01773],[-12.81273,12.99603],[-12.81131,13.03081],[-12.77464,13.03569],[-12.76004,13.07467],[-12.7266,13.07073],[-12.68583,13.1063],[-12.6667,13.13656],[-12.67511,13.17417],[-12.64855,13.17509],[-12.6319,13.19425],[-12.60418,13.18929],[-12.59174,13.2073],[-12.55314,13.18228],[-12.48983,13.191],[-12.46511,13.2363],[-12.47313,13.3283],[-12.52416,13.37258],[-12.58273,13.45876],[-12.63468,13.46699],[-12.68653,13.52627],[-12.71693,13.53175],[-12.74924,13.56474],[-12.79792,13.54521],[-12.80859,13.52637],[-12.85623,13.52294],[-12.86056,13.49495],[-12.91539,13.46169],[-12.9103,13.45025],[-12.97666,13.42553],[-12.99583,13.40603],[-12.99154,13.38873],[-13.02519,13.38136],[-13.02335,13.36434],[-13.04508,13.34858],[-13.06333,13.3509],[-13.0532,13.37111],[-13.08013,13.39973],[-13.07535,13.41745],[-13.08894,13.41633],[-13.0754,13.46017],[-13.09943,13.45395],[-13.18246,13.48608],[-13.21253,13.45163],[-13.2386,13.44494],[-13.23551,13.42816],[-13.25998,13.44875],[-13.28032,13.43557],[-13.27999,13.45452],[-13.30445,13.4608],[-13.31607,13.45376],[-13.31116,13.42638],[-13.32613,13.42734],[-13.35069,13.49091],[-13.34065,13.54756],[-13.39843,13.55147],[-13.42147,13.58834],[-13.45674,13.59593],[-13.48723,13.62533],[-13.43452,13.68831],[-13.41152,13.68416],[-13.34094,13.72827],[-13.38923,13.82346],[-13.44944,13.84714],[-13.49426,13.89835],[-13.51203,13.89607],[-13.511,13.86982],[-13.551,13.85739],[-13.56626,13.87176],[-13.59387,13.86747],[-13.60274,13.91151],[-13.63161,13.88373],[-13.69094,13.90553],[-13.70758,13.9517],[-13.69933,14.02631],[-13.67571,14.05828],[-13.67658,14.10731],[-13.59599,14.18162],[-13.5161,14.31417],[-13.52044,14.40733],[-13.68972,14.41101]]]},"properties":{"slug":"tambacounda","name":"Tambacounda","department":"Tambacounda","code":"SN1204","parent":"region-tambacounda"}},{"type":"Feature","geometry":{"type":"Polygon","coordinates":[[[-17.41908,14.77584],[-17.47988,14.76619],[-17.48013,14.76614],[-17.51326,14.75752],[-17.51506,14.75694],[-17.51641,14.75639],[-17.5269,14.7505],[-17.52845,14.74904],[-17.53022,14.74363],[-17.52977,14.74097],[-17.47297,14.65106],[-17.47294,14.65104],[-17.4325,14.64676],[-17.43216,14.6468],[-17.39766,14.66327],[-17.39701,14.66416],[-17.39673,14.66529],[-17.39669,14.66685],[-17.41703,14.77119],[-17.41908,14.77584]]]},"properties":{"slug":"dakar","name":"Dakar","department":"Dakar","code":"SN0101","parent":"region-dakar"}},{"type":"Feature","geometry":{"type":"Polygon","coordinates":[[[-17.33746,14.80652],[-17.33948,14.80289],[-17.33487,14.79397],[-17.33619,14.78232],[-17.33361,14.7641],[-17.32968,14.76931],[-17.32677,14.77072],[-17.31779,14.77104],[-17.30837,14.76258],[-17.30444,14.75574],[-17.30324,14.7527],[-17.29924,14.75291],[-17.29114,14.78628],[-17.29967,14.82374],[-17.30893,14.81967],[-17.33746,14.80652]]]},"properties":{"slug":"keur-massar","name":"Keur Massar","department":"Keur Massar","code":"SN0105","parent":"region-dakar"}}]}