{"type":"FeatureCollection","features":[{"type":"Feature","properties":{"slug":"commune-dakar-plateau-dakar","name":"Dakar-Plateau","level":"commune","parent":"departement-dakar"},"geometry":{"type":"Point","coordinates":[-17.43448,14.67469]}},{"type":"Feature","properties":{"slug":"commune-gueule-tapee-fass-colobane-dakar","name":"Gueule Tapée-Fass-Colobane","level":"commune","parent":"departement-dakar"},"geometry":{"type":"Point","coordinates":[-17.45695,14.68556]}},{"type":"Feature","properties":{"slug":"commune-fann-point-e-amitie-dakar","name":"Fann-Point E-Amitié","level":"commune","parent":"departement-dakar"},"geometry":{"type":"Point","coordinates":[-17.46548,14.69088]}},{"type":"Feature","properties":{"slug":"commune-medina-dakar","name":"Médina","level":"commune","parent":"departement-dakar"},"geometry":{"type":"Point","coordinates":[-17.44761,14.68332]}},{"type":"Feature","properties":{"slug":"commune-grand-dakar-dakar","name":"Grand Dakar","level":"commune","parent":"departement-dakar"},"geometry":{"type":"Point","coordinates":[-17.45586,14.70716]}},{"type":"Feature","properties":{"slug":"commune-goree-dakar","name":"Gorée","level":"commune","parent":"departement-dakar"},"geometry":{"type":"Point","coordinates":[-17.39802,14.66617]}},{"type":"Feature","properties":{"slug":"commune-biscuiterie-dakar","name":"Biscuiterie","level":"commune","parent":"departement-dakar"},"geometry":{"type":"Point","coordinates":[-17.45028,14.71246]}},{"type":"Feature","properties":{"slug":"commune-dieuppeul-derkle-dakar","name":"Dieuppeul-Derklé","level":"commune","parent":"departement-dakar"},"geometry":{"type":"Point","coordinates":[-17.4524,14.72313]}},{"type":"Feature","properties":{"slug":"commune-hann-bel-air-dakar","name":"Hann-Bel Air","level":"commune","parent":"departement-dakar"},"geometry":{"type":"Point","coordinates":[-17.43289,14.69877]}},{"type":"Feature","properties":{"slug":"commune-sicap-liberte-dakar","name":"Sicap-Liberté","level":"commune","parent":"departement-dakar"},"geometry":{"type":"Point","coordinates":[-17.46402,14.72354]}},{"type":"Feature","properties":{"slug":"commune-h-l-m-dakar","name":"H.L.M","level":"commune","parent":"departement-dakar"},"geometry":{"type":"Point","coordinates":[-17.44403,14.72102]}},{"type":"Feature","properties":{"slug":"commune-mermoz-sacre-coeur-dakar","name":"Mermoz-Sacré Cœur","level":"commune","parent":"departement-dakar"},"geometry":{"type":"Point","coordinates":[-17.47373,14.70758]}},{"type":"Feature","properties":{"slug":"commune-ouakam-dakar","name":"Ouakam","level":"commune","parent":"departement-dakar"},"geometry":{"type":"Point","coordinates":[-17.49391,14.723]}},{"type":"Feature","properties":{"slug":"commune-ngor-dakar","name":"Ngor","level":"commune","parent":"departement-dakar"},"geometry":{"type":"Point","coordinates":[-17.5192,14.74458]}},{"type":"Feature","properties":{"slug":"commune-yoff-dakar","name":"Yoff","level":"commune","parent":"departement-dakar"},"geometry":{"type":"Point","coordinates":[-17.48129,14.75528]}},{"type":"Feature","properties":{"slug":"commune-grand-yoff-dakar","name":"Grand Yoff","level":"commune","parent":"departement-dakar"},"geometry":{"type":"Point","coordinates":[-17.46205,14.73783]}},{"type":"Feature","properties":{"slug":"commune-patte-d-oie-dakar","name":"Patte D'Oie","level":"commune","parent":"departement-dakar"},"geometry":{"type":"Point","coordinates":[-17.4323,14.74852]}},{"type":"Feature","properties":{"slug":"commune-parcelles-assainies-dakar","name":"Parcelles Assainies","level":"commune","parent":"departement-dakar"},"geometry":{"type":"Point","coordinates":[-17.4421,14.7587]}},{"type":"Feature","properties":{"slug":"commune-camberene-dakar","name":"Cambérène","level":"commune","parent":"departement-dakar"},"geometry":{"type":"Point","coordinates":[-17.42794,14.77917]}},{"type":"Feature","properties":{"slug":"commune-golf-sud-guediawaye","name":"Golf Sud","level":"commune","parent":"departement-guediawaye"},"geometry":{"type":"Point","coordinates":[-17.41689,14.76568]}},{"type":"Feature","properties":{"slug":"commune-sam-notaire-guediawaye","name":"Sam Notaire","level":"commune","parent":"departement-guediawaye"},"geometry":{"type":"Point","coordinates":[-17.39471,14.7763]}},{"type":"Feature","properties":{"slug":"commune-ndiareme-limamoulaye-guediawaye","name":"Ndiarème Limamoulaye","level":"commune","parent":"departement-guediawaye"},"geometry":{"type":"Point","coordinates":[-17.39436,14.79996]}},{"type":"Feature","properties":{"slug":"commune-medina-gounass-guediawaye","name":"Médina Gounass","level":"commune","parent":"departement-guediawaye"},"geometry":{"type":"Point","coordinates":[-17.38334,14.76965]}},{"type":"Feature","properties":{"slug":"commune-wakhinane-nimzatt-guediawaye","name":"Wakhinane Nimzatt","level":"commune","parent":"departement-guediawaye"},"geometry":{"type":"Point","coordinates":[-17.37558,14.79912]}},{"type":"Feature","properties":{"slug":"commune-yeumbeul-nord-keur-massar","name":"Yeumbeul Nord","level":"commune","parent":"departement-keur-massar"},"geometry":{"type":"Point","coordinates":[-17.35461,14.7807]}},{"type":"Feature","properties":{"slug":"commune-yeumbeul-sud-keur-massar","name":"Yeumbeul Sud","level":"commune","parent":"departement-keur-massar"},"geometry":{"type":"Point","coordinates":[-17.36532,14.76802]}},{"type":"Feature","properties":{"slug":"commune-keur-massar-nord-keur-massar","name":"Keur Massar Nord","level":"commune","parent":"departement-keur-massar"},"geometry":{"type":"Point","coordinates":[-17.30619,14.79583]}},{"type":"Feature","properties":{"slug":"commune-malika-keur-massar","name":"Malika","level":"commune","parent":"departement-keur-massar"},"geometry":{"type":"Point","coordinates":[-17.33716,14.80732]}},{"type":"Feature","properties":{"slug":"commune-keur-massar-sud-keur-massar","name":"Keur Massar Sud","level":"commune","parent":"departement-keur-massar"},"geometry":{"type":"Point","coordinates":[-17.30531,14.76824]}},{"type":"Feature","properties":{"slug":"commune-jaxaay-parcelles-keur-massar","name":"Jaxaay-Parcelles","level":"commune","parent":"departement-keur-massar"},"geometry":{"type":"Point","coordinates":[-17.28716,14.76819]}},{"type":"Feature","properties":{"slug":"commune-thiaroye-gare-pikine","name":"Thiaroye Gare","level":"commune","parent":"departement-pikine"},"geometry":{"type":"Point","coordinates":[-17.3742,14.75731]}},{"type":"Feature","properties":{"slug":"commune-mbao-pikine","name":"Mbao","level":"commune","parent":"departement-pikine"},"geometry":{"type":"Point","coordinates":[-17.32051,14.74829]}},{"type":"Feature","properties":{"slug":"commune-thiaroye-sur-mer-pikine","name":"Thiaroye sur Mer","level":"commune","parent":"departement-pikine"},"geometry":{"type":"Point","coordinates":[-17.35781,14.74087]}},{"type":"Feature","properties":{"slug":"commune-tivaouane-diacksao-pikine","name":"Tivaouane-Diacksao","level":"commune","parent":"departement-pikine"},"geometry":{"type":"Point","coordinates":[-17.36697,14.75024]}},{"type":"Feature","properties":{"slug":"commune-diamagueune-sicap-mbao-pikine","name":"Diamagueune-Sicap Mbao","level":"commune","parent":"departement-pikine"},"geometry":{"type":"Point","coordinates":[-17.35217,14.75675]}},{"type":"Feature","properties":{"slug":"commune-pikine-ouest-pikine","name":"Pikine Ouest","level":"commune","parent":"departement-pikine"},"geometry":{"type":"Point","coordinates":[-17.4093,14.7549]}},{"type":"Feature","properties":{"slug":"commune-pikine-est-pikine","name":"Pikine Est","level":"commune","parent":"departement-pikine"},"geometry":{"type":"Point","coordinates":[-17.38686,14.75879]}},{"type":"Feature","properties":{"slug":"commune-pikine-nord-pikine","name":"Pikine Nord","level":"commune","parent":"departement-pikine"},"geometry":{"type":"Point","coordinates":[-17.39501,14.76097]}},{"type":"Feature","properties":{"slug":"commune-dalifort-pikine","name":"Dalifort","level":"commune","parent":"departement-pikine"},"geometry":{"type":"Point","coordinates":[-17.40926,14.74089]}},{"type":"Feature","properties":{"slug":"commune-djidah-thiaroye-kao-pikine","name":"Djidah Thiaroye Kao","level":"commune","parent":"departement-pikine"},"geometry":{"type":"Point","coordinates":[-17.37731,14.76644]}},{"type":"Feature","properties":{"slug":"commune-guinaw-rail-nord-pikine","name":"Guinaw Rail Nord","level":"commune","parent":"departement-pikine"},"geometry":{"type":"Point","coordinates":[-17.38272,14.75369]}},{"type":"Feature","properties":{"slug":"commune-guinaw-rail-sud-pikine","name":"Guinaw Rail Sud","level":"commune","parent":"departement-pikine"},"geometry":{"type":"Point","coordinates":[-17.38784,14.74787]}},{"type":"Feature","properties":{"slug":"commune-rufisque-ouest-rufisque","name":"Rufisque Ouest","level":"commune","parent":"departement-rufisque"},"geometry":{"type":"Point","coordinates":[-17.2977,14.72921]}},{"type":"Feature","properties":{"slug":"commune-rufisque-est-rufisque","name":"Rufisque Est","level":"commune","parent":"departement-rufisque"},"geometry":{"type":"Point","coordinates":[-17.26013,14.71207]}},{"type":"Feature","properties":{"slug":"commune-rufisque-nord-rufisque","name":"Rufisque Nord","level":"commune","parent":"departement-rufisque"},"geometry":{"type":"Point","coordinates":[-17.27047,14.73117]}},{"type":"Feature","properties":{"slug":"commune-bargny-rufisque","name":"Bargny","level":"commune","parent":"departement-rufisque"},"geometry":{"type":"Point","coordinates":[-17.23564,14.70256]}},{"type":"Feature","properties":{"slug":"commune-sendou-rufisque","name":"Sendou","level":"commune","parent":"departement-rufisque"},"geometry":{"type":"Point","coordinates":[-17.19819,14.67344]}},{"type":"Feature","properties":{"slug":"commune-diamniadio-rufisque","name":"Diamniadio","level":"commune","parent":"departement-rufisque"},"geometry":{"type":"Point","coordinates":[-17.20247,14.73551]}},{"type":"Feature","properties":{"slug":"commune-yenne-rufisque","name":"Yenne","level":"commune","parent":"departement-rufisque"},"geometry":{"type":"Point","coordinates":[-17.16312,14.6572]}},{"type":"Feature","properties":{"slug":"commune-sebikotane-rufisque","name":"Sébikotane","level":"commune","parent":"departement-rufisque"},"geometry":{"type":"Point","coordinates":[-17.13945,14.74467]}},{"type":"Feature","properties":{"slug":"commune-sangalkam-rufisque","name":"Sangalkam","level":"commune","parent":"departement-rufisque"},"geometry":{"type":"Point","coordinates":[-17.25469,14.75825]}},{"type":"Feature","properties":{"slug":"commune-tivaouane-peulh-niagha-rufisque","name":"Tivaouane Peulh-Niagha","level":"commune","parent":"departement-rufisque"},"geometry":{"type":"Point","coordinates":[-17.26443,14.81883]}},{"type":"Feature","properties":{"slug":"commune-bambilor-rufisque","name":"Bambilor","level":"commune","parent":"departement-rufisque"},"geometry":{"type":"Point","coordinates":[-17.17681,14.82319]}},{"type":"Feature","properties":{"slug":"commune-dinguiraye-bambey","name":"Dinguiraye","level":"commune","parent":"departement-bambey"},"geometry":{"type":"Point","coordinates":[-16.42151,14.98127]}},{"type":"Feature","properties":{"slug":"commune-baba-garage-bambey","name":"Baba Garage","level":"commune","parent":"departement-bambey"},"geometry":{"type":"Point","coordinates":[-16.495,14.9236]}},{"type":"Feature","properties":{"slug":"commune-keur-samba-kane-bambey","name":"Keur Samba Kane","level":"commune","parent":"departement-bambey"},"geometry":{"type":"Point","coordinates":[-16.59245,14.90946]}},{"type":"Feature","properties":{"slug":"commune-ngoye-bambey","name":"Ngoye","level":"commune","parent":"departement-bambey"},"geometry":{"type":"Point","coordinates":[-16.4157,14.65302]}},{"type":"Feature","properties":{"slug":"commune-thiakhar-bambey","name":"Thiakhar","level":"commune","parent":"departement-bambey"},"geometry":{"type":"Point","coordinates":[-16.36417,14.72574]}},{"type":"Feature","properties":{"slug":"commune-bambey-bambey","name":"Bambey","level":"commune","parent":"departement-bambey"},"geometry":{"type":"Point","coordinates":[-16.45046,14.69332]}},{"type":"Feature","properties":{"slug":"commune-ndondol-bambey","name":"Ndondol","level":"commune","parent":"departement-bambey"},"geometry":{"type":"Point","coordinates":[-16.57346,14.64041]}},{"type":"Feature","properties":{"slug":"commune-lambaye-bambey","name":"Lambaye","level":"commune","parent":"departement-bambey"},"geometry":{"type":"Point","coordinates":[-16.51866,14.82654]}},{"type":"Feature","properties":{"slug":"commune-refane-bambey","name":"Réfane","level":"commune","parent":"departement-bambey"},"geometry":{"type":"Point","coordinates":[-16.60647,14.81718]}},{"type":"Feature","properties":{"slug":"commune-gawane-bambey","name":"Gawane","level":"commune","parent":"departement-bambey"},"geometry":{"type":"Point","coordinates":[-16.40103,14.84963]}},{"type":"Feature","properties":{"slug":"commune-ngogom-bambey","name":"Ngogom","level":"commune","parent":"departement-bambey"},"geometry":{"type":"Point","coordinates":[-16.50455,14.74954]}},{"type":"Feature","properties":{"slug":"commune-ndoulo-diourbel","name":"Ndoulo","level":"commune","parent":"departement-diourbel"},"geometry":{"type":"Point","coordinates":[-16.10685,14.74205]}},{"type":"Feature","properties":{"slug":"commune-ngohe-diourbel","name":"Ngohe","level":"commune","parent":"departement-diourbel"},"geometry":{"type":"Point","coordinates":[-16.29686,14.62711]}},{"type":"Feature","properties":{"slug":"commune-pattar-diourbel","name":"Pattar","level":"commune","parent":"departement-diourbel"},"geometry":{"type":"Point","coordinates":[-16.15408,14.67357]}},{"type":"Feature","properties":{"slug":"commune-tocky-gare-diourbel","name":"Tocky Gare","level":"commune","parent":"departement-diourbel"},"geometry":{"type":"Point","coordinates":[-16.13141,14.59024]}},{"type":"Feature","properties":{"slug":"commune-toure-mbonde-diourbel","name":"Touré Mbondé","level":"commune","parent":"departement-diourbel"},"geometry":{"type":"Point","coordinates":[-16.26004,14.69649]}},{"type":"Feature","properties":{"slug":"commune-diourbel-diourbel","name":"Diourbel","level":"commune","parent":"departement-diourbel"},"geometry":{"type":"Point","coordinates":[-16.23176,14.64935]}},{"type":"Feature","properties":{"slug":"commune-ndankh-sene-diourbel","name":"Ndankh Séne","level":"commune","parent":"departement-diourbel"},"geometry":{"type":"Point","coordinates":[-16.12646,14.82826]}},{"type":"Feature","properties":{"slug":"commune-gade-escale-diourbel","name":"Gade Escale","level":"commune","parent":"departement-diourbel"},"geometry":{"type":"Point","coordinates":[-16.33345,14.91859]}},{"type":"Feature","properties":{"slug":"commune-keur-ngalgou-diourbel","name":"Keur Ngalgou","level":"commune","parent":"departement-diourbel"},"geometry":{"type":"Point","coordinates":[-16.33112,14.8657]}},{"type":"Feature","properties":{"slug":"commune-ndindy-diourbel","name":"Ndindy","level":"commune","parent":"departement-diourbel"},"geometry":{"type":"Point","coordinates":[-16.21683,14.89202]}},{"type":"Feature","properties":{"slug":"commune-taiba-moutoupha-diourbel","name":"Taïba Moutoupha","level":"commune","parent":"departement-diourbel"},"geometry":{"type":"Point","coordinates":[-16.2729,14.78651]}},{"type":"Feature","properties":{"slug":"commune-touba-mosquee-mbacke","name":"Touba Mosquée","level":"commune","parent":"departement-mbacke"},"geometry":{"type":"Point","coordinates":[-15.81558,14.87374]}},{"type":"Feature","properties":{"slug":"commune-dalla-ngabou-mbacke","name":"Dalla Ngabou","level":"commune","parent":"departement-mbacke"},"geometry":{"type":"Point","coordinates":[-15.98552,14.77549]}},{"type":"Feature","properties":{"slug":"commune-missirah-mbacke","name":"Missirah","level":"commune","parent":"departement-mbacke"},"geometry":{"type":"Point","coordinates":[-15.93846,14.95963]}},{"type":"Feature","properties":{"slug":"commune-nghaye-mbacke","name":"Nghaye","level":"commune","parent":"departement-mbacke"},"geometry":{"type":"Point","coordinates":[-16.04306,14.81581]}},{"type":"Feature","properties":{"slug":"commune-touba-fall-mbacke","name":"Touba Fall","level":"commune","parent":"departement-mbacke"},"geometry":{"type":"Point","coordinates":[-15.99787,14.88003]}},{"type":"Feature","properties":{"slug":"commune-darou-salam-typ-mbacke","name":"Darou Salam Typ","level":"commune","parent":"departement-mbacke"},"geometry":{"type":"Point","coordinates":[-15.85904,14.63083]}},{"type":"Feature","properties":{"slug":"commune-darou-nahim-mbacke","name":"Darou Nahim","level":"commune","parent":"departement-mbacke"},"geometry":{"type":"Point","coordinates":[-16.01014,14.7256]}},{"type":"Feature","properties":{"slug":"commune-mbacke-mbacke","name":"Mbacké","level":"commune","parent":"departement-mbacke"},"geometry":{"type":"Point","coordinates":[-15.90797,14.80019]}},{"type":"Feature","properties":{"slug":"commune-kael-mbacke","name":"Kael","level":"commune","parent":"departement-mbacke"},"geometry":{"type":"Point","coordinates":[-15.89201,14.7093]}},{"type":"Feature","properties":{"slug":"commune-madina-mbacke","name":"Madina","level":"commune","parent":"departement-mbacke"},"geometry":{"type":"Point","coordinates":[-15.8177,14.75]}},{"type":"Feature","properties":{"slug":"commune-touba-mboul-mbacke","name":"Touba Mboul","level":"commune","parent":"departement-mbacke"},"geometry":{"type":"Point","coordinates":[-15.91162,14.57544]}},{"type":"Feature","properties":{"slug":"commune-taiba-thiekene-mbacke","name":"Taïba Thièkène","level":"commune","parent":"departement-mbacke"},"geometry":{"type":"Point","coordinates":[-15.98485,14.67589]}},{"type":"Feature","properties":{"slug":"commune-dendeye-gouy-gui-mbacke","name":"Dendèye Gouy Gui","level":"commune","parent":"departement-mbacke"},"geometry":{"type":"Point","coordinates":[-16.04186,14.7273]}},{"type":"Feature","properties":{"slug":"commune-ndioumane-mbacke","name":"Ndioumane","level":"commune","parent":"departement-mbacke"},"geometry":{"type":"Point","coordinates":[-15.96211,14.61954]}},{"type":"Feature","properties":{"slug":"commune-taif-mbacke","name":"Taïf","level":"commune","parent":"departement-mbacke"},"geometry":{"type":"Point","coordinates":[-15.65464,14.81334]}},{"type":"Feature","properties":{"slug":"commune-sadio-mbacke","name":"Sadio","level":"commune","parent":"departement-mbacke"},"geometry":{"type":"Point","coordinates":[-15.49731,14.78661]}},{"type":"Feature","properties":{"slug":"commune-thiare-ndialgui-fatick","name":"Thiaré Ndialgui","level":"commune","parent":"departement-fatick"},"geometry":{"type":"Point","coordinates":[-16.22455,14.46409]}},{"type":"Feature","properties":{"slug":"commune-diaoule-fatick","name":"Diaoulé","level":"commune","parent":"departement-fatick"},"geometry":{"type":"Point","coordinates":[-16.20808,14.38789]}},{"type":"Feature","properties":{"slug":"commune-mbellacadiao-fatick","name":"Mbéllacadiao","level":"commune","parent":"departement-fatick"},"geometry":{"type":"Point","coordinates":[-16.31885,14.34336]}},{"type":"Feature","properties":{"slug":"commune-ndiop-fatick","name":"Ndiop","level":"commune","parent":"departement-fatick"},"geometry":{"type":"Point","coordinates":[-16.21092,14.54692]}},{"type":"Feature","properties":{"slug":"commune-fatick-fatick","name":"Fatick","level":"commune","parent":"departement-fatick"},"geometry":{"type":"Point","coordinates":[-16.41042,14.34114]}},{"type":"Feature","properties":{"slug":"commune-dioffior-fatick","name":"Dioffior","level":"commune","parent":"departement-fatick"},"geometry":{"type":"Point","coordinates":[-16.66189,14.19162]}},{"type":"Feature","properties":{"slug":"commune-diakhao-fatick","name":"Diakhao","level":"commune","parent":"departement-fatick"},"geometry":{"type":"Point","coordinates":[-16.30562,14.42882]}},{"type":"Feature","properties":{"slug":"commune-djilasse-fatick","name":"Djilasse","level":"commune","parent":"departement-fatick"},"geometry":{"type":"Point","coordinates":[-16.58649,14.19948]}},{"type":"Feature","properties":{"slug":"commune-fimela-fatick","name":"Fimela","level":"commune","parent":"departement-fatick"},"geometry":{"type":"Point","coordinates":[-16.6286,14.08803]}},{"type":"Feature","properties":{"slug":"commune-loul-sessene-fatick","name":"Loul Sessène","level":"commune","parent":"departement-fatick"},"geometry":{"type":"Point","coordinates":[-16.59251,14.29869]}},{"type":"Feature","properties":{"slug":"commune-palmarin-facao-fatick","name":"Palmarin Facao","level":"commune","parent":"departement-fatick"},"geometry":{"type":"Point","coordinates":[-16.74186,14.03681]}},{"type":"Feature","properties":{"slug":"commune-niakhar-fatick","name":"Niakhar","level":"commune","parent":"departement-fatick"},"geometry":{"type":"Point","coordinates":[-16.39461,14.431]}},{"type":"Feature","properties":{"slug":"commune-ngayokheme-fatick","name":"Ngayokheme","level":"commune","parent":"departement-fatick"},"geometry":{"type":"Point","coordinates":[-16.47442,14.55331]}},{"type":"Feature","properties":{"slug":"commune-patar-fatick","name":"Patar","level":"commune","parent":"departement-fatick"},"geometry":{"type":"Point","coordinates":[-16.36881,14.5555]}},{"type":"Feature","properties":{"slug":"commune-diarrere-fatick","name":"Diarrère","level":"commune","parent":"departement-fatick"},"geometry":{"type":"Point","coordinates":[-16.51008,14.44992]}},{"type":"Feature","properties":{"slug":"commune-diouroup-fatick","name":"Diouroup","level":"commune","parent":"departement-fatick"},"geometry":{"type":"Point","coordinates":[-16.49527,14.35365]}},{"type":"Feature","properties":{"slug":"commune-tattaguine-fatick","name":"Tattaguine","level":"commune","parent":"departement-fatick"},"geometry":{"type":"Point","coordinates":[-16.64465,14.3913]}},{"type":"Feature","properties":{"slug":"commune-keur-saloum-diane-foundiougne","name":"Keur Saloum Diané","level":"commune","parent":"departement-foundiougne"},"geometry":{"type":"Point","coordinates":[-16.21151,13.71708]}},{"type":"Feature","properties":{"slug":"commune-keur-samba-gueye-foundiougne","name":"Keur Samba Gueye","level":"commune","parent":"departement-foundiougne"},"geometry":{"type":"Point","coordinates":[-16.3625,13.64055]}},{"type":"Feature","properties":{"slug":"commune-toubacouta-foundiougne","name":"Toubacouta","level":"commune","parent":"departement-foundiougne"},"geometry":{"type":"Point","coordinates":[-16.49898,13.73676]}},{"type":"Feature","properties":{"slug":"commune-nioro-alassane-tall-foundiougne","name":"Nioro Alassane Tall","level":"commune","parent":"departement-foundiougne"},"geometry":{"type":"Point","coordinates":[-16.31931,13.74571]}},{"type":"Feature","properties":{"slug":"commune-karang-poste-foundiougne","name":"Karang Poste","level":"commune","parent":"departement-foundiougne"},"geometry":{"type":"Point","coordinates":[-16.42198,13.60111]}},{"type":"Feature","properties":{"slug":"commune-diossong-foundiougne","name":"Diossong","level":"commune","parent":"departement-foundiougne"},"geometry":{"type":"Point","coordinates":[-16.39465,13.93325]}},{"type":"Feature","properties":{"slug":"commune-djilor-foundiougne","name":"Djilor","level":"commune","parent":"departement-foundiougne"},"geometry":{"type":"Point","coordinates":[-16.31553,14.10495]}},{"type":"Feature","properties":{"slug":"commune-foundiougne-foundiougne","name":"Foundiougne","level":"commune","parent":"departement-foundiougne"},"geometry":{"type":"Point","coordinates":[-16.47483,14.12077]}},{"type":"Feature","properties":{"slug":"commune-sokone-foundiougne","name":"Sokone","level":"commune","parent":"departement-foundiougne"},"geometry":{"type":"Point","coordinates":[-16.36844,13.87855]}},{"type":"Feature","properties":{"slug":"commune-soum-foundiougne","name":"Soum","level":"commune","parent":"departement-foundiougne"},"geometry":{"type":"Point","coordinates":[-16.47858,14.08228]}},{"type":"Feature","properties":{"slug":"commune-niassene-foundiougne","name":"Niassène","level":"commune","parent":"departement-foundiougne"},"geometry":{"type":"Point","coordinates":[-16.22036,13.91662]}},{"type":"Feature","properties":{"slug":"commune-diagane-barka-foundiougne","name":"Diagane Barka","level":"commune","parent":"departement-foundiougne"},"geometry":{"type":"Point","coordinates":[-16.26807,14.02384]}},{"type":"Feature","properties":{"slug":"commune-mbam-foundiougne","name":"Mbam","level":"commune","parent":"departement-foundiougne"},"geometry":{"type":"Point","coordinates":[-16.42466,14.103]}},{"type":"Feature","properties":{"slug":"commune-passy-foundiougne","name":"Passy","level":"commune","parent":"departement-foundiougne"},"geometry":{"type":"Point","coordinates":[-16.26123,13.98233]}},{"type":"Feature","properties":{"slug":"commune-bassoul-foundiougne","name":"Bassoul","level":"commune","parent":"departement-foundiougne"},"geometry":{"type":"Point","coordinates":[-16.60207,13.88383]}},{"type":"Feature","properties":{"slug":"commune-djirnda-foundiougne","name":"Djirnda","level":"commune","parent":"departement-foundiougne"},"geometry":{"type":"Point","coordinates":[-16.54508,13.99623]}},{"type":"Feature","properties":{"slug":"commune-colobane-gossas","name":"Colobane","level":"commune","parent":"departement-gossas"},"geometry":{"type":"Point","coordinates":[-15.68856,14.66703]}},{"type":"Feature","properties":{"slug":"commune-mbar-gossas","name":"Mbar","level":"commune","parent":"departement-gossas"},"geometry":{"type":"Point","coordinates":[-15.8314,14.50126]}},{"type":"Feature","properties":{"slug":"commune-gossas-gossas","name":"Gossas","level":"commune","parent":"departement-gossas"},"geometry":{"type":"Point","coordinates":[-16.07143,14.49609]}},{"type":"Feature","properties":{"slug":"commune-ndiene-lagane-gossas","name":"Ndiene Lagane","level":"commune","parent":"departement-gossas"},"geometry":{"type":"Point","coordinates":[-15.94696,14.49428]}},{"type":"Feature","properties":{"slug":"commune-ouadiour-gossas","name":"Ouadiour","level":"commune","parent":"departement-gossas"},"geometry":{"type":"Point","coordinates":[-16.03022,14.44847]}},{"type":"Feature","properties":{"slug":"commune-patar-lia-gossas","name":"Patar Lia","level":"commune","parent":"departement-gossas"},"geometry":{"type":"Point","coordinates":[-16.15042,14.455]}},{"type":"Feature","properties":{"slug":"commune-keur-mboucki-birkelane","name":"Keur Mboucki","level":"commune","parent":"departement-birkelane"},"geometry":{"type":"Point","coordinates":[-15.82345,14.17744]}},{"type":"Feature","properties":{"slug":"commune-touba-mbella-birkelane","name":"Touba Mbella","level":"commune","parent":"departement-birkelane"},"geometry":{"type":"Point","coordinates":[-15.71352,14.23208]}},{"type":"Feature","properties":{"slug":"commune-diamal-birkelane","name":"Diamal","level":"commune","parent":"departement-birkelane"},"geometry":{"type":"Point","coordinates":[-15.78015,14.09322]}},{"type":"Feature","properties":{"slug":"commune-birkelane-birkelane","name":"Birkelane","level":"commune","parent":"departement-birkelane"},"geometry":{"type":"Point","coordinates":[-15.74219,14.129]}},{"type":"Feature","properties":{"slug":"commune-mabo-birkelane","name":"Mabo","level":"commune","parent":"departement-birkelane"},"geometry":{"type":"Point","coordinates":[-15.64335,13.85845]}},{"type":"Feature","properties":{"slug":"commune-ndiognick-birkelane","name":"Ndiognick","level":"commune","parent":"departement-birkelane"},"geometry":{"type":"Point","coordinates":[-15.63231,14.04311]}},{"type":"Feature","properties":{"slug":"commune-segre-gatta-birkelane","name":"Ségré-gatta","level":"commune","parent":"departement-birkelane"},"geometry":{"type":"Point","coordinates":[-15.74743,13.98339]}},{"type":"Feature","properties":{"slug":"commune-mbeuleup-birkelane","name":"Mbeuleup","level":"commune","parent":"departement-birkelane"},"geometry":{"type":"Point","coordinates":[-15.55821,13.90624]}},{"type":"Feature","properties":{"slug":"commune-diamagadio-kaffrine","name":"Diamagadio","level":"commune","parent":"departement-kaffrine"},"geometry":{"type":"Point","coordinates":[-15.48575,13.85081]}},{"type":"Feature","properties":{"slug":"commune-kaffrine-kaffrine","name":"Kaffrine","level":"commune","parent":"departement-kaffrine"},"geometry":{"type":"Point","coordinates":[-15.54439,14.09786]}},{"type":"Feature","properties":{"slug":"commune-diokoul-belbouck-kaffrine","name":"Diokoul Belbouck","level":"commune","parent":"departement-kaffrine"},"geometry":{"type":"Point","coordinates":[-15.30398,13.94335]}},{"type":"Feature","properties":{"slug":"commune-kathiotte-kaffrine","name":"Kathiotte","level":"commune","parent":"departement-kaffrine"},"geometry":{"type":"Point","coordinates":[-15.44609,13.97991]}},{"type":"Feature","properties":{"slug":"commune-medinatoul-salam-2-kaffrine","name":"Médinatoul Salam 2","level":"commune","parent":"departement-kaffrine"},"geometry":{"type":"Point","coordinates":[-15.22686,13.82395]}},{"type":"Feature","properties":{"slug":"commune-nganda-kaffrine","name":"Nganda","level":"commune","parent":"departement-kaffrine"},"geometry":{"type":"Point","coordinates":[-15.40649,13.83294]}},{"type":"Feature","properties":{"slug":"commune-gniby-kaffrine","name":"Gniby","level":"commune","parent":"departement-kaffrine"},"geometry":{"type":"Point","coordinates":[-15.60954,14.43829]}},{"type":"Feature","properties":{"slug":"commune-boulel-kaffrine","name":"Boulel","level":"commune","parent":"departement-kaffrine"},"geometry":{"type":"Point","coordinates":[-15.51695,14.29211]}},{"type":"Feature","properties":{"slug":"commune-kahi-kaffrine","name":"Kahi","level":"commune","parent":"departement-kaffrine"},"geometry":{"type":"Point","coordinates":[-15.47038,14.12513]}},{"type":"Feature","properties":{"slug":"commune-missirah-wadene-koungheul","name":"Missirah Wadène","level":"commune","parent":"departement-koungheul"},"geometry":{"type":"Point","coordinates":[-15.08388,13.95817]}},{"type":"Feature","properties":{"slug":"commune-maka-yop-koungheul","name":"Maka Yop","level":"commune","parent":"departement-koungheul"},"geometry":{"type":"Point","coordinates":[-14.98358,14.0976]}},{"type":"Feature","properties":{"slug":"commune-ngainthe-pathe-koungheul","name":"Ngainthe Pathé","level":"commune","parent":"departement-koungheul"},"geometry":{"type":"Point","coordinates":[-14.93829,14.3746]}},{"type":"Feature","properties":{"slug":"commune-fass-thiekene-koungheul","name":"Fass Thièkène","level":"commune","parent":"departement-koungheul"},"geometry":{"type":"Point","coordinates":[-14.75746,13.89675]}},{"type":"Feature","properties":{"slug":"commune-koungheul-koungheul","name":"Koungheul","level":"commune","parent":"departement-koungheul"},"geometry":{"type":"Point","coordinates":[-14.80462,13.97512]}},{"type":"Feature","properties":{"slug":"commune-saly-escale-koungheul","name":"Saly Escale","level":"commune","parent":"departement-koungheul"},"geometry":{"type":"Point","coordinates":[-14.95616,13.87878]}},{"type":"Feature","properties":{"slug":"commune-ida-mouride-koungheul","name":"Ida Mouride","level":"commune","parent":"departement-koungheul"},"geometry":{"type":"Point","coordinates":[-14.67034,14.01879]}},{"type":"Feature","properties":{"slug":"commune-ribot-escale-koungheul","name":"Ribot Escale","level":"commune","parent":"departement-koungheul"},"geometry":{"type":"Point","coordinates":[-14.6977,14.50904]}},{"type":"Feature","properties":{"slug":"commune-lour-escale-koungheul","name":"Lour Escale","level":"commune","parent":"departement-koungheul"},"geometry":{"type":"Point","coordinates":[-14.69108,14.18765]}},{"type":"Feature","properties":{"slug":"commune-darou-miname-malem-hoddar","name":"Darou Miname","level":"commune","parent":"departement-malem-hoddar"},"geometry":{"type":"Point","coordinates":[-15.305,14.53935]}},{"type":"Feature","properties":{"slug":"commune-khelcom-malem-hoddar","name":"Khelcom","level":"commune","parent":"departement-malem-hoddar"},"geometry":{"type":"Point","coordinates":[-15.53885,14.58026]}},{"type":"Feature","properties":{"slug":"commune-malem-hoddar-malem-hoddar","name":"Malem Hoddar","level":"commune","parent":"departement-malem-hoddar"},"geometry":{"type":"Point","coordinates":[-15.29443,14.08321]}},{"type":"Feature","properties":{"slug":"commune-ndioum-ngainth-malem-hoddar","name":"Ndioum Ngainth","level":"commune","parent":"departement-malem-hoddar"},"geometry":{"type":"Point","coordinates":[-15.15415,14.40032]}},{"type":"Feature","properties":{"slug":"commune-ndiobene-samba-lamo-malem-hoddar","name":"Ndiobène Samba Lamo","level":"commune","parent":"departement-malem-hoddar"},"geometry":{"type":"Point","coordinates":[-15.14443,14.30887]}},{"type":"Feature","properties":{"slug":"commune-sagna-malem-hoddar","name":"Sagna","level":"commune","parent":"departement-malem-hoddar"},"geometry":{"type":"Point","coordinates":[-15.21497,14.12368]}},{"type":"Feature","properties":{"slug":"commune-dianke-souf-malem-hoddar","name":"Dianké Souf","level":"commune","parent":"departement-malem-hoddar"},"geometry":{"type":"Point","coordinates":[-15.29658,14.25612]}},{"type":"Feature","properties":{"slug":"commune-khelcom-birane-guinguineo","name":"Khelcom-Birane","level":"commune","parent":"departement-guinguineo"},"geometry":{"type":"Point","coordinates":[-16.08431,14.23257]}},{"type":"Feature","properties":{"slug":"commune-mbadakhoune-guinguineo","name":"Mbadakhoune","level":"commune","parent":"departement-guinguineo"},"geometry":{"type":"Point","coordinates":[-16.01285,14.21366]}},{"type":"Feature","properties":{"slug":"commune-ndiago-guinguineo","name":"Ndiago","level":"commune","parent":"departement-guinguineo"},"geometry":{"type":"Point","coordinates":[-15.88351,14.29525]}},{"type":"Feature","properties":{"slug":"commune-ngathie-naoude-guinguineo","name":"Ngathie Naoudé","level":"commune","parent":"departement-guinguineo"},"geometry":{"type":"Point","coordinates":[-15.91127,14.16255]}},{"type":"Feature","properties":{"slug":"commune-fass-guinguineo","name":"Fass","level":"commune","parent":"departement-guinguineo"},"geometry":{"type":"Point","coordinates":[-16.03339,14.35256]}},{"type":"Feature","properties":{"slug":"commune-guinguineo-guinguineo","name":"Guinguinéo","level":"commune","parent":"departement-guinguineo"},"geometry":{"type":"Point","coordinates":[-15.9422,14.26903]}},{"type":"Feature","properties":{"slug":"commune-gagnick-guinguineo","name":"Gagnick","level":"commune","parent":"departement-guinguineo"},"geometry":{"type":"Point","coordinates":[-15.98945,14.30371]}},{"type":"Feature","properties":{"slug":"commune-dara-mboss-guinguineo","name":"Dara Mboss","level":"commune","parent":"departement-guinguineo"},"geometry":{"type":"Point","coordinates":[-15.79377,14.33375]}},{"type":"Feature","properties":{"slug":"commune-nguelou-guinguineo","name":"Nguélou","level":"commune","parent":"departement-guinguineo"},"geometry":{"type":"Point","coordinates":[-15.93251,14.38257]}},{"type":"Feature","properties":{"slug":"commune-ourour-guinguineo","name":"Ourour","level":"commune","parent":"departement-guinguineo"},"geometry":{"type":"Point","coordinates":[-16.0714,14.32912]}},{"type":"Feature","properties":{"slug":"commune-panal-ouolof-guinguineo","name":"Panal Ouolof","level":"commune","parent":"departement-guinguineo"},"geometry":{"type":"Point","coordinates":[-15.73412,14.4278]}},{"type":"Feature","properties":{"slug":"commune-mboss-guinguineo","name":"Mboss","level":"commune","parent":"departement-guinguineo"},"geometry":{"type":"Point","coordinates":[-15.74443,14.36043]}},{"type":"Feature","properties":{"slug":"commune-keur-baka-kaolack","name":"Keur Baka","level":"commune","parent":"departement-kaolack"},"geometry":{"type":"Point","coordinates":[-15.89427,13.95635]}},{"type":"Feature","properties":{"slug":"commune-latmingue-kaolack","name":"Latmingué","level":"commune","parent":"departement-kaolack"},"geometry":{"type":"Point","coordinates":[-15.99236,14.05191]}},{"type":"Feature","properties":{"slug":"commune-thiare-kaolack","name":"Thiaré","level":"commune","parent":"departement-kaolack"},"geometry":{"type":"Point","coordinates":[-15.79947,13.9287]}},{"type":"Feature","properties":{"slug":"commune-kaolack-kaolack","name":"Kaolack","level":"commune","parent":"departement-kaolack"},"geometry":{"type":"Point","coordinates":[-16.11235,14.1447]}},{"type":"Feature","properties":{"slug":"commune-kahone-kaolack","name":"Kahone","level":"commune","parent":"departement-kaolack"},"geometry":{"type":"Point","coordinates":[-16.03767,14.15926]}},{"type":"Feature","properties":{"slug":"commune-ndoffane-kaolack","name":"Ndoffane","level":"commune","parent":"departement-kaolack"},"geometry":{"type":"Point","coordinates":[-15.92487,13.91781]}},{"type":"Feature","properties":{"slug":"commune-keur-soce-kaolack","name":"Keur Socé","level":"commune","parent":"departement-kaolack"},"geometry":{"type":"Point","coordinates":[-16.03959,13.91961]}},{"type":"Feature","properties":{"slug":"commune-ndiaffate-kaolack","name":"Ndiaffate","level":"commune","parent":"departement-kaolack"},"geometry":{"type":"Point","coordinates":[-16.15693,14.05371]}},{"type":"Feature","properties":{"slug":"commune-ndiedieng-kaolack","name":"Ndiédieng","level":"commune","parent":"departement-kaolack"},"geometry":{"type":"Point","coordinates":[-16.14455,13.92965]}},{"type":"Feature","properties":{"slug":"commune-dya-kaolack","name":"Dya","level":"commune","parent":"departement-kaolack"},"geometry":{"type":"Point","coordinates":[-16.1604,14.26088]}},{"type":"Feature","properties":{"slug":"commune-ndiebel-kaolack","name":"Ndiébel","level":"commune","parent":"departement-kaolack"},"geometry":{"type":"Point","coordinates":[-16.21712,14.32144]}},{"type":"Feature","properties":{"slug":"commune-thiomby-kaolack","name":"Thiomby","level":"commune","parent":"departement-kaolack"},"geometry":{"type":"Point","coordinates":[-16.31367,14.20696]}},{"type":"Feature","properties":{"slug":"commune-gandiaye-kaolack","name":"Gandiaye","level":"commune","parent":"departement-kaolack"},"geometry":{"type":"Point","coordinates":[-16.27268,14.24412]}},{"type":"Feature","properties":{"slug":"commune-kayemor-nioro","name":"Kayemor","level":"commune","parent":"departement-nioro"},"geometry":{"type":"Point","coordinates":[-15.56859,13.76065]}},{"type":"Feature","properties":{"slug":"commune-nioro-nioro","name":"Nioro","level":"commune","parent":"departement-nioro"},"geometry":{"type":"Point","coordinates":[-15.77173,13.74494]}},{"type":"Feature","properties":{"slug":"commune-medina-sabakh-nioro","name":"Médina Sabakh","level":"commune","parent":"departement-nioro"},"geometry":{"type":"Point","coordinates":[-15.62944,13.65159]}},{"type":"Feature","properties":{"slug":"commune-ngayene-nioro","name":"Ngayene","level":"commune","parent":"departement-nioro"},"geometry":{"type":"Point","coordinates":[-15.50704,13.67071]}},{"type":"Feature","properties":{"slug":"commune-gainthe-kaye-nioro","name":"Gainthe Kaye","level":"commune","parent":"departement-nioro"},"geometry":{"type":"Point","coordinates":[-15.98651,13.8495]}},{"type":"Feature","properties":{"slug":"commune-dabaly-nioro","name":"Dabaly","level":"commune","parent":"departement-nioro"},"geometry":{"type":"Point","coordinates":[-15.70986,13.72624]}},{"type":"Feature","properties":{"slug":"commune-darou-salam-nioro","name":"Darou Salam","level":"commune","parent":"departement-nioro"},"geometry":{"type":"Point","coordinates":[-15.74165,13.81091]}},{"type":"Feature","properties":{"slug":"commune-paos-koto-nioro","name":"Paos Koto","level":"commune","parent":"departement-nioro"},"geometry":{"type":"Point","coordinates":[-15.81866,13.83367]}},{"type":"Feature","properties":{"slug":"commune-porokhane-nioro","name":"Porokhane","level":"commune","parent":"departement-nioro"},"geometry":{"type":"Point","coordinates":[-15.83184,13.66906]}},{"type":"Feature","properties":{"slug":"commune-taiba-niassene-nioro","name":"Taïba Niassène","level":"commune","parent":"departement-nioro"},"geometry":{"type":"Point","coordinates":[-15.92823,13.78059]}},{"type":"Feature","properties":{"slug":"commune-keur-maba-diakhou-nioro","name":"Keur Maba Diakhou","level":"commune","parent":"departement-nioro"},"geometry":{"type":"Point","coordinates":[-15.97927,13.64776]}},{"type":"Feature","properties":{"slug":"commune-keur-madongo-nioro","name":"Keur Madongo","level":"commune","parent":"departement-nioro"},"geometry":{"type":"Point","coordinates":[-16.10222,13.83825]}},{"type":"Feature","properties":{"slug":"commune-ndrame-escale-nioro","name":"Ndramé Escale","level":"commune","parent":"departement-nioro"},"geometry":{"type":"Point","coordinates":[-16.19246,13.82489]}},{"type":"Feature","properties":{"slug":"commune-wack-ngouna-nioro","name":"Wack Ngouna","level":"commune","parent":"departement-nioro"},"geometry":{"type":"Point","coordinates":[-16.07405,13.73703]}},{"type":"Feature","properties":{"slug":"commune-keur-madiabel-nioro","name":"Keur Madiabel","level":"commune","parent":"departement-nioro"},"geometry":{"type":"Point","coordinates":[-16.05908,13.84673]}},{"type":"Feature","properties":{"slug":"commune-ninefecha-kedougou","name":"Ninéfécha","level":"commune","parent":"departement-kedougou"},"geometry":{"type":"Point","coordinates":[-12.74454,12.84911]}},{"type":"Feature","properties":{"slug":"commune-bandafassi-kedougou","name":"Bandafassi","level":"commune","parent":"departement-kedougou"},"geometry":{"type":"Point","coordinates":[-12.31683,12.55107]}},{"type":"Feature","properties":{"slug":"commune-kedougou-kedougou","name":"Kédougou","level":"commune","parent":"departement-kedougou"},"geometry":{"type":"Point","coordinates":[-12.20294,12.56536]}},{"type":"Feature","properties":{"slug":"commune-tomboroncoto-kedougou","name":"Tomboroncoto","level":"commune","parent":"departement-kedougou"},"geometry":{"type":"Point","coordinates":[-12.29552,12.82598]}},{"type":"Feature","properties":{"slug":"commune-dindefelo-kedougou","name":"Dindéfélo","level":"commune","parent":"departement-kedougou"},"geometry":{"type":"Point","coordinates":[-12.29741,12.40942]}},{"type":"Feature","properties":{"slug":"commune-fongolimbi-kedougou","name":"Fongolimbi","level":"commune","parent":"departement-kedougou"},"geometry":{"type":"Point","coordinates":[-12.16978,12.40162]}},{"type":"Feature","properties":{"slug":"commune-dimboli-kedougou","name":"Dimboli","level":"commune","parent":"departement-kedougou"},"geometry":{"type":"Point","coordinates":[-11.88384,12.58979]}},{"type":"Feature","properties":{"slug":"commune-kevoye-salemata","name":"Kévoye","level":"commune","parent":"departement-salemata"},"geometry":{"type":"Point","coordinates":[-12.62737,12.60401]}},{"type":"Feature","properties":{"slug":"commune-dakately-salemata","name":"Dakatély","level":"commune","parent":"departement-salemata"},"geometry":{"type":"Point","coordinates":[-12.5845,12.48108]}},{"type":"Feature","properties":{"slug":"commune-salemata-salemata","name":"Salémata","level":"commune","parent":"departement-salemata"},"geometry":{"type":"Point","coordinates":[-12.82118,12.63299]}},{"type":"Feature","properties":{"slug":"commune-ethiolo-salemata","name":"Ethiolo","level":"commune","parent":"departement-salemata"},"geometry":{"type":"Point","coordinates":[-12.84005,12.56111]}},{"type":"Feature","properties":{"slug":"commune-oubadji-salemata","name":"Oubadji","level":"commune","parent":"departement-salemata"},"geometry":{"type":"Point","coordinates":[-12.98947,12.63127]}},{"type":"Feature","properties":{"slug":"commune-dar-salam-salemata","name":"Dar Salam","level":"commune","parent":"departement-salemata"},"geometry":{"type":"Point","coordinates":[-12.87128,12.69402]}},{"type":"Feature","properties":{"slug":"commune-bembou-saraya","name":"Bembou","level":"commune","parent":"departement-saraya"},"geometry":{"type":"Point","coordinates":[-11.57817,12.82049]}},{"type":"Feature","properties":{"slug":"commune-medina-baffe-saraya","name":"Médina Baffë","level":"commune","parent":"departement-saraya"},"geometry":{"type":"Point","coordinates":[-11.54586,12.53886]}},{"type":"Feature","properties":{"slug":"commune-saraya-saraya","name":"Saraya","level":"commune","parent":"departement-saraya"},"geometry":{"type":"Point","coordinates":[-11.75565,12.83511]}},{"type":"Feature","properties":{"slug":"commune-sabodala-saraya","name":"Sabodala","level":"commune","parent":"departement-saraya"},"geometry":{"type":"Point","coordinates":[-12.21185,13.15894]}},{"type":"Feature","properties":{"slug":"commune-khossanto-saraya","name":"Khossanto","level":"commune","parent":"departement-saraya"},"geometry":{"type":"Point","coordinates":[-11.92687,13.27544]}},{"type":"Feature","properties":{"slug":"commune-missirah-sirimana-saraya","name":"Missirah Sirimana","level":"commune","parent":"departement-saraya"},"geometry":{"type":"Point","coordinates":[-11.70512,13.1685]}},{"type":"Feature","properties":{"slug":"commune-dialambere-kolda","name":"Dialambéré","level":"commune","parent":"departement-kolda"},"geometry":{"type":"Point","coordinates":[-14.50877,12.95716]}},{"type":"Feature","properties":{"slug":"commune-medina-cherif-kolda","name":"Médina Chérif","level":"commune","parent":"departement-kolda"},"geometry":{"type":"Point","coordinates":[-14.24176,12.95342]}},{"type":"Feature","properties":{"slug":"commune-kolda-kolda","name":"Kolda","level":"commune","parent":"departement-kolda"},"geometry":{"type":"Point","coordinates":[-14.94511,12.89137]}},{"type":"Feature","properties":{"slug":"commune-mampatim-kolda","name":"Mampatim","level":"commune","parent":"departement-kolda"},"geometry":{"type":"Point","coordinates":[-14.36237,12.89022]}},{"type":"Feature","properties":{"slug":"commune-bagadadji-kolda","name":"Bagadadji","level":"commune","parent":"departement-kolda"},"geometry":{"type":"Point","coordinates":[-14.65906,12.84945]}},{"type":"Feature","properties":{"slug":"commune-coumbacara-kolda","name":"Coumbacara","level":"commune","parent":"departement-kolda"},"geometry":{"type":"Point","coordinates":[-14.4314,12.73681]}},{"type":"Feature","properties":{"slug":"commune-dabo-kolda","name":"Dabo","level":"commune","parent":"departement-kolda"},"geometry":{"type":"Point","coordinates":[-14.47693,12.87529]}},{"type":"Feature","properties":{"slug":"commune-thietty-kolda","name":"Thiétty","level":"commune","parent":"departement-kolda"},"geometry":{"type":"Point","coordinates":[-15.10057,12.98915]}},{"type":"Feature","properties":{"slug":"commune-sare-bidji-kolda","name":"Saré Bidji","level":"commune","parent":"departement-kolda"},"geometry":{"type":"Point","coordinates":[-15.03074,12.89798]}},{"type":"Feature","properties":{"slug":"commune-guiro-yero-bocar-kolda","name":"Guiro Yéro Bocar","level":"commune","parent":"departement-kolda"},"geometry":{"type":"Point","coordinates":[-14.80411,12.74902]}},{"type":"Feature","properties":{"slug":"commune-dioulacolon-kolda","name":"Dioulacolon","level":"commune","parent":"departement-kolda"},"geometry":{"type":"Point","coordinates":[-14.89294,12.80646]}},{"type":"Feature","properties":{"slug":"commune-tankanto-escale-kolda","name":"Tankanto Escale","level":"commune","parent":"departement-kolda"},"geometry":{"type":"Point","coordinates":[-15.03571,12.77456]}},{"type":"Feature","properties":{"slug":"commune-medina-el-hadj-kolda","name":"Médina El Hadj","level":"commune","parent":"departement-kolda"},"geometry":{"type":"Point","coordinates":[-14.95064,12.72557]}},{"type":"Feature","properties":{"slug":"commune-salikegne-kolda","name":"Salikégné","level":"commune","parent":"departement-kolda"},"geometry":{"type":"Point","coordinates":[-14.74089,12.6903]}},{"type":"Feature","properties":{"slug":"commune-sare-yoba-diega-kolda","name":"Saré Yoba Diéga","level":"commune","parent":"departement-kolda"},"geometry":{"type":"Point","coordinates":[-15.10478,12.76618]}},{"type":"Feature","properties":{"slug":"commune-badion-medina-yoro-foulah","name":"Badion","level":"commune","parent":"departement-medina-yoro-foulah"},"geometry":{"type":"Point","coordinates":[-14.3665,13.12668]}},{"type":"Feature","properties":{"slug":"commune-fafacourou-medina-yoro-foulah","name":"Fafacourou","level":"commune","parent":"departement-medina-yoro-foulah"},"geometry":{"type":"Point","coordinates":[-14.51539,13.14051]}},{"type":"Feature","properties":{"slug":"commune-bourouco-medina-yoro-foulah","name":"Bourouco","level":"commune","parent":"departement-medina-yoro-foulah"},"geometry":{"type":"Point","coordinates":[-15.13818,13.30435]}},{"type":"Feature","properties":{"slug":"commune-bignarabe-medina-yoro-foulah","name":"Bignarabé","level":"commune","parent":"departement-medina-yoro-foulah"},"geometry":{"type":"Point","coordinates":[-14.88036,12.96846]}},{"type":"Feature","properties":{"slug":"commune-ndorna-medina-yoro-foulah","name":"Ndorna","level":"commune","parent":"departement-medina-yoro-foulah"},"geometry":{"type":"Point","coordinates":[-15.13815,13.14625]}},{"type":"Feature","properties":{"slug":"commune-medina-yoro-foulah-medina-yoro-foulah","name":"Médina Yoro Foulah","level":"commune","parent":"departement-medina-yoro-foulah"},"geometry":{"type":"Point","coordinates":[-14.71341,13.29516]}},{"type":"Feature","properties":{"slug":"commune-koulinto-medina-yoro-foulah","name":"Koulinto","level":"commune","parent":"departement-medina-yoro-foulah"},"geometry":{"type":"Point","coordinates":[-14.78376,13.09974]}},{"type":"Feature","properties":{"slug":"commune-niaming-medina-yoro-foulah","name":"Niaming","level":"commune","parent":"departement-medina-yoro-foulah"},"geometry":{"type":"Point","coordinates":[-14.77668,13.26215]}},{"type":"Feature","properties":{"slug":"commune-dinguiraye-medina-yoro-foulah","name":"Dinguiraye","level":"commune","parent":"departement-medina-yoro-foulah"},"geometry":{"type":"Point","coordinates":[-14.56577,13.27545]}},{"type":"Feature","properties":{"slug":"commune-pata-medina-yoro-foulah","name":"Pata","level":"commune","parent":"departement-medina-yoro-foulah"},"geometry":{"type":"Point","coordinates":[-14.94817,13.4398]}},{"type":"Feature","properties":{"slug":"commune-kerewane-medina-yoro-foulah","name":"Kéréwane","level":"commune","parent":"departement-medina-yoro-foulah"},"geometry":{"type":"Point","coordinates":[-15.11291,13.46043]}},{"type":"Feature","properties":{"slug":"commune-kandiaye-velingara","name":"Kandiaye","level":"commune","parent":"departement-velingara"},"geometry":{"type":"Point","coordinates":[-14.00195,12.94011]}},{"type":"Feature","properties":{"slug":"commune-sare-coly-salle-velingara","name":"Saré Coly Sallé","level":"commune","parent":"departement-velingara"},"geometry":{"type":"Point","coordinates":[-14.02295,13.08594]}},{"type":"Feature","properties":{"slug":"commune-kandia-velingara","name":"Kandia","level":"commune","parent":"departement-velingara"},"geometry":{"type":"Point","coordinates":[-14.22225,13.12439]}},{"type":"Feature","properties":{"slug":"commune-nemataba-velingara","name":"Némataba","level":"commune","parent":"departement-velingara"},"geometry":{"type":"Point","coordinates":[-14.08711,13.22513]}},{"type":"Feature","properties":{"slug":"commune-kounkane-velingara","name":"Kounkané","level":"commune","parent":"departement-velingara"},"geometry":{"type":"Point","coordinates":[-14.07457,12.92909]}},{"type":"Feature","properties":{"slug":"commune-velingara-velingara","name":"Vélingara","level":"commune","parent":"departement-velingara"},"geometry":{"type":"Point","coordinates":[-14.11423,13.1529]}},{"type":"Feature","properties":{"slug":"commune-diaobe-kabendou-velingara","name":"Diaobé-Kabendou","level":"commune","parent":"departement-velingara"},"geometry":{"type":"Point","coordinates":[-14.1546,12.91101]}},{"type":"Feature","properties":{"slug":"commune-pakour-velingara","name":"Pakour","level":"commune","parent":"departement-velingara"},"geometry":{"type":"Point","coordinates":[-13.93588,12.75304]}},{"type":"Feature","properties":{"slug":"commune-paroumba-velingara","name":"Paroumba","level":"commune","parent":"departement-velingara"},"geometry":{"type":"Point","coordinates":[-13.77865,12.74562]}},{"type":"Feature","properties":{"slug":"commune-ouassadou-velingara","name":"Ouassadou","level":"commune","parent":"departement-velingara"},"geometry":{"type":"Point","coordinates":[-14.11062,12.74361]}},{"type":"Feature","properties":{"slug":"commune-bonconto-velingara","name":"Bonconto","level":"commune","parent":"departement-velingara"},"geometry":{"type":"Point","coordinates":[-13.86411,12.96745]}},{"type":"Feature","properties":{"slug":"commune-linkering-velingara","name":"Linkering","level":"commune","parent":"departement-velingara"},"geometry":{"type":"Point","coordinates":[-13.63642,12.89928]}},{"type":"Feature","properties":{"slug":"commune-medina-gounass-velingara","name":"Médina Gounass","level":"commune","parent":"departement-velingara"},"geometry":{"type":"Point","coordinates":[-13.71549,13.16268]}},{"type":"Feature","properties":{"slug":"commune-sinthiang-koundara-velingara","name":"Sinthiang Koundara","level":"commune","parent":"departement-velingara"},"geometry":{"type":"Point","coordinates":[-13.89212,13.23208]}},{"type":"Feature","properties":{"slug":"commune-bandegne-ouolof-kebemer","name":"Bandègne Ouolof","level":"commune","parent":"departement-kebemer"},"geometry":{"type":"Point","coordinates":[-16.40354,15.5134]}},{"type":"Feature","properties":{"slug":"commune-diokoul-diawrigne-kebemer","name":"Diokoul Diawrigne","level":"commune","parent":"departement-kebemer"},"geometry":{"type":"Point","coordinates":[-16.53113,15.40142]}},{"type":"Feature","properties":{"slug":"commune-kebemer-kebemer","name":"Kébémer","level":"commune","parent":"departement-kebemer"},"geometry":{"type":"Point","coordinates":[-16.44426,15.37111]}},{"type":"Feature","properties":{"slug":"commune-kab-gaye-kebemer","name":"Kab Gaye","level":"commune","parent":"departement-kebemer"},"geometry":{"type":"Point","coordinates":[-16.64531,15.32028]}},{"type":"Feature","properties":{"slug":"commune-ndande-kebemer","name":"Ndande","level":"commune","parent":"departement-kebemer"},"geometry":{"type":"Point","coordinates":[-16.58992,15.2346]}},{"type":"Feature","properties":{"slug":"commune-thieppe-kebemer","name":"Thieppe","level":"commune","parent":"departement-kebemer"},"geometry":{"type":"Point","coordinates":[-16.56412,15.57076]}},{"type":"Feature","properties":{"slug":"commune-gueoul-kebemer","name":"Guéoul","level":"commune","parent":"departement-kebemer"},"geometry":{"type":"Point","coordinates":[-16.34159,15.4801]}},{"type":"Feature","properties":{"slug":"commune-mbacke-cajor-kebemer","name":"Mbacké Cajor","level":"commune","parent":"departement-kebemer"},"geometry":{"type":"Point","coordinates":[-16.20777,15.1514]}},{"type":"Feature","properties":{"slug":"commune-darou-marnane-kebemer","name":"Darou Marnane","level":"commune","parent":"departement-kebemer"},"geometry":{"type":"Point","coordinates":[-16.1365,15.10971]}},{"type":"Feature","properties":{"slug":"commune-darou-mousty-kebemer","name":"Darou Mousty","level":"commune","parent":"departement-kebemer"},"geometry":{"type":"Point","coordinates":[-16.05117,15.06255]}},{"type":"Feature","properties":{"slug":"commune-mbadiane-kebemer","name":"Mbadiane","level":"commune","parent":"departement-kebemer"},"geometry":{"type":"Point","coordinates":[-15.88425,15.09038]}},{"type":"Feature","properties":{"slug":"commune-ndoyene-kebemer","name":"Ndoyène","level":"commune","parent":"departement-kebemer"},"geometry":{"type":"Point","coordinates":[-16.08035,15.21032]}},{"type":"Feature","properties":{"slug":"commune-sam-yabal-kebemer","name":"Sam Yabal","level":"commune","parent":"departement-kebemer"},"geometry":{"type":"Point","coordinates":[-15.85706,15.24718]}},{"type":"Feature","properties":{"slug":"commune-touba-merina-kebemer","name":"Touba Mérina","level":"commune","parent":"departement-kebemer"},"geometry":{"type":"Point","coordinates":[-15.97888,15.28869]}},{"type":"Feature","properties":{"slug":"commune-ngourane-ouolof-kebemer","name":"Ngourane Ouolof","level":"commune","parent":"departement-kebemer"},"geometry":{"type":"Point","coordinates":[-16.29305,15.466]}},{"type":"Feature","properties":{"slug":"commune-thiolom-fall-kebemer","name":"Thiolom Fall","level":"commune","parent":"departement-kebemer"},"geometry":{"type":"Point","coordinates":[-16.30592,15.36137]}},{"type":"Feature","properties":{"slug":"commune-sagatta-gueth-kebemer","name":"Sagatta Gueth","level":"commune","parent":"departement-kebemer"},"geometry":{"type":"Point","coordinates":[-16.19803,15.27182]}},{"type":"Feature","properties":{"slug":"commune-kanene-ndiob-kebemer","name":"Kanène Ndiob","level":"commune","parent":"departement-kebemer"},"geometry":{"type":"Point","coordinates":[-16.19549,15.37508]}},{"type":"Feature","properties":{"slug":"commune-loro-kebemer","name":"Loro","level":"commune","parent":"departement-kebemer"},"geometry":{"type":"Point","coordinates":[-16.07053,15.33808]}},{"type":"Feature","properties":{"slug":"commune-barkedji-linguere","name":"Barkédji","level":"commune","parent":"departement-linguere"},"geometry":{"type":"Point","coordinates":[-14.79526,15.24892]}},{"type":"Feature","properties":{"slug":"commune-gassane-linguere","name":"Gassane","level":"commune","parent":"departement-linguere"},"geometry":{"type":"Point","coordinates":[-15.30561,14.82582]}},{"type":"Feature","properties":{"slug":"commune-thiarny-linguere","name":"Thiarny","level":"commune","parent":"departement-linguere"},"geometry":{"type":"Point","coordinates":[-15.1239,15.14593]}},{"type":"Feature","properties":{"slug":"commune-thiel-linguere","name":"Thiel","level":"commune","parent":"departement-linguere"},"geometry":{"type":"Point","coordinates":[-14.933,14.88061]}},{"type":"Feature","properties":{"slug":"commune-boulal-linguere","name":"Boulal","level":"commune","parent":"departement-linguere"},"geometry":{"type":"Point","coordinates":[-15.72344,15.34768]}},{"type":"Feature","properties":{"slug":"commune-dealy-linguere","name":"Dealy","level":"commune","parent":"departement-linguere"},"geometry":{"type":"Point","coordinates":[-15.62616,14.98279]}},{"type":"Feature","properties":{"slug":"commune-thiamene-passe-linguere","name":"Thiamène Passe","level":"commune","parent":"departement-linguere"},"geometry":{"type":"Point","coordinates":[-15.56174,15.35659]}},{"type":"Feature","properties":{"slug":"commune-sagatta-djolof-linguere","name":"Sagatta Djolof","level":"commune","parent":"departement-linguere"},"geometry":{"type":"Point","coordinates":[-15.56975,15.20135]}},{"type":"Feature","properties":{"slug":"commune-linguere-linguere","name":"Linguère","level":"commune","parent":"departement-linguere"},"geometry":{"type":"Point","coordinates":[-15.11944,15.39803]}},{"type":"Feature","properties":{"slug":"commune-dahra-linguere","name":"Dahra","level":"commune","parent":"departement-linguere"},"geometry":{"type":"Point","coordinates":[-15.47518,15.34763]}},{"type":"Feature","properties":{"slug":"commune-affe-djiolof-linguere","name":"Affé Djiolof","level":"commune","parent":"departement-linguere"},"geometry":{"type":"Point","coordinates":[-15.43052,15.20973]}},{"type":"Feature","properties":{"slug":"commune-dodji-linguere","name":"Dodji","level":"commune","parent":"departement-linguere"},"geometry":{"type":"Point","coordinates":[-14.86586,15.57859]}},{"type":"Feature","properties":{"slug":"commune-labgar-linguere","name":"Labgar","level":"commune","parent":"departement-linguere"},"geometry":{"type":"Point","coordinates":[-14.71915,15.84344]}},{"type":"Feature","properties":{"slug":"commune-ouarkhokh-linguere","name":"Ouarkhokh","level":"commune","parent":"departement-linguere"},"geometry":{"type":"Point","coordinates":[-15.14771,15.5551]}},{"type":"Feature","properties":{"slug":"commune-kamb-linguere","name":"Kamb","level":"commune","parent":"departement-linguere"},"geometry":{"type":"Point","coordinates":[-15.52399,15.53523]}},{"type":"Feature","properties":{"slug":"commune-mboula-linguere","name":"Mboula","level":"commune","parent":"departement-linguere"},"geometry":{"type":"Point","coordinates":[-15.4553,15.7383]}},{"type":"Feature","properties":{"slug":"commune-tessekere-forage-linguere","name":"Téssékéré Forage","level":"commune","parent":"departement-linguere"},"geometry":{"type":"Point","coordinates":[-15.01827,15.89706]}},{"type":"Feature","properties":{"slug":"commune-yang-yang-linguere","name":"Yang-Yang","level":"commune","parent":"departement-linguere"},"geometry":{"type":"Point","coordinates":[-15.21586,15.72805]}},{"type":"Feature","properties":{"slug":"commune-mbeuleukhe-linguere","name":"Mbeuleukhé","level":"commune","parent":"departement-linguere"},"geometry":{"type":"Point","coordinates":[-15.34831,15.64982]}},{"type":"Feature","properties":{"slug":"commune-coki-louga","name":"Coki","level":"commune","parent":"departement-louga"},"geometry":{"type":"Point","coordinates":[-15.99955,15.52753]}},{"type":"Feature","properties":{"slug":"commune-guet-ardo-louga","name":"Guet Ardo","level":"commune","parent":"departement-louga"},"geometry":{"type":"Point","coordinates":[-16.09036,15.46803]}},{"type":"Feature","properties":{"slug":"commune-thiamene-louga","name":"Thiamène","level":"commune","parent":"departement-louga"},"geometry":{"type":"Point","coordinates":[-15.86421,15.45785]}},{"type":"Feature","properties":{"slug":"commune-pete-ouarack-louga","name":"Pété Ouarack","level":"commune","parent":"departement-louga"},"geometry":{"type":"Point","coordinates":[-15.94298,15.60867]}},{"type":"Feature","properties":{"slug":"commune-ndiagne-louga","name":"Ndiagne","level":"commune","parent":"departement-louga"},"geometry":{"type":"Point","coordinates":[-16.06883,15.41752]}},{"type":"Feature","properties":{"slug":"commune-keur-momar-sarr-louga","name":"Keur Momar Sarr","level":"commune","parent":"departement-louga"},"geometry":{"type":"Point","coordinates":[-15.97555,15.94032]}},{"type":"Feature","properties":{"slug":"commune-nguer-malal-louga","name":"Nguer Malal","level":"commune","parent":"departement-louga"},"geometry":{"type":"Point","coordinates":[-15.91743,15.74236]}},{"type":"Feature","properties":{"slug":"commune-louga-louga","name":"Louga","level":"commune","parent":"departement-louga"},"geometry":{"type":"Point","coordinates":[-16.22501,15.61868]}},{"type":"Feature","properties":{"slug":"commune-syer-louga","name":"Syer","level":"commune","parent":"departement-louga"},"geometry":{"type":"Point","coordinates":[-15.71784,15.94821]}},{"type":"Feature","properties":{"slug":"commune-gande-louga","name":"Gande","level":"commune","parent":"departement-louga"},"geometry":{"type":"Point","coordinates":[-15.76415,15.63118]}},{"type":"Feature","properties":{"slug":"commune-mbediene-louga","name":"Mbédiene","level":"commune","parent":"departement-louga"},"geometry":{"type":"Point","coordinates":[-16.17758,15.50537]}},{"type":"Feature","properties":{"slug":"commune-niomre-louga","name":"Niomré","level":"commune","parent":"departement-louga"},"geometry":{"type":"Point","coordinates":[-16.12389,15.59512]}},{"type":"Feature","properties":{"slug":"commune-nguidile-louga","name":"Nguidilé","level":"commune","parent":"departement-louga"},"geometry":{"type":"Point","coordinates":[-16.19088,15.66828]}},{"type":"Feature","properties":{"slug":"commune-kele-gueye-louga","name":"Kéle Gueye","level":"commune","parent":"departement-louga"},"geometry":{"type":"Point","coordinates":[-16.3101,15.55283]}},{"type":"Feature","properties":{"slug":"commune-leona-louga","name":"Léona","level":"commune","parent":"departement-louga"},"geometry":{"type":"Point","coordinates":[-16.4503,15.75769]}},{"type":"Feature","properties":{"slug":"commune-ngueune-sarr-louga","name":"Ngueune Sarr","level":"commune","parent":"departement-louga"},"geometry":{"type":"Point","coordinates":[-16.30688,15.7263]}},{"type":"Feature","properties":{"slug":"commune-sakal-louga","name":"Sakal","level":"commune","parent":"departement-louga"},"geometry":{"type":"Point","coordinates":[-16.18334,15.84199]}},{"type":"Feature","properties":{"slug":"commune-wouro-sidy-kanel","name":"Wouro Sidy","level":"commune","parent":"departement-kanel"},"geometry":{"type":"Point","coordinates":[-13.40718,15.09541]}},{"type":"Feature","properties":{"slug":"commune-ndendory-kanel","name":"Ndendory","level":"commune","parent":"departement-kanel"},"geometry":{"type":"Point","coordinates":[-13.07983,15.01121]}},{"type":"Feature","properties":{"slug":"commune-hamady-hounare-kanel","name":"Hamady Hounaré","level":"commune","parent":"departement-kanel"},"geometry":{"type":"Point","coordinates":[-13.0164,15.34826]}},{"type":"Feature","properties":{"slug":"commune-sinthiou-bamambe-banadji-kanel","name":"Sinthiou Bamambé Banadji","level":"commune","parent":"departement-kanel"},"geometry":{"type":"Point","coordinates":[-13.13428,15.36655]}},{"type":"Feature","properties":{"slug":"commune-odobere-kanel","name":"Odobéré","level":"commune","parent":"departement-kanel"},"geometry":{"type":"Point","coordinates":[-13.10039,15.56126]}},{"type":"Feature","properties":{"slug":"commune-kanel-kanel","name":"Kanel","level":"commune","parent":"departement-kanel"},"geometry":{"type":"Point","coordinates":[-13.17715,15.48629]}},{"type":"Feature","properties":{"slug":"commune-aoure-kanel","name":"Aouré","level":"commune","parent":"departement-kanel"},"geometry":{"type":"Point","coordinates":[-12.78895,14.73511]}},{"type":"Feature","properties":{"slug":"commune-bokiladji-kanel","name":"Bokiladji","level":"commune","parent":"departement-kanel"},"geometry":{"type":"Point","coordinates":[-12.67108,14.91673]}},{"type":"Feature","properties":{"slug":"commune-orkadiere-kanel","name":"Orkadiéré","level":"commune","parent":"departement-kanel"},"geometry":{"type":"Point","coordinates":[-12.96653,15.29738]}},{"type":"Feature","properties":{"slug":"commune-ouaounde-kanel","name":"Ouaoundé","level":"commune","parent":"departement-kanel"},"geometry":{"type":"Point","coordinates":[-12.86709,15.26954]}},{"type":"Feature","properties":{"slug":"commune-dembancane-kanel","name":"Dembancané","level":"commune","parent":"departement-kanel"},"geometry":{"type":"Point","coordinates":[-12.70695,15.09041]}},{"type":"Feature","properties":{"slug":"commune-semme-kanel","name":"Semmé","level":"commune","parent":"departement-kanel"},"geometry":{"type":"Point","coordinates":[-12.94505,15.20032]}},{"type":"Feature","properties":{"slug":"commune-dabia-matam","name":"Dabia","level":"commune","parent":"departement-matam"},"geometry":{"type":"Point","coordinates":[-13.54148,16.01517]}},{"type":"Feature","properties":{"slug":"commune-agnam-civol-matam","name":"Agnam Civol","level":"commune","parent":"departement-matam"},"geometry":{"type":"Point","coordinates":[-13.69263,15.80491]}},{"type":"Feature","properties":{"slug":"commune-matam-matam","name":"Matam","level":"commune","parent":"departement-matam"},"geometry":{"type":"Point","coordinates":[-13.26061,15.66601]}},{"type":"Feature","properties":{"slug":"commune-ourossogui-matam","name":"Ourossogui","level":"commune","parent":"departement-matam"},"geometry":{"type":"Point","coordinates":[-13.32544,15.60891]}},{"type":"Feature","properties":{"slug":"commune-orefonde-matam","name":"Oréfondé","level":"commune","parent":"departement-matam"},"geometry":{"type":"Point","coordinates":[-13.86926,15.8275]}},{"type":"Feature","properties":{"slug":"commune-thilogne-matam","name":"Thilogne","level":"commune","parent":"departement-matam"},"geometry":{"type":"Point","coordinates":[-13.59473,15.96471]}},{"type":"Feature","properties":{"slug":"commune-nguidjilone-matam","name":"Nguidjilone","level":"commune","parent":"departement-matam"},"geometry":{"type":"Point","coordinates":[-13.35198,15.93674]}},{"type":"Feature","properties":{"slug":"commune-bokidiawe-matam","name":"Bokidiawé","level":"commune","parent":"departement-matam"},"geometry":{"type":"Point","coordinates":[-13.41452,15.86506]}},{"type":"Feature","properties":{"slug":"commune-nabadji-civol-matam","name":"Nabadji Civol","level":"commune","parent":"departement-matam"},"geometry":{"type":"Point","coordinates":[-13.34886,15.71744]}},{"type":"Feature","properties":{"slug":"commune-ogo-matam","name":"Ogo","level":"commune","parent":"departement-matam"},"geometry":{"type":"Point","coordinates":[-13.59115,15.54694]}},{"type":"Feature","properties":{"slug":"commune-lougre-thioly-ranerou-ferlo","name":"Lougré Thioly","level":"commune","parent":"departement-ranerou-ferlo"},"geometry":{"type":"Point","coordinates":[-14.56941,15.59108]}},{"type":"Feature","properties":{"slug":"commune-ranerou-ranerou-ferlo","name":"Ranérou","level":"commune","parent":"departement-ranerou-ferlo"},"geometry":{"type":"Point","coordinates":[-13.96338,15.29827]}},{"type":"Feature","properties":{"slug":"commune-oudalaye-ranerou-ferlo","name":"Oudalaye","level":"commune","parent":"departement-ranerou-ferlo"},"geometry":{"type":"Point","coordinates":[-13.9227,14.81847]}},{"type":"Feature","properties":{"slug":"commune-velingara-ranerou-ferlo","name":"Vélingara","level":"commune","parent":"departement-ranerou-ferlo"},"geometry":{"type":"Point","coordinates":[-14.55323,14.79413]}},{"type":"Feature","properties":{"slug":"commune-ngnith-dagana","name":"Ngnith","level":"commune","parent":"departement-dagana"},"geometry":{"type":"Point","coordinates":[-16.11746,16.14832]}},{"type":"Feature","properties":{"slug":"commune-diama-dagana","name":"Diama","level":"commune","parent":"departement-dagana"},"geometry":{"type":"Point","coordinates":[-16.1931,16.38958]}},{"type":"Feature","properties":{"slug":"commune-ronkh-dagana","name":"Ronkh","level":"commune","parent":"departement-dagana"},"geometry":{"type":"Point","coordinates":[-15.90317,16.42843]}},{"type":"Feature","properties":{"slug":"commune-dagana-dagana","name":"Dagana","level":"commune","parent":"departement-dagana"},"geometry":{"type":"Point","coordinates":[-15.5064,16.51174]}},{"type":"Feature","properties":{"slug":"commune-richard-toll-dagana","name":"Richard Toll","level":"commune","parent":"departement-dagana"},"geometry":{"type":"Point","coordinates":[-15.68549,16.46436]}},{"type":"Feature","properties":{"slug":"commune-ross-bethio-dagana","name":"Ross-Béthio","level":"commune","parent":"departement-dagana"},"geometry":{"type":"Point","coordinates":[-16.14272,16.27623]}},{"type":"Feature","properties":{"slug":"commune-rosso-dagana","name":"Rosso","level":"commune","parent":"departement-dagana"},"geometry":{"type":"Point","coordinates":[-15.80877,16.50086]}},{"type":"Feature","properties":{"slug":"commune-bokhol-dagana","name":"Bokhol","level":"commune","parent":"departement-dagana"},"geometry":{"type":"Point","coordinates":[-15.51841,16.3844]}},{"type":"Feature","properties":{"slug":"commune-mbane-dagana","name":"Mbane","level":"commune","parent":"departement-dagana"},"geometry":{"type":"Point","coordinates":[-15.58368,16.14956]}},{"type":"Feature","properties":{"slug":"commune-gae-dagana","name":"Gaé","level":"commune","parent":"departement-dagana"},"geometry":{"type":"Point","coordinates":[-15.4483,16.5788]}},{"type":"Feature","properties":{"slug":"commune-mery-podor","name":"Méry","level":"commune","parent":"departement-podor"},"geometry":{"type":"Point","coordinates":[-14.03248,16.24801]}},{"type":"Feature","properties":{"slug":"commune-doumga-lao-podor","name":"Doumga Lao","level":"commune","parent":"departement-podor"},"geometry":{"type":"Point","coordinates":[-14.36214,16.21008]}},{"type":"Feature","properties":{"slug":"commune-madina-diathbe-podor","name":"Madina Diathbé","level":"commune","parent":"departement-podor"},"geometry":{"type":"Point","coordinates":[-14.1097,16.34893]}},{"type":"Feature","properties":{"slug":"commune-gollere-podor","name":"Golléré","level":"commune","parent":"departement-podor"},"geometry":{"type":"Point","coordinates":[-14.104,16.25497]}},{"type":"Feature","properties":{"slug":"commune-mboumba-podor","name":"Mboumba","level":"commune","parent":"departement-podor"},"geometry":{"type":"Point","coordinates":[-14.01624,16.1909]}},{"type":"Feature","properties":{"slug":"commune-walalde-podor","name":"Walaldé","level":"commune","parent":"departement-podor"},"geometry":{"type":"Point","coordinates":[-14.20555,16.50421]}},{"type":"Feature","properties":{"slug":"commune-aere-lao-podor","name":"Aéré Lao","level":"commune","parent":"departement-podor"},"geometry":{"type":"Point","coordinates":[-14.32361,16.40088]}},{"type":"Feature","properties":{"slug":"commune-gamadji-sare-podor","name":"Gamadji Saré","level":"commune","parent":"departement-podor"},"geometry":{"type":"Point","coordinates":[-14.76693,16.04865]}},{"type":"Feature","properties":{"slug":"commune-dodel-podor","name":"Dodel","level":"commune","parent":"departement-podor"},"geometry":{"type":"Point","coordinates":[-14.45853,16.53577]}},{"type":"Feature","properties":{"slug":"commune-podor-podor","name":"Podor","level":"commune","parent":"departement-podor"},"geometry":{"type":"Point","coordinates":[-14.95825,16.65528]}},{"type":"Feature","properties":{"slug":"commune-ndioum-podor","name":"Ndioum","level":"commune","parent":"departement-podor"},"geometry":{"type":"Point","coordinates":[-14.64947,16.50767]}},{"type":"Feature","properties":{"slug":"commune-guede-village-podor","name":"Guedé Village","level":"commune","parent":"departement-podor"},"geometry":{"type":"Point","coordinates":[-14.80396,16.55355]}},{"type":"Feature","properties":{"slug":"commune-demette-podor","name":"Démette","level":"commune","parent":"departement-podor"},"geometry":{"type":"Point","coordinates":[-14.27752,16.56771]}},{"type":"Feature","properties":{"slug":"commune-bode-lao-podor","name":"Bodé Lao","level":"commune","parent":"departement-podor"},"geometry":{"type":"Point","coordinates":[-14.35137,16.44722]}},{"type":"Feature","properties":{"slug":"commune-fanaye-podor","name":"Fanaye","level":"commune","parent":"departement-podor"},"geometry":{"type":"Point","coordinates":[-15.25929,16.16488]}},{"type":"Feature","properties":{"slug":"commune-ndiayene-peindao-podor","name":"Ndiayene Peindao","level":"commune","parent":"departement-podor"},"geometry":{"type":"Point","coordinates":[-15.0207,16.29647]}},{"type":"Feature","properties":{"slug":"commune-niandane-podor","name":"Niandane","level":"commune","parent":"departement-podor"},"geometry":{"type":"Point","coordinates":[-14.9909,16.58869]}},{"type":"Feature","properties":{"slug":"commune-mbolo-birane-podor","name":"Mbolo Birane","level":"commune","parent":"departement-podor"},"geometry":{"type":"Point","coordinates":[-14.34093,15.57595]}},{"type":"Feature","properties":{"slug":"commune-boke-dialloube-podor","name":"Boké Dialloubé","level":"commune","parent":"departement-podor"},"geometry":{"type":"Point","coordinates":[-14.16202,15.948]}},{"type":"Feature","properties":{"slug":"commune-galoya-toucouleur-podor","name":"Galoya Toucouleur","level":"commune","parent":"departement-podor"},"geometry":{"type":"Point","coordinates":[-13.8577,16.07258]}},{"type":"Feature","properties":{"slug":"commune-pete-podor","name":"Pété","level":"commune","parent":"departement-podor"},"geometry":{"type":"Point","coordinates":[-13.94901,16.10296]}},{"type":"Feature","properties":{"slug":"commune-fass-ngom-saint-louis","name":"Fass Ngom","level":"commune","parent":"departement-saint-louis"},"geometry":{"type":"Point","coordinates":[-16.24028,15.97315]}},{"type":"Feature","properties":{"slug":"commune-saint-louis-saint-louis","name":"Saint-Louis","level":"commune","parent":"departement-saint-louis"},"geometry":{"type":"Point","coordinates":[-16.49075,16.03675]}},{"type":"Feature","properties":{"slug":"commune-ndiebene-gandiole-saint-louis","name":"Ndiébène Gandiole","level":"commune","parent":"departement-saint-louis"},"geometry":{"type":"Point","coordinates":[-16.47068,15.88506]}},{"type":"Feature","properties":{"slug":"commune-gandon-saint-louis","name":"Gandon","level":"commune","parent":"departement-saint-louis"},"geometry":{"type":"Point","coordinates":[-16.40086,15.99957]}},{"type":"Feature","properties":{"slug":"commune-mpal-saint-louis","name":"Mpal","level":"commune","parent":"departement-saint-louis"},"geometry":{"type":"Point","coordinates":[-16.26992,15.91701]}},{"type":"Feature","properties":{"slug":"commune-tankon-bounkiling","name":"Tankon","level":"commune","parent":"departement-bounkiling"},"geometry":{"type":"Point","coordinates":[-15.43337,13.26891]}},{"type":"Feature","properties":{"slug":"commune-ndiamalathiel-bounkiling","name":"Ndiamalathiel","level":"commune","parent":"departement-bounkiling"},"geometry":{"type":"Point","coordinates":[-15.69699,13.30573]}},{"type":"Feature","properties":{"slug":"commune-djinany-bounkiling","name":"Djinany","level":"commune","parent":"departement-bounkiling"},"geometry":{"type":"Point","coordinates":[-15.7217,13.20777]}},{"type":"Feature","properties":{"slug":"commune-ndiamacouta-bounkiling","name":"Ndiamacouta","level":"commune","parent":"departement-bounkiling"},"geometry":{"type":"Point","coordinates":[-15.63272,13.32193]}},{"type":"Feature","properties":{"slug":"commune-diacounda-bounkiling","name":"Diacounda","level":"commune","parent":"departement-bounkiling"},"geometry":{"type":"Point","coordinates":[-15.9533,12.92359]}},{"type":"Feature","properties":{"slug":"commune-bounkiling-bounkiling","name":"Bounkiling","level":"commune","parent":"departement-bounkiling"},"geometry":{"type":"Point","coordinates":[-15.69927,13.03884]}},{"type":"Feature","properties":{"slug":"commune-inor-bounkiling","name":"Inor","level":"commune","parent":"departement-bounkiling"},"geometry":{"type":"Point","coordinates":[-15.75643,13.08928]}},{"type":"Feature","properties":{"slug":"commune-kandion-mangana-bounkiling","name":"Kandion Mangana","level":"commune","parent":"departement-bounkiling"},"geometry":{"type":"Point","coordinates":[-15.7745,13.18492]}},{"type":"Feature","properties":{"slug":"commune-bona-bounkiling","name":"Bona","level":"commune","parent":"departement-bounkiling"},"geometry":{"type":"Point","coordinates":[-15.85913,13.00589]}},{"type":"Feature","properties":{"slug":"commune-diambati-bounkiling","name":"Diambati","level":"commune","parent":"departement-bounkiling"},"geometry":{"type":"Point","coordinates":[-15.42597,13.06031]}},{"type":"Feature","properties":{"slug":"commune-faoune-bounkiling","name":"Faoune","level":"commune","parent":"departement-bounkiling"},"geometry":{"type":"Point","coordinates":[-15.54178,13.12678]}},{"type":"Feature","properties":{"slug":"commune-diaroume-bounkiling","name":"Diaroumé","level":"commune","parent":"departement-bounkiling"},"geometry":{"type":"Point","coordinates":[-15.57306,12.99479]}},{"type":"Feature","properties":{"slug":"commune-madina-wandifa-bounkiling","name":"Madina Wandifa","level":"commune","parent":"departement-bounkiling"},"geometry":{"type":"Point","coordinates":[-15.63964,13.05805]}},{"type":"Feature","properties":{"slug":"commune-yarang-balante-goudomp","name":"Yarang Balante","level":"commune","parent":"departement-goudomp"},"geometry":{"type":"Point","coordinates":[-15.5895,12.5139]}},{"type":"Feature","properties":{"slug":"commune-mangaroungou-santo-goudomp","name":"Mangaroungou Santo","level":"commune","parent":"departement-goudomp"},"geometry":{"type":"Point","coordinates":[-15.49399,12.54821]}},{"type":"Feature","properties":{"slug":"commune-simbandi-balante-goudomp","name":"Simbandi Balante","level":"commune","parent":"departement-goudomp"},"geometry":{"type":"Point","coordinates":[-15.73231,12.52427]}},{"type":"Feature","properties":{"slug":"commune-djibanar-goudomp","name":"Djibanar","level":"commune","parent":"departement-goudomp"},"geometry":{"type":"Point","coordinates":[-15.83779,12.5016]}},{"type":"Feature","properties":{"slug":"commune-kaour-goudomp","name":"Kaour","level":"commune","parent":"departement-goudomp"},"geometry":{"type":"Point","coordinates":[-15.9242,12.55346]}},{"type":"Feature","properties":{"slug":"commune-goudomp-goudomp","name":"Goudomp","level":"commune","parent":"departement-goudomp"},"geometry":{"type":"Point","coordinates":[-15.88068,12.57061]}},{"type":"Feature","properties":{"slug":"commune-diattacounda-goudomp","name":"Diattacounda","level":"commune","parent":"departement-goudomp"},"geometry":{"type":"Point","coordinates":[-15.67941,12.58243]}},{"type":"Feature","properties":{"slug":"commune-diouboudou-goudomp","name":"Diouboudou","level":"commune","parent":"departement-goudomp"},"geometry":{"type":"Point","coordinates":[-15.49891,12.69432]}},{"type":"Feature","properties":{"slug":"commune-simbandi-brassou-goudomp","name":"Simbandi Brassou","level":"commune","parent":"departement-goudomp"},"geometry":{"type":"Point","coordinates":[-15.48651,12.61954]}},{"type":"Feature","properties":{"slug":"commune-baghere-goudomp","name":"Baghère","level":"commune","parent":"departement-goudomp"},"geometry":{"type":"Point","coordinates":[-15.40674,12.69412]}},{"type":"Feature","properties":{"slug":"commune-niagha-goudomp","name":"Niagha","level":"commune","parent":"departement-goudomp"},"geometry":{"type":"Point","coordinates":[-15.30822,12.68343]}},{"type":"Feature","properties":{"slug":"commune-tanaff-goudomp","name":"Tanaff","level":"commune","parent":"departement-goudomp"},"geometry":{"type":"Point","coordinates":[-15.43056,12.64959]}},{"type":"Feature","properties":{"slug":"commune-karantaba-goudomp","name":"Karantaba","level":"commune","parent":"departement-goudomp"},"geometry":{"type":"Point","coordinates":[-15.42533,12.77225]}},{"type":"Feature","properties":{"slug":"commune-kolibantang-goudomp","name":"Kolibantang","level":"commune","parent":"departement-goudomp"},"geometry":{"type":"Point","coordinates":[-15.30093,12.80311]}},{"type":"Feature","properties":{"slug":"commune-djiredji-sedhiou","name":"Djiredji","level":"commune","parent":"departement-sedhiou"},"geometry":{"type":"Point","coordinates":[-15.82218,12.64089]}},{"type":"Feature","properties":{"slug":"commune-bambaly-sedhiou","name":"Bambaly","level":"commune","parent":"departement-sedhiou"},"geometry":{"type":"Point","coordinates":[-15.62119,12.63302]}},{"type":"Feature","properties":{"slug":"commune-oudoucar-sedhiou","name":"Oudoucar","level":"commune","parent":"departement-sedhiou"},"geometry":{"type":"Point","coordinates":[-15.35459,12.98263]}},{"type":"Feature","properties":{"slug":"commune-sedhiou-sedhiou","name":"Sédhiou","level":"commune","parent":"departement-sedhiou"},"geometry":{"type":"Point","coordinates":[-15.55484,12.7072]}},{"type":"Feature","properties":{"slug":"commune-marsassoum-sedhiou","name":"Marsassoum","level":"commune","parent":"departement-sedhiou"},"geometry":{"type":"Point","coordinates":[-15.9792,12.83111]}},{"type":"Feature","properties":{"slug":"commune-sama-kanta-peulh-sedhiou","name":"Sama Kanta Peulh","level":"commune","parent":"departement-sedhiou"},"geometry":{"type":"Point","coordinates":[-15.20552,12.9329]}},{"type":"Feature","properties":{"slug":"commune-diannah-ba-sedhiou","name":"Diannah Ba","level":"commune","parent":"departement-sedhiou"},"geometry":{"type":"Point","coordinates":[-15.27954,13.00554]}},{"type":"Feature","properties":{"slug":"commune-koussy-sedhiou","name":"Koussy","level":"commune","parent":"departement-sedhiou"},"geometry":{"type":"Point","coordinates":[-15.67512,12.82935]}},{"type":"Feature","properties":{"slug":"commune-sakar-sedhiou","name":"Sakar","level":"commune","parent":"departement-sedhiou"},"geometry":{"type":"Point","coordinates":[-15.43093,12.89271]}},{"type":"Feature","properties":{"slug":"commune-diende-sedhiou","name":"Diendé","level":"commune","parent":"departement-sedhiou"},"geometry":{"type":"Point","coordinates":[-15.58668,12.75794]}},{"type":"Feature","properties":{"slug":"commune-diannah-malary-sedhiou","name":"Diannah Malary","level":"commune","parent":"departement-sedhiou"},"geometry":{"type":"Point","coordinates":[-15.24633,12.85179]}},{"type":"Feature","properties":{"slug":"commune-san-samba-sedhiou","name":"San Samba","level":"commune","parent":"departement-sedhiou"},"geometry":{"type":"Point","coordinates":[-15.83491,12.87214]}},{"type":"Feature","properties":{"slug":"commune-bemet-bidjini-sedhiou","name":"Bémet Bidjini","level":"commune","parent":"departement-sedhiou"},"geometry":{"type":"Point","coordinates":[-15.96544,12.73177]}},{"type":"Feature","properties":{"slug":"commune-djibabouya-sedhiou","name":"Djibabouya","level":"commune","parent":"departement-sedhiou"},"geometry":{"type":"Point","coordinates":[-15.93322,12.82988]}},{"type":"Feature","properties":{"slug":"commune-bele-bakel","name":"Bélé","level":"commune","parent":"departement-bakel"},"geometry":{"type":"Point","coordinates":[-12.31494,14.53315]}},{"type":"Feature","properties":{"slug":"commune-sinthiou-fissa-bakel","name":"Sinthiou Fissa","level":"commune","parent":"departement-bakel"},"geometry":{"type":"Point","coordinates":[-12.3556,14.26946]}},{"type":"Feature","properties":{"slug":"commune-kidira-bakel","name":"Kidira","level":"commune","parent":"departement-bakel"},"geometry":{"type":"Point","coordinates":[-12.21454,14.45517]}},{"type":"Feature","properties":{"slug":"commune-toumboura-bakel","name":"Toumboura","level":"commune","parent":"departement-bakel"},"geometry":{"type":"Point","coordinates":[-12.24726,14.00898]}},{"type":"Feature","properties":{"slug":"commune-bakel-bakel","name":"Bakel","level":"commune","parent":"departement-bakel"},"geometry":{"type":"Point","coordinates":[-12.46265,14.90005]}},{"type":"Feature","properties":{"slug":"commune-sadatou-bakel","name":"Sadatou","level":"commune","parent":"departement-bakel"},"geometry":{"type":"Point","coordinates":[-12.16123,13.57527]}},{"type":"Feature","properties":{"slug":"commune-madina-foulbe-bakel","name":"Madina Foulbé","level":"commune","parent":"departement-bakel"},"geometry":{"type":"Point","coordinates":[-12.05499,13.85018]}},{"type":"Feature","properties":{"slug":"commune-gathiary-bakel","name":"Gathiary","level":"commune","parent":"departement-bakel"},"geometry":{"type":"Point","coordinates":[-12.12644,14.22186]}},{"type":"Feature","properties":{"slug":"commune-moudery-bakel","name":"Moudery","level":"commune","parent":"departement-bakel"},"geometry":{"type":"Point","coordinates":[-12.54855,14.94866]}},{"type":"Feature","properties":{"slug":"commune-ballou-bakel","name":"Ballou","level":"commune","parent":"departement-bakel"},"geometry":{"type":"Point","coordinates":[-12.26523,14.68072]}},{"type":"Feature","properties":{"slug":"commune-gabou-bakel","name":"Gabou","level":"commune","parent":"departement-bakel"},"geometry":{"type":"Point","coordinates":[-12.5187,14.77869]}},{"type":"Feature","properties":{"slug":"commune-diawara-bakel","name":"Diawara","level":"commune","parent":"departement-bakel"},"geometry":{"type":"Point","coordinates":[-12.54418,15.02103]}},{"type":"Feature","properties":{"slug":"commune-boynguel-bamba-goudiry","name":"Boynguel Bamba","level":"commune","parent":"departement-goudiry"},"geometry":{"type":"Point","coordinates":[-12.94198,14.11996]}},{"type":"Feature","properties":{"slug":"commune-sinthiou-mamadou-boubou-goudiry","name":"Sinthiou Mamadou Boubou","level":"commune","parent":"departement-goudiry"},"geometry":{"type":"Point","coordinates":[-12.67625,14.39812]}},{"type":"Feature","properties":{"slug":"commune-koussan-goudiry","name":"Koussan","level":"commune","parent":"departement-goudiry"},"geometry":{"type":"Point","coordinates":[-12.57726,14.09361]}},{"type":"Feature","properties":{"slug":"commune-dougue-goudiry","name":"Dougué","level":"commune","parent":"departement-goudiry"},"geometry":{"type":"Point","coordinates":[-12.46673,13.86922]}},{"type":"Feature","properties":{"slug":"commune-dianke-makha-goudiry","name":"Dianké Makha","level":"commune","parent":"departement-goudiry"},"geometry":{"type":"Point","coordinates":[-12.58118,13.59475]}},{"type":"Feature","properties":{"slug":"commune-boutoucoufara-goudiry","name":"Boutoucoufara","level":"commune","parent":"departement-goudiry"},"geometry":{"type":"Point","coordinates":[-12.39223,13.38474]}},{"type":"Feature","properties":{"slug":"commune-goudiry-goudiry","name":"Goudiry","level":"commune","parent":"departement-goudiry"},"geometry":{"type":"Point","coordinates":[-12.71459,14.17978]}},{"type":"Feature","properties":{"slug":"commune-bani-israel-goudiry","name":"Bani Israel","level":"commune","parent":"departement-goudiry"},"geometry":{"type":"Point","coordinates":[-12.90452,13.79833]}},{"type":"Feature","properties":{"slug":"commune-komoti-goudiry","name":"Komoti","level":"commune","parent":"departement-goudiry"},"geometry":{"type":"Point","coordinates":[-12.93249,13.59434]}},{"type":"Feature","properties":{"slug":"commune-sinthiou-bocar-aly-goudiry","name":"Sinthiou Bocar Aly","level":"commune","parent":"departement-goudiry"},"geometry":{"type":"Point","coordinates":[-13.27199,14.36207]}},{"type":"Feature","properties":{"slug":"commune-koulor-goudiry","name":"Koulor","level":"commune","parent":"departement-goudiry"},"geometry":{"type":"Point","coordinates":[-13.54215,14.01303]}},{"type":"Feature","properties":{"slug":"commune-kothiary-goudiry","name":"Kothiary","level":"commune","parent":"departement-goudiry"},"geometry":{"type":"Point","coordinates":[-13.4591,13.89351]}},{"type":"Feature","properties":{"slug":"commune-bala-goudiry","name":"Bala","level":"commune","parent":"departement-goudiry"},"geometry":{"type":"Point","coordinates":[-13.10492,13.94308]}},{"type":"Feature","properties":{"slug":"commune-koar-goudiry","name":"Koar","level":"commune","parent":"departement-goudiry"},"geometry":{"type":"Point","coordinates":[-13.32946,13.79494]}},{"type":"Feature","properties":{"slug":"commune-goumbayel-goudiry","name":"Goumbayel","level":"commune","parent":"departement-goudiry"},"geometry":{"type":"Point","coordinates":[-13.2105,13.61863]}},{"type":"Feature","properties":{"slug":"commune-ndame-koumpentoum","name":"Ndame","level":"commune","parent":"departement-koumpentoum"},"geometry":{"type":"Point","coordinates":[-14.5041,14.04031]}},{"type":"Feature","properties":{"slug":"commune-mereto-koumpentoum","name":"Méréto","level":"commune","parent":"departement-koumpentoum"},"geometry":{"type":"Point","coordinates":[-14.37785,13.81592]}},{"type":"Feature","properties":{"slug":"commune-kahene-koumpentoum","name":"Kahène","level":"commune","parent":"departement-koumpentoum"},"geometry":{"type":"Point","coordinates":[-14.72281,13.70307]}},{"type":"Feature","properties":{"slug":"commune-koumpentoum-koumpentoum","name":"Koumpentoum","level":"commune","parent":"departement-koumpentoum"},"geometry":{"type":"Point","coordinates":[-14.56424,13.97572]}},{"type":"Feature","properties":{"slug":"commune-bamba-thialene-koumpentoum","name":"Bamba Thialène","level":"commune","parent":"departement-koumpentoum"},"geometry":{"type":"Point","coordinates":[-14.62726,13.82113]}},{"type":"Feature","properties":{"slug":"commune-payar-koumpentoum","name":"Payar","level":"commune","parent":"departement-koumpentoum"},"geometry":{"type":"Point","coordinates":[-14.39028,14.46936]}},{"type":"Feature","properties":{"slug":"commune-kouthia-guaydi-koumpentoum","name":"Kouthia Guaydi","level":"commune","parent":"departement-koumpentoum"},"geometry":{"type":"Point","coordinates":[-14.11103,14.14083]}},{"type":"Feature","properties":{"slug":"commune-kouthiaba-wolof-koumpentoum","name":"Kouthiaba Wolof","level":"commune","parent":"departement-koumpentoum"},"geometry":{"type":"Point","coordinates":[-14.41515,14.211]}},{"type":"Feature","properties":{"slug":"commune-pass-koto-koumpentoum","name":"Pass Koto","level":"commune","parent":"departement-koumpentoum"},"geometry":{"type":"Point","coordinates":[-14.33523,14.01795]}},{"type":"Feature","properties":{"slug":"commune-malem-niani-koumpentoum","name":"Malem Niani","level":"commune","parent":"departement-koumpentoum"},"geometry":{"type":"Point","coordinates":[-14.2996,13.93761]}},{"type":"Feature","properties":{"slug":"commune-niani-toucouleur-tambacounda","name":"Niani Toucouleur","level":"commune","parent":"departement-tambacounda"},"geometry":{"type":"Point","coordinates":[-14.44364,13.66723]}},{"type":"Feature","properties":{"slug":"commune-makacolibantang-tambacounda","name":"Makacolibantang","level":"commune","parent":"departement-tambacounda"},"geometry":{"type":"Point","coordinates":[-14.21674,13.61943]}},{"type":"Feature","properties":{"slug":"commune-ndoga-babacar-tambacounda","name":"Ndoga Babacar","level":"commune","parent":"departement-tambacounda"},"geometry":{"type":"Point","coordinates":[-13.99871,13.6856]}},{"type":"Feature","properties":{"slug":"commune-tambacounda-tambacounda","name":"Tambacounda","level":"commune","parent":"departement-tambacounda"},"geometry":{"type":"Point","coordinates":[-13.66584,13.76497]}},{"type":"Feature","properties":{"slug":"commune-dialacoto-tambacounda","name":"Dialacoto","level":"commune","parent":"departement-tambacounda"},"geometry":{"type":"Point","coordinates":[-12.84829,13.2579]}},{"type":"Feature","properties":{"slug":"commune-missirah-tambacounda","name":"Missirah","level":"commune","parent":"departement-tambacounda"},"geometry":{"type":"Point","coordinates":[-13.53856,13.46235]}},{"type":"Feature","properties":{"slug":"commune-netteboulou-tambacounda","name":"Néttéboulou","level":"commune","parent":"departement-tambacounda"},"geometry":{"type":"Point","coordinates":[-13.48455,13.76539]}},{"type":"Feature","properties":{"slug":"commune-sinthiou-maleme-tambacounda","name":"Sinthiou Malème","level":"commune","parent":"departement-tambacounda"},"geometry":{"type":"Point","coordinates":[-13.83459,13.89429]}},{"type":"Feature","properties":{"slug":"commune-koussanar-tambacounda","name":"Koussanar","level":"commune","parent":"departement-tambacounda"},"geometry":{"type":"Point","coordinates":[-13.73086,14.24975]}},{"type":"Feature","properties":{"slug":"commune-fissel-mbour","name":"Fissel","level":"commune","parent":"departement-mbour"},"geometry":{"type":"Point","coordinates":[-16.59667,14.5504]}},{"type":"Feature","properties":{"slug":"commune-ndiaganiao-mbour","name":"Ndiaganiao","level":"commune","parent":"departement-mbour"},"geometry":{"type":"Point","coordinates":[-16.73001,14.55013]}},{"type":"Feature","properties":{"slug":"commune-mbour-mbour","name":"Mbour","level":"commune","parent":"departement-mbour"},"geometry":{"type":"Point","coordinates":[-16.96552,14.42507]}},{"type":"Feature","properties":{"slug":"commune-joal-fadhiouth-mbour","name":"Joal-Fadhiouth","level":"commune","parent":"departement-mbour"},"geometry":{"type":"Point","coordinates":[-16.83186,14.16242]}},{"type":"Feature","properties":{"slug":"commune-sessene-mbour","name":"Sessène","level":"commune","parent":"departement-mbour"},"geometry":{"type":"Point","coordinates":[-16.74691,14.40002]}},{"type":"Feature","properties":{"slug":"commune-sandiara-mbour","name":"Sandiara","level":"commune","parent":"departement-mbour"},"geometry":{"type":"Point","coordinates":[-16.8376,14.43674]}},{"type":"Feature","properties":{"slug":"commune-ngueniene-mbour","name":"Nguéniène","level":"commune","parent":"departement-mbour"},"geometry":{"type":"Point","coordinates":[-16.80562,14.2663]}},{"type":"Feature","properties":{"slug":"commune-thiadiaye-mbour","name":"Thiadiaye","level":"commune","parent":"departement-mbour"},"geometry":{"type":"Point","coordinates":[-16.7022,14.41965]}},{"type":"Feature","properties":{"slug":"commune-sindia-mbour","name":"Sindia","level":"commune","parent":"departement-mbour"},"geometry":{"type":"Point","coordinates":[-16.95532,14.53171]}},{"type":"Feature","properties":{"slug":"commune-malicounda-mbour","name":"Malicounda","level":"commune","parent":"departement-mbour"},"geometry":{"type":"Point","coordinates":[-16.89216,14.32993]}},{"type":"Feature","properties":{"slug":"commune-diass-mbour","name":"Diass","level":"commune","parent":"departement-mbour"},"geometry":{"type":"Point","coordinates":[-17.08699,14.64149]}},{"type":"Feature","properties":{"slug":"commune-nguekhokh-mbour","name":"Nguekhokh","level":"commune","parent":"departement-mbour"},"geometry":{"type":"Point","coordinates":[-17.00268,14.5087]}},{"type":"Feature","properties":{"slug":"commune-saly-portudal-mbour","name":"Saly Portudal","level":"commune","parent":"departement-mbour"},"geometry":{"type":"Point","coordinates":[-17.00993,14.44471]}},{"type":"Feature","properties":{"slug":"commune-ngaparou-mbour","name":"Ngaparou","level":"commune","parent":"departement-mbour"},"geometry":{"type":"Point","coordinates":[-17.05875,14.47221]}},{"type":"Feature","properties":{"slug":"commune-somone-mbour","name":"Somone","level":"commune","parent":"departement-mbour"},"geometry":{"type":"Point","coordinates":[-17.07179,14.48422]}},{"type":"Feature","properties":{"slug":"commune-popenguine-mbour","name":"Popenguine","level":"commune","parent":"departement-mbour"},"geometry":{"type":"Point","coordinates":[-17.11032,14.55746]}},{"type":"Feature","properties":{"slug":"commune-thies-nord-thies","name":"Thies Nord","level":"commune","parent":"departement-thies"},"geometry":{"type":"Point","coordinates":[-16.91375,14.81032]}},{"type":"Feature","properties":{"slug":"commune-thies-est-thies","name":"Thiès Est","level":"commune","parent":"departement-thies"},"geometry":{"type":"Point","coordinates":[-16.91656,14.78308]}},{"type":"Feature","properties":{"slug":"commune-thies-ouest-thies","name":"Thiès Ouest","level":"commune","parent":"departement-thies"},"geometry":{"type":"Point","coordinates":[-16.95121,14.79063]}},{"type":"Feature","properties":{"slug":"commune-thienaba-thies","name":"Thiénaba","level":"commune","parent":"departement-thies"},"geometry":{"type":"Point","coordinates":[-16.79432,14.79671]}},{"type":"Feature","properties":{"slug":"commune-khombole-thies","name":"Khombole","level":"commune","parent":"departement-thies"},"geometry":{"type":"Point","coordinates":[-16.69251,14.7641]}},{"type":"Feature","properties":{"slug":"commune-pout-thies","name":"Pout","level":"commune","parent":"departement-thies"},"geometry":{"type":"Point","coordinates":[-17.0633,14.76966]}},{"type":"Feature","properties":{"slug":"commune-ngoudiane-thies","name":"Ngoudiane","level":"commune","parent":"departement-thies"},"geometry":{"type":"Point","coordinates":[-16.72965,14.70363]}},{"type":"Feature","properties":{"slug":"commune-ndieyene-sirakh-thies","name":"Ndiéyène Sirakh","level":"commune","parent":"departement-thies"},"geometry":{"type":"Point","coordinates":[-16.64312,14.71032]}},{"type":"Feature","properties":{"slug":"commune-touba-toul-thies","name":"Touba Toul","level":"commune","parent":"departement-thies"},"geometry":{"type":"Point","coordinates":[-16.7,14.8436]}},{"type":"Feature","properties":{"slug":"commune-keur-moussa-thies","name":"Keur Moussa","level":"commune","parent":"departement-thies"},"geometry":{"type":"Point","coordinates":[-17.02887,14.72173]}},{"type":"Feature","properties":{"slug":"commune-diender-thies","name":"Diender","level":"commune","parent":"departement-thies"},"geometry":{"type":"Point","coordinates":[-17.10559,14.85816]}},{"type":"Feature","properties":{"slug":"commune-fandene-thies","name":"Fandène","level":"commune","parent":"departement-thies"},"geometry":{"type":"Point","coordinates":[-16.86593,14.83757]}},{"type":"Feature","properties":{"slug":"commune-kayar-thies","name":"Kayar","level":"commune","parent":"departement-thies"},"geometry":{"type":"Point","coordinates":[-17.11772,14.91539]}},{"type":"Feature","properties":{"slug":"commune-notto-thies","name":"Notto","level":"commune","parent":"departement-thies"},"geometry":{"type":"Point","coordinates":[-16.92629,14.69036]}},{"type":"Feature","properties":{"slug":"commune-tassete-thies","name":"Tassète","level":"commune","parent":"departement-thies"},"geometry":{"type":"Point","coordinates":[-16.86507,14.59228]}},{"type":"Feature","properties":{"slug":"commune-meouane-tivaouane","name":"Méouane","level":"commune","parent":"departement-tivaouane"},"geometry":{"type":"Point","coordinates":[-16.70581,15.12584]}},{"type":"Feature","properties":{"slug":"commune-darou-khoudoss-tivaouane","name":"Darou Khoudoss","level":"commune","parent":"departement-tivaouane"},"geometry":{"type":"Point","coordinates":[-16.79055,15.24079]}},{"type":"Feature","properties":{"slug":"commune-taiba-ndiaye-tivaouane","name":"Taiba Ndiaye","level":"commune","parent":"departement-tivaouane"},"geometry":{"type":"Point","coordinates":[-16.89691,15.03082]}},{"type":"Feature","properties":{"slug":"commune-mboro-tivaouane","name":"Mboro","level":"commune","parent":"departement-tivaouane"},"geometry":{"type":"Point","coordinates":[-16.88044,15.13317]}},{"type":"Feature","properties":{"slug":"commune-merina-dakhar-tivaouane","name":"Mérina Dakhar","level":"commune","parent":"departement-tivaouane"},"geometry":{"type":"Point","coordinates":[-16.54393,15.11302]}},{"type":"Feature","properties":{"slug":"commune-koul-tivaouane","name":"Koul","level":"commune","parent":"departement-tivaouane"},"geometry":{"type":"Point","coordinates":[-16.61904,15.0286]}},{"type":"Feature","properties":{"slug":"commune-pekesse-tivaouane","name":"Pékèsse","level":"commune","parent":"departement-tivaouane"},"geometry":{"type":"Point","coordinates":[-16.3501,15.1317]}},{"type":"Feature","properties":{"slug":"commune-tivaouane-tivaouane","name":"Tivaouane","level":"commune","parent":"departement-tivaouane"},"geometry":{"type":"Point","coordinates":[-16.80991,14.95189]}},{"type":"Feature","properties":{"slug":"commune-mekhe-tivaouane","name":"Mékhé","level":"commune","parent":"departement-tivaouane"},"geometry":{"type":"Point","coordinates":[-16.63213,15.11289]}},{"type":"Feature","properties":{"slug":"commune-niakhene-tivaouane","name":"Niakhène","level":"commune","parent":"departement-tivaouane"},"geometry":{"type":"Point","coordinates":[-16.31998,15.05528]}},{"type":"Feature","properties":{"slug":"commune-mbayene-tivaouane","name":"Mbayène","level":"commune","parent":"departement-tivaouane"},"geometry":{"type":"Point","coordinates":[-16.30066,15.21292]}},{"type":"Feature","properties":{"slug":"commune-thilmakha-tivaouane","name":"Thilmakha","level":"commune","parent":"departement-tivaouane"},"geometry":{"type":"Point","coordinates":[-16.22892,15.01231]}},{"type":"Feature","properties":{"slug":"commune-ngandiouf-tivaouane","name":"Ngandiouf","level":"commune","parent":"departement-tivaouane"},"geometry":{"type":"Point","coordinates":[-16.41205,15.24617]}},{"type":"Feature","properties":{"slug":"commune-notto-gouye-diama-tivaouane","name":"Notto Gouye Diama","level":"commune","parent":"departement-tivaouane"},"geometry":{"type":"Point","coordinates":[-17.03055,14.97662]}},{"type":"Feature","properties":{"slug":"commune-mont-rolland-tivaouane","name":"Mont Rolland","level":"commune","parent":"departement-tivaouane"},"geometry":{"type":"Point","coordinates":[-17.00808,14.88577]}},{"type":"Feature","properties":{"slug":"commune-pire-goureye-tivaouane","name":"Pire Goureye","level":"commune","parent":"departement-tivaouane"},"geometry":{"type":"Point","coordinates":[-16.76351,15.00508]}},{"type":"Feature","properties":{"slug":"commune-cherif-lo-tivaouane","name":"Chérif Lo","level":"commune","parent":"departement-tivaouane"},"geometry":{"type":"Point","coordinates":[-16.83855,14.89831]}},{"type":"Feature","properties":{"slug":"commune-niaguis-ziguinchor","name":"Niaguis","level":"commune","parent":"departement-ziguinchor"},"geometry":{"type":"Point","coordinates":[-16.193,12.55693]}},{"type":"Feature","properties":{"slug":"commune-adeane-ziguinchor","name":"Adéane","level":"commune","parent":"departement-ziguinchor"},"geometry":{"type":"Point","coordinates":[-16.01693,12.58666]}},{"type":"Feature","properties":{"slug":"commune-ziguinchor-ziguinchor","name":"Ziguinchor","level":"commune","parent":"departement-ziguinchor"},"geometry":{"type":"Point","coordinates":[-16.27107,12.56587]}},{"type":"Feature","properties":{"slug":"commune-boutoupa-camaracounda-ziguinchor","name":"Boutoupa Camaracounda","level":"commune","parent":"departement-ziguinchor"},"geometry":{"type":"Point","coordinates":[-16.0883,12.50981]}},{"type":"Feature","properties":{"slug":"commune-niassia-ziguinchor","name":"Niassia","level":"commune","parent":"departement-ziguinchor"},"geometry":{"type":"Point","coordinates":[-16.38396,12.43236]}},{"type":"Feature","properties":{"slug":"commune-enampore-ziguinchor","name":"Enampore","level":"commune","parent":"departement-ziguinchor"},"geometry":{"type":"Point","coordinates":[-16.43237,12.53843]}},{"type":"Feature","properties":{"slug":"commune-diembering-oussouye","name":"Diembéring","level":"commune","parent":"departement-oussouye"},"geometry":{"type":"Point","coordinates":[-16.71837,12.44547]}},{"type":"Feature","properties":{"slug":"commune-oussouye-oussouye","name":"Oussouye","level":"commune","parent":"departement-oussouye"},"geometry":{"type":"Point","coordinates":[-16.5428,12.48783]}},{"type":"Feature","properties":{"slug":"commune-santhiaba-manjack-oussouye","name":"Santhiaba Manjack","level":"commune","parent":"departement-oussouye"},"geometry":{"type":"Point","coordinates":[-16.50972,12.38796]}},{"type":"Feature","properties":{"slug":"commune-oukout-oussouye","name":"Oukout","level":"commune","parent":"departement-oussouye"},"geometry":{"type":"Point","coordinates":[-16.58821,12.42719]}},{"type":"Feature","properties":{"slug":"commune-mlomp-oussouye","name":"Mlomp","level":"commune","parent":"departement-oussouye"},"geometry":{"type":"Point","coordinates":[-16.60606,12.54511]}},{"type":"Feature","properties":{"slug":"commune-kataba-1-bignona","name":"Kataba 1","level":"commune","parent":"departement-bignona"},"geometry":{"type":"Point","coordinates":[-16.5172,13.09185]}},{"type":"Feature","properties":{"slug":"commune-djinaky-bignona","name":"Djinaky","level":"commune","parent":"departement-bignona"},"geometry":{"type":"Point","coordinates":[-16.43045,12.96876]}},{"type":"Feature","properties":{"slug":"commune-kafountine-bignona","name":"Kafountine","level":"commune","parent":"departement-bignona"},"geometry":{"type":"Point","coordinates":[-16.68169,12.8067]}},{"type":"Feature","properties":{"slug":"commune-diouloulou-bignona","name":"Diouloulou","level":"commune","parent":"departement-bignona"},"geometry":{"type":"Point","coordinates":[-16.60006,13.0498]}},{"type":"Feature","properties":{"slug":"commune-bignona-bignona","name":"Bignona","level":"commune","parent":"departement-bignona"},"geometry":{"type":"Point","coordinates":[-16.22952,12.7982]}},{"type":"Feature","properties":{"slug":"commune-thionck-essyl-bignona","name":"Thionck-Essyl","level":"commune","parent":"departement-bignona"},"geometry":{"type":"Point","coordinates":[-16.50657,12.78083]}},{"type":"Feature","properties":{"slug":"commune-tenghori-bignona","name":"Tenghori","level":"commune","parent":"departement-bignona"},"geometry":{"type":"Point","coordinates":[-16.18011,12.84832]}},{"type":"Feature","properties":{"slug":"commune-niamone-bignona","name":"Niamone","level":"commune","parent":"departement-bignona"},"geometry":{"type":"Point","coordinates":[-16.27501,12.68608]}},{"type":"Feature","properties":{"slug":"commune-ouonck-bignona","name":"Ouonck","level":"commune","parent":"departement-bignona"},"geometry":{"type":"Point","coordinates":[-16.06821,12.79316]}},{"type":"Feature","properties":{"slug":"commune-coubalan-bignona","name":"Coubalan","level":"commune","parent":"departement-bignona"},"geometry":{"type":"Point","coordinates":[-16.17162,12.65085]}},{"type":"Feature","properties":{"slug":"commune-balinghore-bignona","name":"Balinghore","level":"commune","parent":"departement-bignona"},"geometry":{"type":"Point","coordinates":[-16.39382,12.76143]}},{"type":"Feature","properties":{"slug":"commune-diegoune-bignona","name":"Diégoune","level":"commune","parent":"departement-bignona"},"geometry":{"type":"Point","coordinates":[-16.35761,12.83665]}},{"type":"Feature","properties":{"slug":"commune-kartiack-bignona","name":"Kartiack","level":"commune","parent":"departement-bignona"},"geometry":{"type":"Point","coordinates":[-16.45733,12.85609]}},{"type":"Feature","properties":{"slug":"commune-mangagoulack-bignona","name":"Mangagoulack","level":"commune","parent":"departement-bignona"},"geometry":{"type":"Point","coordinates":[-16.44647,12.66385]}},{"type":"Feature","properties":{"slug":"commune-mlomp-bignona","name":"Mlomp","level":"commune","parent":"departement-bignona"},"geometry":{"type":"Point","coordinates":[-16.54247,12.7298]}},{"type":"Feature","properties":{"slug":"commune-djibidione-bignona","name":"Djibidione","level":"commune","parent":"departement-bignona"},"geometry":{"type":"Point","coordinates":[-16.21904,13.1019]}},{"type":"Feature","properties":{"slug":"commune-oulampane-bignona","name":"Oulampane","level":"commune","parent":"departement-bignona"},"geometry":{"type":"Point","coordinates":[-16.01539,13.06275]}},{"type":"Feature","properties":{"slug":"commune-sindian-bignona","name":"Sindian","level":"commune","parent":"departement-bignona"},"geometry":{"type":"Point","coordinates":[-16.15502,12.95018]}},{"type":"Feature","properties":{"slug":"commune-suelle-bignona","name":"Suelle","level":"commune","parent":"departement-bignona"},"geometry":{"type":"Point","coordinates":[-16.29645,12.97533]}},{"type":"Feature","properties":{"slug":"commune-ndangalma-bambey","name":"Ndangalma","level":"commune","parent":"departement-bambey"},"geometry":{"type":"Point","coordinates":[-16.53634,14.69485]}},{"type":"Feature","properties":{"slug":"commune-touba-lappe-diourbel","name":"Touba Lappé","level":"commune","parent":"departement-diourbel"},"geometry":{"type":"Point","coordinates":[-16.33522,14.97891]}},{"type":"Feature","properties":{"slug":"commune-dionewar-foundiougne","name":"Dionewar","level":"commune","parent":"departement-foundiougne"},"geometry":{"type":"Point","coordinates":[-16.70677,13.93433]}},{"type":"Feature","properties":{"slug":"commune-boghal-bounkiling","name":"Boghal","level":"commune","parent":"departement-bounkiling"},"geometry":{"type":"Point","coordinates":[-15.61501,13.21559]}},{"type":"Feature","properties":{"slug":"commune-pambal-tivaouane","name":"Pambal","level":"commune","parent":"departement-tivaouane"},"geometry":{"type":"Point","coordinates":[-16.90353,14.95854]}},{"type":"Feature","properties":{"slug":"commune-sibassor-kaolack","name":"Sibassor","level":"commune","parent":"departement-kaolack"},"geometry":{"type":"Point","coordinates":[-16.1605227,14.1850603]}},{"type":"Feature","properties":{"slug":"commune-ndombo-sandjiry-dagana","name":"Ndombo Sandjiry","level":"commune","parent":"departement-dagana"},"geometry":{"type":"Point","coordinates":[-15.6965269,16.4348014]}},{"type":"Feature","properties":{"slug":"commune-guede-chantier-podor","name":"Guédé Chantier","level":"commune","parent":"departement-podor"},"geometry":{"type":"Point","coordinates":[-14.7546147,16.5463162]}},{"type":"Feature","properties":{"slug":"commune-samine-goudomp","name":"Samine","level":"commune","parent":"departement-goudomp"},"geometry":{"type":"Point","coordinates":[-15.6298704,12.4969017]}}]}